group,id_spec,WARP1,WARP2,gender,school,class,raven,cen1_1,cen1_2,cen1_3,cen1_4,cen2_1,cen2_2,cen2_3,cen2_4,c1,c2,c3,threes_twos,threes_ones,twos_ones,ra,esito,treatment,ok_control,ind1_2w,ind2_2w,ind3_2w,corr1_2w,corr2_2w,corr3_2w,ra_2w,ok_control_2w,group*,id*,Yellow Pencil,Red Pencil,Orange Pencil,Blue Pencil,Vote Yellow Pencil,Vote Red Pencil,Vote Orange Pencil,Vote Blue Pencil,Yellow Pen,Red Pen,Blue Pen,Green Pen,Vote Yellow Pen,Vote Red Pen,Vote Blue Pen,Vote Green Pen,min_slider_pencils,max_slider_pencils,cv_slider_pencils,range_slider_pencils,min_slider_pens,max_slider_pens,cv_slider_pens,range_slider_pens,age_child,age_mother,age_father,school_mother,school_father,x0012,x0013,x0014,x0023,x0024,x0034,x0123,x0124,x0134,x0234,x1234,x0056,x0057,x0058,x0067,x0068,x0078,x0567,x0568,x0578,x0678,x5678,swaps_pens,houtman_pens,IND_ac_SARP_pens,IND_tr_SARP_pens,IND_io_SARP_pens,IND_se_SARP_pens,IND_ac_WARP_pens,IND_tr_WARP_pens,IND_io_WARP_pens,IND_se_WARP_pens,swaps_pencils,houtman_pencils,IND_ac_SARP_pencils,IND_tr_SARP_pencils,IND_io_SARP_pencils,IND_se_SARP_pencils,IND_ac_WARP_pencils,IND_tr_WARP_pencils,IND_io_WARP_pencils,IND_se_WARP_pencils,WARP1,est_rho_unique_pencils,est_rho_3X3_pencils_bin,est_rho_3X3_pencils_ter,est_rho_3X3_pencils_quat,att_pencils,H_nosalience1_pencils,H_salience1_pencils,H_nosalience4_pencils,H_salience4_pencils,H_saliencerand1_pencils,H_saliencerand4_pencils,H_saliencerand5_pencils,alpha23_pencils,alpha24_pencils,alpha34_pencils,gamma23_pencils,gamma24_pencils,gamma34_pencils,binarycycle_pencils,best_bin_pencils,ternarycycle_pencils,WARP2,est_rho_unique_pens,est_rho_3X3_pens_bin,est_rho_3X3_pens_ter,est_rho_3X3_pens_quat,att_pens,H_nosalience1_pens,H_salience1_pens,H_nosalience4_pens,H_salience4_pens,H_saliencerand1_pens,H_saliencerand4_pens,H_saliencerand5_pens,alpha23_pens,alpha24_pens,alpha34_pens,gamma23_pens,gamma24_pens,gamma34_pens,binarycycle_pens,best_bin_pens,ternarycycle_pens,SD_pencils,RA_pencils,SD_pens,RA_pens,UI_or,UI_top_or
1,1,0,8,0,1,1,2,0.071606739,0.002706842,0.010026511,0.915659907,0.30891034,0.00030872,0.30891034,0.381870601,NaN,NaN,NaN,NaN,NaN,NaN,NaN,NaN,NaN,NaN,NaN,NaN,NaN,NaN,NaN,NaN,NaN,NaN,1,1,1,2,3,4,3,2,1,5,5,6,7,8,5,4,4,2,1,5,1.060606061,4,2,5,0.422222222,3,2602,12105,13760,Scuola secondaria di 1Âº grado (Licenza media),Scuola secondaria di 1Âº grado (Licenza media),1,1,4,3,4,4,1,4,4,4,4,5,5,8,7,8,8,7,8,7,8,5,4,3,0.050472327,0.050472,0.050472,0.050472,0.061277,0.06127748,0.06127748,0.06127748,0,0,0.000306,0.000351,0.000308,0.000275,0.000352,0.000455,0.00041,0.000367,0,0.898888497,0.799350397,0.797684547,0.797696998,0.460720507,0.009961383,6.25E-06,0.988480558,0.994103904,3.35E-11,0.994769874,0.00515859,0,0,0,0,0,0,1,1,1,8,0.277986095,0.613057022,0.475442143,0.475234622,0.242680387,0.009961122,6.28E-06,0.988539714,0.994099714,3.35E-11,0.994760075,0.005162581,3,1,3,2,1,2,1,1,0,2,1,8,3,0,1
1,2,10,7,0,1,1,6,0.212126737,0.237850759,0.12126723,0.428755274,0.35952895,0.084767379,0.322449006,0.233254664,NaN,NaN,NaN,NaN,NaN,NaN,NaN,NaN,NaN,NaN,NaN,NaN,NaN,NaN,NaN,NaN,NaN,NaN,1,2,1,2,3,4,5,4,5,5,5,6,7,8,5,5,5,5,4,5,0.052631579,1,5,5,0,0,2452,9635,NaN,"Scuola secondaria di 2Âº grado (diploma di istruzione liceale, diploma di istruzione tecnica, diploma di istruzione professionale)",Nessun titolo di studio,1,3,4,3,4,4,2,4,1,2,4,5,5,8,6,8,7,5,8,5,7,7,4,4,0.021014721,0.06231,0.110585,0.110585,0.022436,0.067072428,0.119836818,0.119836818,5,3,0.264142,0.264142,0.264142,0.264142,0.269542,0.269542,0.269542,0.269542,10,0.234051486,0.6272845,0.469937973,0.472139452,0.261323784,0.98424522,0.010500498,0.015611002,0.494416354,1.06E-06,0.050579732,0.949415576,6,0,2,3,0,1,1,1,0,7,0.251364175,0.498409432,0.470013697,0.492567048,0.213477642,0.984244564,0.01054021,0.015614582,0.494383334,1.06E-06,0.050525027,0.949469988,2,2,2,0,0,1,0,0,0,7,1,6,0,0,0
1,3,1,5,1,1,1,3,0.723287369,0.132330037,0.086983114,0.05739948,0.192457305,0.298922358,0.451855707,0.05676463,NaN,NaN,NaN,NaN,NaN,NaN,NaN,NaN,NaN,NaN,NaN,NaN,NaN,NaN,NaN,NaN,NaN,NaN,1,3,1,2,3,4,5,5,4,5,5,6,7,8,5,5,5,5,4,5,0.052631579,1,5,5,0,0,2338,11627,14715,Laurea specialistica,"Scuola secondaria di 2Âº grado (diploma di istruzione liceale, diploma di istruzione tecnica, diploma di istruzione professionale)",1,1,1,3,2,4,1,1,1,2,1,5,7,8,6,6,7,7,5,7,6,7,3,3,0.002506334,0.021473,0.022494,0.022494,0.002578,0.023612653,0.025096525,0.025096525,1,1,0.000694,0.00159,0.001395,0.001327,0.000752,0.001853,0.001654,0.001555,1,0.89152405,0.79503517,0.794282403,0.794204307,0.51662068,1,0.999936437,9.06E-13,1.32E-08,0.798606965,2.71E-12,0.201393035,1,0,0,0,0,0,0,0,1,5,0.524528714,0.711235715,0.701262852,0.693606495,0.341628653,1,0.99993697,9.08E-13,1.31E-08,0.79865666,2.38E-12,0.20134334,2,1,1,0,0,0,0,0,0,3,0,6,0,0,0
1,4,7,6,0,1,1,1,0.304114215,0.052577503,0.166493524,0.476814758,0.090147831,0.51850319,0.271363848,0.119985131,NaN,NaN,NaN,NaN,NaN,NaN,NaN,NaN,NaN,NaN,NaN,NaN,NaN,NaN,NaN,NaN,NaN,NaN,1,4,1,2,3,4,4,5,5,5,5,6,7,8,5,5,5,5,4,5,0.052631579,1,5,5,0,0,2345,17298,14475,Scuola secondaria di 1Âº grado (Licenza media),"Scuola secondaria di 2Âº grado (diploma di istruzione liceale, diploma di istruzione tecnica, diploma di istruzione professionale)",1,1,4,2,4,4,1,1,4,3,4,6,5,8,6,6,8,7,6,7,6,6,3,2,0.019315757,0.020129,0.020129,0.051007,0.020958,0.022410321,0.022410321,0.055774414,3,2,0.01947,0.01947,0.019672,0.019672,0.021729,0.021729,0.022187,0.022187,7,0.637573884,0.76372958,0.58694369,0.587271773,0.451747452,0.997238455,0.032259188,0.00270043,0.242344711,6.38E-06,0.010305191,0.989687691,3,0,2,2,0,1,1,1,0,6,0.470983095,0.690793038,0.653350531,0.657944313,0.333539347,0.997236029,0.032401605,0.002703967,0.241837593,6.38E-06,0.010266527,0.989726291,4,0,1,2,0,1,1,1,0,8,2,7,0,0,0
1,5,0,0,0,1,1,5,0.002706842,0.010026511,0.071606739,0.915659907,0.002706842,0.915659907,0.010026511,0.071606739,NaN,NaN,NaN,NaN,NaN,NaN,NaN,NaN,NaN,NaN,NaN,NaN,NaN,NaN,NaN,NaN,NaN,NaN,1,5,1,2,3,4,1,1,1,5,5,6,7,8,1,5,1,1,1,5,2,4,1,5,2,4,2375,13547,15016,"Scuola secondaria di 2Âº grado (diploma di istruzione liceale, diploma di istruzione tecnica, diploma di istruzione professionale)","Scuola secondaria di 2Âº grado (diploma di istruzione liceale, diploma di istruzione tecnica, diploma di istruzione professionale)",2,3,4,3,4,4,3,4,4,4,4,6,7,8,6,6,8,6,6,8,6,6,0,0,0.000306152,0.000351,0.000308,0.000275,0.000352,0.000455359,0.000410313,0.000367235,0,0,0.000306,0.000351,0.000308,0.000275,0.000352,0.000455,0.00041,0.000367,0,0.899657266,0.799910991,0.799788756,0.799791181,0.489622761,0.000805806,1.21E-07,0.997627817,0.998416509,5.35E-14,0.999484418,0.000443708,0,0,0,0,0,0,1,1,1,0,0.895277011,0.795761303,0.788849523,0.78903088,0.474704247,0.000805842,1.22E-07,0.997687119,0.998414528,5.35E-14,0.999478799,0.00044349,0,0,0,0,0,0,1,1,1,3,0,3,0,0,1
1,6,11,12,0,1,1,1,0.276109433,0.21519147,0.146818487,0.36188061,0.190626878,0.273831096,0.24584997,0.289692057,NaN,NaN,NaN,NaN,NaN,NaN,NaN,NaN,NaN,NaN,NaN,NaN,NaN,NaN,NaN,NaN,NaN,NaN,1,6,1,2,3,4,5,5,5,5,5,6,7,8,5,5,5,5,5,5,0,0,5,5,0,0,2292,14896,16700,Scuola secondaria di 1Âº grado (Licenza media),Scuola secondaria di 1Âº grado (Licenza media),2,1,1,2,4,4,2,1,4,3,4,5,5,5,6,8,8,6,6,7,7,8,7,5,1,1,1,1,1,1,1,1,5,3,0.064213,0.064213,0.207538,0.207538,0.066126,0.066126,0.213353,0.213353,11,0.218579287,0.450905342,0.363016968,0.36538173,0.279218652,0.999956405,0.741818042,4.29E-05,0.085819499,0.000411718,0.000222644,0.999365622,4,1,2,2,0,0,0,1,0,12,0.214087826,0.468319848,0.206959552,0.270925415,0.200441044,0.999956347,0.743044191,4.29E-05,0.085251999,0.000412039,0.000217455,0.999370489,7,1,3,4,1,2,1,1,0,6,0,7,0,0,0
1,7,10,5,1,1,1,1,0.266871776,0.178723931,0.196537527,0.357866765,0.192220082,0.468064005,0.207272751,0.132443163,NaN,NaN,NaN,NaN,NaN,NaN,NaN,NaN,NaN,NaN,NaN,NaN,NaN,NaN,NaN,NaN,NaN,NaN,1,7,1,2,3,4,4,5,1,4,5,6,7,8,4,5,5,4,1,5,0.857142857,4,4,5,0.074074074,1,2339,10048,10585,"Scuola secondaria di 2Âº grado (diploma di istruzione liceale, diploma di istruzione tecnica, diploma di istruzione professionale)","Scuola secondaria di 2Âº grado (diploma di istruzione liceale, diploma di istruzione tecnica, diploma di istruzione professionale)",2,3,4,3,4,3,2,1,1,4,4,6,5,5,6,8,7,6,6,5,7,6,2,2,0.002515115,0.022301,0.022941,0.056604,0.002496,0.024443254,0.025315072,0.061466641,6,4,0.264142,0.264142,0.264142,0.264142,0.269542,0.269542,0.269542,0.269542,10,0.214958751,0.422977339,0.362672859,0.366015955,0.242842093,0.999744181,0.079985624,0.00025188,0.280115451,2.97E-06,0.001406074,0.998590851,6,1,2,4,1,1,1,1,0,5,0.790801036,0.76423438,0.762539539,0.763479497,0.349066928,0.999743705,0.080371271,0.000252427,0.279836623,2.98E-06,0.001343695,0.998653223,2,1,1,0,0,0,0,0,0,5,1,4,1,0,0
1,8,9,11,0,1,1,4,0.111911268,0.231670475,0.424747783,0.231670475,0.280318252,0.234384275,0.289320264,0.195977209,NaN,NaN,NaN,NaN,NaN,NaN,NaN,NaN,NaN,NaN,NaN,NaN,NaN,NaN,NaN,NaN,NaN,NaN,1,8,1,2,3,4,3,5,3,4,5,6,7,8,3,5,4,3,3,5,0.244444444,2,3,5,0.244444444,2,2457,15012,15836,Scuola secondaria di 1Âº grado (Licenza media),Scuola secondaria di 1Âº grado (Licenza media),2,1,4,2,4,3,3,2,4,3,3,6,7,5,7,6,7,5,5,7,6,8,6,4,1,1,1,1,1,1,1,1,4,4,0.104602,0.104602,0.104602,0.104602,0.114425,0.114425,0.114425,0.114425,9,0.301219099,0.588178378,0.518404669,0.518152764,0.238000475,0.999993315,0.398807414,5.10E-06,0.041161078,1.28E-05,2.70E-05,0.999960135,5,2,1,2,0,0,0,0,0,11,0.230240397,0.617475883,0.238689793,0.237440065,0.204974191,0.99999334,0.399968076,5.10E-06,0.040770917,1.28E-05,2.94E-05,0.999957661,4,3,3,3,1,1,1,1,0,6,2,5,2,0,0
2,2,11,6,0,1,1,3,0.362732184,0.235719518,0.196935806,0.204612492,0.00035071,0.412340614,0.442367743,0.144940934,NaN,NaN,NaN,NaN,NaN,NaN,NaN,NaN,NaN,NaN,NaN,NaN,NaN,NaN,NaN,NaN,NaN,NaN,2,2,1,2,3,4,3,3,4,5,5,6,7,8,3,4,5,4,3,5,0.244444444,2,3,5,0.166666667,2,NaN,NaN,NaN,,,1,3,1,3,4,3,2,4,1,2,1,6,7,8,6,8,7,7,6,7,6,7,3,3,0.009315631,0.010101,0.009699,0.011409,0.011178,0.012376918,0.012055149,0.014129339,6,4,0.264142,0.264142,0.264142,0.264142,0.269542,0.269542,0.269542,0.269542,11,0.233885089,0.319611038,0.2953632,0.293298613,0.207517225,0.99999999,0.988912498,6.41E-09,0.000138304,0.001841969,6.55E-08,0.998157965,6,1,2,4,1,1,1,1,0,6,0.648375854,0.75860398,0.751005965,0.757507153,0.457920169,0.99999999,0.98899505,6.43E-09,0.000137454,0.001843308,6.25E-08,0.998156629,3,1,1,2,0,1,0,1,0,8,2,2,0,0,0
2,3,5,11,1,1,1,2,0.117121175,0.087313387,0.254758589,0.540806849,0.264310234,0.223412942,0.150806817,0.361470007,NaN,NaN,NaN,NaN,NaN,NaN,NaN,NaN,NaN,NaN,NaN,NaN,NaN,NaN,NaN,NaN,NaN,NaN,2,3,1,2,3,4,5,5,3,3,5,6,7,8,5,4,4,4,3,5,0.333333333,2,4,5,0.058823529,1,2318,11240,11150,Scuola secondaria di 1Âº grado (Licenza media),"Scuola secondaria di 2Âº grado (diploma di istruzione liceale, diploma di istruzione tecnica, diploma di istruzione professionale)",1,1,4,2,4,3,3,4,4,4,4,5,7,5,6,6,7,6,8,5,8,8,6,5,0.264142056,0.264142,0.264142,0.264142,0.269542,0.269541779,0.269541779,0.269541779,3,2,0.019316,0.020129,0.020129,0.051007,0.020958,0.02241,0.02241,0.055774,5,0.762659971,0.789760808,0.771502973,0.771711569,0.375406019,0.237906631,8.11E-05,0.76089868,0.998335685,2.86E-09,0.89735842,0.102577047,4,1,0,1,0,0,0,0,1,11,0.21021002,0.295658717,0.229188856,0.355636372,0.203885657,0.237790498,8.16E-05,0.761059896,0.998333222,2.77E-09,0.900757646,0.099172316,6,3,1,3,0,0,0,1,0,8,2,6,0,0,0
2,4,8,7,1,1,1,5,0.364920803,0.300640056,0.071649736,0.262789405,0.26786979,0.167972544,0.484245751,0.079911914,NaN,NaN,NaN,NaN,NaN,NaN,NaN,NaN,NaN,NaN,NaN,NaN,NaN,NaN,NaN,NaN,NaN,NaN,2,4,1,2,3,4,4,3,5,3,5,6,7,8,4,5,4,3,3,5,0.244444444,2,3,5,0.166666667,2,NaN,NaN,NaN,,,1,1,1,2,4,3,1,4,1,2,2,5,5,8,6,6,7,7,5,7,7,7,3,3,0.021014721,0.06231,0.110585,0.110585,0.022436,0.067072428,0.119836818,0.119836818,4,3,0.017557,0.110585,0.110585,0.110585,0.018293,0.119837,0.119837,0.119837,8,0.356657034,0.675442706,0.642319867,0.639506166,0.295829243,0.999999998,0.999767126,9.07E-10,1.22E-06,0.203370461,6.68E-09,0.796629533,2,2,2,1,1,1,0,0,0,7,0.544310973,0.722713537,0.716824459,0.709353045,0.354787436,0.999999998,0.999768802,9.08E-10,1.21E-06,0.203444463,6.92E-09,0.79655553,5,2,0,2,0,0,0,0,1,5,2,5,2,0,0
2,5,9,9,1,1,1,4,0.27737235,0.167825992,0.182910674,0.371890984,0.424747783,0.111911268,0.254987566,0.208353383,NaN,NaN,NaN,NaN,NaN,NaN,NaN,NaN,NaN,NaN,NaN,NaN,NaN,NaN,NaN,NaN,NaN,NaN,2,5,1,2,3,4,5,5,1,1,5,6,7,8,5,5,5,5,1,5,1.777777778,4,5,5,0,0,NaN,NaN,NaN,,,1,1,1,3,4,4,1,2,4,3,4,6,5,8,7,8,8,7,5,5,7,5,4,4,0.104602065,0.104602,0.104602,0.104602,0.114425,0.114424833,0.114424833,0.114424833,4,3,0.052765,0.207538,0.207538,0.207538,0.052802,0.213353,0.213353,0.213353,9,0.283083826,0.632188133,0.485480092,0.487007667,0.22579485,0.999945985,0.314342366,5.29E-05,0.148110007,1.73E-05,0.000236034,0.999746688,4,1,2,3,1,0,1,1,0,9,0.267634335,0.539376045,0.498103752,0.49163567,0.212598916,0.999945989,0.315924922,5.30E-05,0.147079335,1.73E-05,0.000250439,0.999732265,5,2,1,3,1,1,0,0,0,8,3,7,0,0,0
2,6,10,4,1,1,1,3,0.397388698,0.082524447,0.209719786,0.310367068,0.295471193,0.124188385,0.000418715,0.579921707,NaN,NaN,NaN,NaN,NaN,NaN,NaN,NaN,NaN,NaN,NaN,NaN,NaN,NaN,NaN,NaN,NaN,NaN,2,6,1,2,3,4,4,5,2,5,5,6,7,8,5,4,5,5,2,5,0.5,3,4,5,0.052631579,1,2505,14453,15048,Laurea triennale,Laurea specialistica,1,3,4,3,2,3,1,4,1,4,1,6,5,8,6,8,8,5,8,5,8,8,2,2,0.009315631,0.010101,0.009699,0.011409,0.011178,0.012376918,0.012055149,0.014129339,5,4,0.104602,0.104602,0.104602,0.104602,0.114425,0.114425,0.114425,0.114425,10,0.228380125,0.429784382,0.385086153,0.385185289,0.206477768,0.999999481,0.914672925,4.95E-07,0.01123214,4.63E-05,3.70E-06,0.999950027,6,2,1,3,1,1,0,0,0,4,0.837016224,0.771244706,0.760471687,0.770429725,0.483417885,0.99999948,0.915214579,4.96E-07,0.011172388,4.63E-05,3.60E-06,0.999950084,2,0,1,2,0,1,1,1,0,7,2,6,1,0,0
2,7,9,11,0,1,1,2,0.119563665,0.460252735,0.221329139,0.198854461,0.23629678,0.281411933,0.237636682,0.244654605,NaN,NaN,NaN,NaN,NaN,NaN,NaN,NaN,NaN,NaN,NaN,NaN,NaN,NaN,NaN,NaN,NaN,NaN,2,7,1,2,3,4,5,3,4,5,5,6,7,8,5,5,4,4,3,5,0.215686275,2,4,5,0.074074074,1,2404,11713,14099,"Scuola secondaria di 2Âº grado (diploma di istruzione liceale, diploma di istruzione tecnica, diploma di istruzione professionale)",Nessun titolo di studio,2,3,4,3,2,3,2,4,1,2,2,6,5,5,6,8,8,5,8,7,7,6,7,5,1,1,1,1,1,1,1,1,4,3,0.064213,0.064213,0.207538,0.207538,0.066126,0.066126,0.213353,0.213353,9,0.279716351,0.598531654,0.445875526,0.441064623,0.317973654,0.99999999,0.995053498,6.40E-09,3.85E-05,0.007538068,5.07E-08,0.992461881,5,1,1,4,1,0,1,1,0,11,0.213043557,0.332970869,0.21484296,0.241962088,0.200366823,0.99999999,0.995083566,6.41E-09,3.83E-05,0.007543251,5.45E-08,0.992456694,6,1,3,3,0,1,0,1,0,11,5,5,0,0,0
2,12,10,10,1,1,1,3,0.230257292,0.106982885,0.255898908,0.406860915,0.123191483,0.246172834,0.19227244,0.438363243,NaN,NaN,NaN,NaN,NaN,NaN,NaN,NaN,NaN,NaN,NaN,NaN,NaN,NaN,NaN,NaN,NaN,NaN,2,12,1,2,3,4,5,4,3,3,5,6,7,8,5,4,3,2,3,5,0.244444444,2,2,5,0.476190476,3,3147,13468,14279,Scuola secondaria di 1Âº grado (Licenza media),Scuola secondaria di 1Âº grado (Licenza media),1,3,1,3,2,4,1,4,3,4,4,6,7,8,6,8,8,5,6,7,8,8,4,3,0.064212664,0.064213,0.207538,0.207538,0.066126,0.066125904,0.213352685,0.213352685,4,4,0.104602,0.104602,0.104602,0.104602,0.114425,0.114425,0.114425,0.114425,10,0.395398653,0.714832125,0.703747137,0.704382694,0.229554137,0.999847174,0.149256048,0.000152539,0.790097784,1.86E-06,0.000614519,0.999383579,5,2,1,2,0,0,0,0,0,10,0.233477243,0.53595615,0.3010046,0.385834041,0.267243532,0.999847142,0.150482903,0.000152582,0.788840023,1.86E-06,0.000595438,0.999402656,4,0,2,3,0,0,1,1,0,9,4,10,5,0,0
3,1,11,10,1,1,1,3,0.248218665,0.284751635,0.27881321,0.18821649,0.201734062,0.166903324,0.210991869,0.420370745,NaN,NaN,NaN,NaN,NaN,NaN,NaN,NaN,NaN,NaN,NaN,NaN,NaN,NaN,NaN,NaN,NaN,NaN,3,1,1,2,3,4,4,5,3,1,5,6,7,8,5,5,1,4,1,5,0.897435897,4,1,5,0.955555556,4,2422,14309,18979,Scuola secondaria di 1Âº grado (Licenza media),Scuola secondaria di 1Âº grado (Licenza media),2,3,4,2,2,3,1,4,1,2,3,5,7,8,6,8,8,6,5,8,7,8,5,3,0.064212664,0.064213,0.207538,0.207538,0.066126,0.066125904,0.213352685,0.213352685,6,4,0.264142,0.264142,0.264142,0.264142,0.269542,0.269542,0.269542,0.269542,11,0.241616127,0.56729776,0.227428502,0.222119664,0.222536641,0.99999999,0.997911048,7.65E-09,9.32E-05,0.004717063,5.75E-08,0.995282879,5,1,3,3,1,1,1,1,0,10,0.216967445,0.399664689,0.285499356,0.411103748,0.22660223,0.99999999,0.997924173,7.65E-09,9.25E-05,0.004720371,5.90E-08,0.995279569,4,0,2,2,0,0,0,0,0,4,2,8,2,0,1
3,2,9,11,0,1,1,4,0.133518503,0.35221422,0.375727777,0.1385395,0.305050484,0.334065619,0.16035642,0.200527478,NaN,NaN,NaN,NaN,NaN,NaN,NaN,NaN,NaN,NaN,NaN,NaN,NaN,NaN,NaN,NaN,NaN,NaN,3,2,1,2,3,4,5,4,2,5,5,6,7,8,1,3,5,4,2,5,0.5,3,1,5,0.897435897,4,2252,11877,11918,Scuola secondaria di 1Âº grado (Licenza media),Scuola secondaria di 1Âº grado (Licenza media),2,3,4,3,2,4,2,1,3,2,3,6,5,8,6,8,8,7,6,5,6,5,5,4,0.264142056,0.264142,0.264142,0.264142,0.269542,0.269541779,0.269541779,0.269541779,5,4,0.064213,0.064213,0.207538,0.207538,0.066126,0.066126,0.213353,0.213353,9,0.260488836,0.414974029,0.320496836,0.319116859,0.227098603,0.999999791,0.725713084,1.04E-08,0.00050761,0.000509847,6.86E-08,0.999490084,5,1,2,3,0,1,0,1,0,11,0.223254224,0.448158532,0.388010846,0.388919623,0.205628161,0.999999794,0.726749934,1.04E-08,0.000503764,0.000510272,6.29E-08,0.999489664,5,2,2,4,1,1,1,1,0,11,4,10,5,0,0
3,4,9,11,0,1,1,7,0.276627877,0.102777717,0.229052511,0.391541896,0.333311114,0.133393769,0.333311114,0.199984003,NaN,NaN,NaN,NaN,NaN,NaN,NaN,NaN,NaN,NaN,NaN,NaN,NaN,NaN,NaN,NaN,NaN,NaN,3,4,1,2,3,4,5,5,3,5,5,6,7,8,5,5,4,2,3,5,0.222222222,2,2,5,0.5,3,2436,12228,12855,"Scuola secondaria di 2Âº grado (diploma di istruzione liceale, diploma di istruzione tecnica, diploma di istruzione professionale)","Scuola secondaria di 2Âº grado (diploma di istruzione liceale, diploma di istruzione tecnica, diploma di istruzione professionale)",1,3,4,3,2,4,1,4,1,3,4,6,5,8,7,6,7,7,5,7,8,5,6,4,0.264142056,0.264142,0.264142,0.264142,0.269542,0.269541779,0.269541779,0.269541779,4,4,0.104602,0.104602,0.104602,0.104602,0.114425,0.114425,0.114425,0.114425,9,0.315182865,0.664034314,0.61152392,0.612754002,0.219541408,0.999844246,0.164855792,0.000154722,0.408972267,1.86E-06,0.000672319,0.999325776,5,1,2,2,0,1,0,0,0,11,0.234851853,0.369415639,0.276685525,0.273854705,0.205046453,0.999844227,0.165751952,0.000154764,0.408205008,1.86E-06,0.000713799,0.999284287,6,2,2,2,0,1,0,0,0,5,1,5,1,0,0
3,5,10,12,0,1,1,4,0.075076672,0.295344681,0.344450935,0.285127711,0.291868154,0.285879056,0.192582404,0.229670386,NaN,NaN,NaN,NaN,NaN,NaN,NaN,NaN,NaN,NaN,NaN,NaN,NaN,NaN,NaN,NaN,NaN,NaN,3,5,1,2,3,4,1,2,5,4,5,6,7,8,3,5,4,2,1,5,1.111111111,4,2,5,0.476190476,3,2356,13355,13726,Scuola secondaria di 1Âº grado (Licenza media),Scuola secondaria di 1Âº grado (Licenza media),2,3,1,2,4,3,3,4,4,3,2,6,7,5,6,8,8,5,5,8,7,6,7,5,1,1,1,1,1,1,1,1,5,4,0.104602,0.104602,0.104602,0.104602,0.114425,0.114425,0.114425,0.114425,10,0.232396162,0.481024193,0.349697711,0.350176771,0.224943976,0.999993487,0.760292658,6.22E-06,0.069724745,1.28E-05,3.78E-05,0.999949099,5,1,3,2,0,2,0,0,0,12,0.213828239,0.333238237,0.224399045,0.25006705,0.200878477,0.999993491,0.761675926,6.23E-06,0.069143287,1.28E-05,4.17E-05,0.999945138,6,1,3,2,0,1,0,0,0,0,0,6,2,1,1
3,6,7,11,1,1,1,1,0.000332956,0.249850212,0.25001659,0.499800242,0.132385124,0.275371967,0.329734332,0.262508576,NaN,NaN,NaN,NaN,NaN,NaN,NaN,NaN,NaN,NaN,NaN,NaN,NaN,NaN,NaN,NaN,NaN,NaN,3,6,1,2,3,4,5,4,3,1,5,6,7,8,5,5,4,4,1,5,0.897435897,4,4,5,0.074074074,1,NaN,NaN,NaN,,,2,3,4,2,2,4,3,4,3,4,4,5,7,5,7,6,8,6,6,7,7,8,6,4,0.264142056,0.264142,0.264142,0.264142,0.269542,0.269541779,0.269541779,0.269541779,3,3,0.050472,0.050472,0.050472,0.050472,0.061277,0.061277,0.061277,0.061277,7,0.767995927,0.790375078,0.783495202,0.783627634,0.41243198,0.955181692,0.002285369,0.04474035,0.978072453,1.69E-07,0.117114863,0.882876545,4,1,1,4,1,1,1,1,0,11,0.233452765,0.374958401,0.286693367,0.343836995,0.206179522,0.955187365,0.002302352,0.044737477,0.978000876,1.70E-07,0.115800003,0.884190824,5,2,3,2,0,2,0,0,0,11,5,7,2,0,0
3,7,10,10,1,1,1,4,0.243491976,0.23548493,0.240943463,0.280079631,0.343545817,0.090043083,0.359012779,0.207398321,NaN,NaN,NaN,NaN,NaN,NaN,NaN,NaN,NaN,NaN,NaN,NaN,NaN,NaN,NaN,NaN,NaN,NaN,3,7,1,2,3,4,5,5,1,1,5,6,7,8,5,5,4,1,1,5,1.777777778,4,1,5,0.955555556,4,2304,13583,13482,"Scuola secondaria di 2Âº grado (diploma di istruzione liceale, diploma di istruzione tecnica, diploma di istruzione professionale)",Scuola secondaria di 1Âº grado (Licenza media),2,1,1,3,2,3,2,4,1,3,4,6,7,8,7,8,8,5,5,5,7,7,5,4,0.104602065,0.104602,0.104602,0.104602,0.114425,0.114424833,0.114424833,0.114424833,7,4,0.052765,0.207538,0.207538,0.207538,0.052802,0.213353,0.213353,0.213353,10,0.232121499,0.477257363,0.263095847,0.231940997,0.299069488,0.999999985,0.999448081,1.53E-08,0.000324807,0.002948639,1.31E-07,0.99705123,3,3,2,1,0,0,0,1,0,10,0.245249202,0.481255516,0.343958844,0.369185625,0.205172333,0.999999985,0.999453276,1.53E-08,0.000321514,0.002950745,1.42E-07,0.997049113,7,1,2,4,1,3,1,1,1,8,0,6,2,0,0
3,8,7,9,1,1,1,4,0.303661795,0.000322657,0.451852279,0.244163269,0.38400487,0.177839617,0.245896753,0.192258759,NaN,NaN,NaN,NaN,NaN,NaN,NaN,NaN,NaN,NaN,NaN,NaN,NaN,NaN,NaN,NaN,NaN,NaN,3,8,1,2,3,4,4,4,4,4,5,6,7,8,4,4,4,4,4,4,0,0,4,4,0,0,2402,9452,10554,Scuola secondaria di 1Âº grado (Licenza media),Scuola secondaria di 1Âº grado (Licenza media),1,3,1,3,4,3,3,4,3,4,1,5,5,5,6,8,7,5,8,5,6,7,5,3,0.064212664,0.064213,0.207538,0.207538,0.066126,0.066125904,0.213352685,0.213352685,3,3,0.050472,0.050472,0.050472,0.050472,0.061277,0.061277,0.061277,0.061277,7,0.412276655,0.677919611,0.663674008,0.663703467,0.313335223,0.999992671,0.231365022,7.03E-06,0.297420422,3.34E-07,4.65E-05,0.999952929,2,1,3,2,1,2,1,1,0,9,0.225042159,0.505774733,0.39296114,0.404667053,0.220299662,0.999992665,0.232811136,7.04E-06,0.296589736,3.35E-07,4.31E-05,0.999956267,2,2,3,1,1,1,0,0,0,6,0,8,0,0,0
3,9,6,11,1,1,1,5,0.227515547,0.383049939,0.326803386,0.062631129,0.244283244,0.244283244,0.230274309,0.281159204,NaN,NaN,NaN,NaN,NaN,NaN,NaN,NaN,NaN,NaN,NaN,NaN,NaN,NaN,NaN,NaN,NaN,NaN,3,9,1,2,3,4,5,5,4,3,5,6,7,8,5,5,3,4,3,5,0.215686275,2,3,5,0.215686275,2,2356,14201,15045,"Scuola secondaria di 2Âº grado (diploma di istruzione liceale, diploma di istruzione tecnica, diploma di istruzione professionale)","Scuola secondaria di 2Âº grado (diploma di istruzione liceale, diploma di istruzione tecnica, diploma di istruzione professionale)",1,3,4,2,2,3,3,1,3,2,2,6,7,5,7,6,8,7,8,8,6,5,7,4,0.264142056,0.264142,0.264142,0.264142,0.269542,0.269541779,0.269541779,0.269541779,4,3,0.01947,0.01947,0.019672,0.019672,0.021729,0.021729,0.022187,0.022187,6,0.299594861,0.5358538,0.437241013,0.437098398,0.26863408,0.999999998,0.995982667,3.79E-11,2.16E-06,0.012538907,3.93E-10,0.987461092,2,1,2,0,0,1,0,0,0,11,0.219688579,0.432957029,0.213126256,0.214596844,0.200973792,0.999999999,0.996008607,3.79E-11,2.14E-06,0.012547263,3.92E-10,0.987452736,4,2,3,1,0,1,0,0,0,4,1,8,2,0,0
4,1,0,0,0,1,3,6,0.002706842,0.010026511,0.071606739,0.915659907,0.010026511,0.071606739,0.915659907,0.002706842,NaN,NaN,NaN,NaN,NaN,NaN,NaN,NaN,NaN,NaN,NaN,NaN,NaN,NaN,NaN,NaN,NaN,NaN,4,1,1,2,3,4,1,2,4,5,5,6,7,8,2,4,5,3,1,5,1.111111111,4,2,5,0.476190476,3,3370,14403,14107,Scuola primaria (Licenza elementare),Scuola secondaria di 1Âº grado (Licenza media),2,3,4,3,4,4,3,4,4,4,4,6,7,5,7,6,7,7,6,7,7,7,0,0,0.000306152,0.000351,0.000308,0.000275,0.000352,0.000455359,0.000410313,0.000367235,0,0,0.000306,0.000351,0.000308,0.000275,0.000352,0.000455,0.00041,0.000367,0,0.899657266,0.799910991,0.799788756,0.799791181,0.489622761,0.000805806,1.21E-07,0.997627817,0.998416509,5.35E-14,0.999484418,0.000443708,0,0,0,0,0,0,1,1,1,0,0.898483665,0.79944866,0.795283695,0.794938399,0.500186889,0.000805842,1.22E-07,0.997687119,0.998414528,5.35E-14,0.999478799,0.00044349,0,0,0,0,0,0,1,1,1,0,0,2,1,1,1
4,2,3,0,0,1,3,6,0.36556655,0.000903195,0.000574023,0.632956231,0.915659907,0.071606739,0.002706842,0.010026511,NaN,NaN,NaN,NaN,NaN,NaN,NaN,NaN,NaN,NaN,NaN,NaN,NaN,NaN,NaN,NaN,NaN,NaN,4,2,1,2,3,4,5,4,3,5,5,6,7,8,5,5,3,4,3,5,0.215686275,2,3,5,0.215686275,2,NaN,NaN,NaN,,,1,1,4,2,4,4,1,4,1,4,4,5,5,5,6,6,8,5,5,5,6,5,0,0,0.000306152,0.000351,0.000308,0.000275,0.000352,0.000455359,0.000410313,0.000367235,1,1,0.002905,0.003386,0.003071,0.003098,0.003666,0.004387,0.00408,0.004118,3,0.888830643,0.794645692,0.766364906,0.766430936,0.490958801,0.725373991,0.006135102,0.274126728,0.91729116,1.18E-06,0.510641877,0.489320225,1,0,1,1,0,1,1,1,0,0,0.899376629,0.799427965,0.797364969,0.797356977,0.504583747,0.725285454,0.006159191,0.274232598,0.917255763,1.19E-06,0.50532773,0.494631789,0,0,0,0,0,0,1,1,1,1,0,1,0,0,0
4,3,0,0,0,1,3,5,0.002706842,0.071606739,0.010026511,0.915659907,0.915659907,0.010026511,0.002706842,0.071606739,NaN,NaN,NaN,NaN,NaN,NaN,NaN,NaN,NaN,NaN,NaN,NaN,NaN,NaN,NaN,NaN,NaN,NaN,4,3,1,2,3,4,2,4,1,5,5,6,7,8,5,3,2,4,1,5,1.111111111,4,2,5,0.476190476,3,3201,15141,15781,"Scuola secondaria di 2Âº grado (diploma di istruzione liceale, diploma di istruzione tecnica, diploma di istruzione professionale)","Scuola secondaria di 2Âº grado (diploma di istruzione liceale, diploma di istruzione tecnica, diploma di istruzione professionale)",2,3,4,2,4,4,2,4,4,4,4,5,5,5,6,8,8,5,5,5,8,5,0,0,0.000306152,0.000351,0.000308,0.000275,0.000352,0.000455359,0.000410313,0.000367235,0,0,0.000306,0.000351,0.000308,0.000275,0.000352,0.000455,0.00041,0.000367,0,0.899193323,0.799722883,0.799169438,0.799178538,0.487675641,0.003100637,5.13E-06,0.995334411,0.996018099,4.45E-11,0.998263016,0.001665198,0,0,0,0,0,0,1,1,1,0,0.898227759,0.798248968,0.787500987,0.782274542,0.494216878,0.003100356,5.15E-06,0.995393929,0.996014586,4.46E-11,0.998255347,0.001667037,0,0,0,0,0,0,1,1,1,2,1,0,0,1,1
4,4,0,0,1,1,3,6,0.915659907,0.071606739,0.010026511,0.002706842,0.915659907,0.010026511,0.002706842,0.071606739,NaN,NaN,NaN,NaN,NaN,NaN,NaN,NaN,NaN,NaN,NaN,NaN,NaN,NaN,NaN,NaN,NaN,NaN,4,4,1,2,3,4,5,3,2,1,5,6,7,8,5,1,1,3,1,5,1.060606061,4,1,5,1.466666667,4,3179,12976,15448,"Scuola secondaria di 2Âº grado (diploma di istruzione liceale, diploma di istruzione tecnica, diploma di istruzione professionale)","Scuola secondaria di 2Âº grado (diploma di istruzione liceale, diploma di istruzione tecnica, diploma di istruzione professionale)",1,1,1,2,2,3,1,1,1,2,1,5,5,5,6,8,8,5,5,5,8,5,0,0,0.000306152,0.000351,0.000308,0.000275,0.000352,0.000455359,0.000410313,0.000367235,0,0,0.000306,0.000351,0.000308,0.000275,0.000352,0.000455,0.00041,0.000367,0,0.899555009,0.799529066,0.799230456,0.799061092,0.549426574,1,0.999999424,8.38E-15,1.20E-10,0.993718325,1.14E-15,0.006281675,0,0,0,0,0,0,1,1,1,0,0.898227759,0.798248968,0.787500987,0.782274542,0.494216878,1,0.999999429,8.41E-15,1.19E-10,0.993719185,1.03E-15,0.006280815,0,0,0,0,0,0,1,1,1,0,0,1,0,1,1
4,5,3,3,1,1,3,7,0.232710978,0.579872752,0.000400471,0.187015799,0.365661362,0.000573961,0.632861616,0.000903062,NaN,NaN,NaN,NaN,NaN,NaN,NaN,NaN,NaN,NaN,NaN,NaN,NaN,NaN,NaN,NaN,NaN,NaN,4,5,1,2,3,4,1,4,1,4,5,6,7,8,4,2,5,3,1,4,1.2,3,2,5,0.476190476,3,3254,16591,16547,Laurea triennale,"Scuola secondaria di 2Âº grado (diploma di istruzione liceale, diploma di istruzione tecnica, diploma di istruzione professionale)",2,1,4,2,2,4,1,2,4,2,2,5,7,5,7,8,7,7,5,5,7,7,1,1,0.002904536,0.003386,0.003071,0.003098,0.003666,0.004387326,0.004079551,0.00411772,1,1,0.001107,0.007361,0.006785,0.007864,0.001221,0.009058,0.008537,0.00985,3,0.883983221,0.792750515,0.7905017,0.790332014,0.485567687,0.999999922,0.99486642,2.08E-08,7.75E-06,0.281699519,8.25E-08,0.718300398,1,0,1,1,0,0,1,1,0,3,0.876867703,0.79463392,0.792716679,0.785840929,0.497762082,0.999999923,0.994889545,2.07E-08,7.68E-06,0.281790796,8.84E-08,0.718209115,1,0,1,1,0,1,1,1,0,2,0,0,0,1,1
4,6,5,10,1,1,3,8,0.351663114,0.400960356,0.000307631,0.247068898,0.234129795,0.376478743,0.234129795,0.155261666,NaN,NaN,NaN,NaN,NaN,NaN,NaN,NaN,NaN,NaN,NaN,NaN,NaN,NaN,NaN,NaN,NaN,NaN,4,6,1,2,3,4,4,5,1,4,5,6,7,8,4,5,4,3,1,5,0.857142857,4,3,5,0.166666667,2,3071,18015,19100,Scuola secondaria di 1Âº grado (Licenza media),Scuola secondaria di 1Âº grado (Licenza media),2,1,1,2,4,4,2,1,1,4,2,5,7,5,6,6,7,6,8,5,7,6,5,4,0.264142056,0.264142,0.264142,0.264142,0.269542,0.269541779,0.269541779,0.269541779,3,3,0.009316,0.010101,0.009699,0.011409,0.011178,0.012377,0.012055,0.014129,5,0.509629301,0.703202341,0.685537509,0.683979499,0.341564712,0.999999841,0.990354954,7.82E-08,3.31E-05,0.132471235,5.03E-07,0.867528258,1,1,2,0,0,1,0,1,0,10,0.229278771,0.429040951,0.371524516,0.385514432,0.207923055,0.999999843,0.990409391,7.84E-08,3.28E-05,0.1325258,4.60E-07,0.867473735,5,1,2,3,0,0,0,1,0,1,0,2,0,1,1
4,7,0,0,0,1,3,4,0.002706842,0.010026511,0.071606739,0.915659907,0.915659907,0.002706842,0.010026511,0.071606739,NaN,NaN,NaN,NaN,NaN,NaN,NaN,NaN,NaN,NaN,NaN,NaN,NaN,NaN,NaN,NaN,NaN,NaN,4,7,1,2,3,4,1,2,4,5,5,6,7,8,5,5,5,5,1,5,1.111111111,4,5,5,0,0,3223,16122,18477,Scuola secondaria di 1Âº grado (Licenza media),Scuola secondaria di 1Âº grado (Licenza media),2,3,4,3,4,4,3,4,4,4,4,5,5,5,7,8,8,5,5,5,8,5,0,0,0.000306152,0.000351,0.000308,0.000275,0.000352,0.000455359,0.000410313,0.000367235,0,0,0.000306,0.000351,0.000308,0.000275,0.000352,0.000455,0.00041,0.000367,0,0.899657266,0.799910991,0.799788756,0.799791181,0.489622761,0.000805806,1.21E-07,0.997627817,0.998416509,5.35E-14,0.999484418,0.000443708,0,0,0,0,0,0,1,1,1,0,0.897109017,0.797357319,0.793687839,0.753426384,0.492622927,0.000805842,1.22E-07,0.997687119,0.998414528,5.35E-14,0.999478799,0.00044349,0,0,0,0,0,0,1,1,1,0,0,6,0,1,1
4,8,0,0,1,1,3,4,0.071606739,0.915659907,0.010026511,0.002706842,0.915659907,0.010026511,0.002706842,0.071606739,NaN,NaN,NaN,NaN,NaN,NaN,NaN,NaN,NaN,NaN,NaN,NaN,NaN,NaN,NaN,NaN,NaN,NaN,4,8,1,2,3,4,5,5,3,2,5,6,7,8,5,2,3,4,2,5,0.6,3,2,5,0.476190476,3,2974,11092,15591,Scuola secondaria di 1Âº grado (Licenza media),Scuola secondaria di 1Âº grado (Licenza media),2,1,1,2,2,3,2,2,1,2,2,5,5,5,6,8,8,5,5,5,8,5,0,0,0.000306152,0.000351,0.000308,0.000275,0.000352,0.000455359,0.000410313,0.000367235,0,0,0.000306,0.000351,0.000308,0.000275,0.000352,0.000455,0.00041,0.000367,0,0.89920837,0.799527005,0.797852205,0.779980765,0.5011577,1,0.99999966,3.51E-14,5.39E-11,0.999042559,5.05E-16,0.000957441,0,0,0,0,0,0,1,1,1,0,0.898227759,0.798248968,0.787500987,0.782274542,0.494216878,1,0.999999663,3.51E-14,5.32E-11,0.999042646,5.41E-16,0.000957354,0,0,0,0,0,0,1,1,1,1,0,2,1,0,1
4,9,0,2,0,1,3,0,0.002706842,0.071606739,0.010026511,0.915659907,0.068357878,0.110330007,0.710982107,0.110330007,NaN,NaN,NaN,NaN,NaN,NaN,NaN,NaN,NaN,NaN,NaN,NaN,NaN,NaN,NaN,NaN,NaN,NaN,4,9,1,2,3,4,5,5,1,5,5,6,7,8,5,4,5,1,1,5,1,4,1,5,0.955555556,4,3148,11595,10977,Scuola secondaria di 1Âº grado (Licenza media),Scuola secondaria di 1Âº grado (Licenza media),2,3,4,2,4,4,2,4,4,4,4,6,7,5,7,6,7,7,8,7,7,7,2,1,0.002016214,0.002034,0.00187,0.001831,0.002227,0.002320115,0.002151938,0.002087662,0,0,0.000306,0.000351,0.000308,0.000275,0.000352,0.000455,0.00041,0.000367,0,0.899193323,0.799722883,0.799169438,0.799178538,0.487675641,0.003100637,5.13E-06,0.995334411,0.996018099,4.45E-11,0.998263016,0.001665198,0,0,0,0,0,0,1,1,1,2,0.870623002,0.79583074,0.769152963,0.769287175,0.452715286,0.003100356,5.15E-06,0.995393929,0.996014586,4.46E-11,0.998255347,0.001667037,2,0,0,1,0,0,1,1,1,5,1,5,1,0,0
4,10,9,9,1,1,3,1,0.239047238,0.45285854,0.069046985,0.239047238,0.45285854,0.239047238,0.239047238,0.069046985,NaN,NaN,NaN,NaN,NaN,NaN,NaN,NaN,NaN,NaN,NaN,NaN,NaN,NaN,NaN,NaN,NaN,NaN,4,10,1,2,3,4,5,5,5,5,5,6,7,8,5,5,3,5,5,5,0,0,3,5,0.222222222,2,3257,15585,20070,Scuola secondaria di 1Âº grado (Licenza media),Scuola secondaria di 1Âº grado (Licenza media),2,1,1,2,2,3,1,2,4,4,2,5,5,5,7,8,7,5,6,7,6,5,4,3,0.104602065,0.104602,0.104602,0.104602,0.114425,0.114424833,0.114424833,0.114424833,4,3,0.104602,0.104602,0.104602,0.104602,0.114425,0.114425,0.114425,0.114425,9,0.330683232,0.70257216,0.460172794,0.457827545,0.405123037,0.999999999,0.999950798,6.33E-10,1.30E-06,0.396008406,3.23E-09,0.60399159,5,0,2,3,0,1,1,1,0,9,0.321442036,0.642981511,0.611006372,0.610206442,0.274765732,0.999999999,0.999951196,6.33E-10,1.28E-06,0.396112003,3.47E-09,0.603887994,5,0,2,3,0,1,1,1,0,7,0,6,1,0,0
4,11,3,1,0,1,3,6,0.18331026,0.068038164,0.193946141,0.554705435,0.723287369,0.132330037,0.05739948,0.086983114,NaN,NaN,NaN,NaN,NaN,NaN,NaN,NaN,NaN,NaN,NaN,NaN,NaN,NaN,NaN,NaN,NaN,NaN,4,11,1,2,3,4,3,2,3,5,5,6,7,8,5,4,3,2,2,5,0.487179487,3,2,5,0.476190476,3,3050,10896,13212,"Scuola secondaria di 2Âº grado (diploma di istruzione liceale, diploma di istruzione tecnica, diploma di istruzione professionale)",Scuola secondaria di 1Âº grado (Licenza media),1,1,4,2,4,3,1,4,4,4,4,5,5,5,6,8,7,5,5,5,6,5,1,1,0.000693828,0.00159,0.001395,0.001327,0.000752,0.001852859,0.001653838,0.001554939,1,1,0.000779,0.013674,0.013119,0.023055,0.000797,0.015524,0.015114,0.026118,3,0.889852545,0.796291915,0.788935956,0.789004199,0.46588017,0.520873357,0.000689603,0.478372624,0.993424579,7.21E-08,0.721364619,0.278583434,2,1,0,0,0,0,0,0,1,1,0.894548069,0.797609222,0.796020934,0.795986021,0.4642535,0.520696055,0.000693323,0.478578161,0.993416721,7.03E-08,0.728802137,0.271141126,1,0,0,0,0,0,0,0,1,3,1,0,0,1,1
4,12,9,10,1,1,3,0,0.232388912,0.173469473,0.234866306,0.359275309,0.35822255,0.283444124,0.283421008,0.074912318,NaN,NaN,NaN,NaN,NaN,NaN,NaN,NaN,NaN,NaN,NaN,NaN,NaN,NaN,NaN,NaN,NaN,NaN,4,12,1,2,3,4,4,2,4,5,5,6,7,8,5,4,3,4,2,5,0.422222222,3,3,5,0.166666667,2,3245,11112,9756,Scuola secondaria di 1Âº grado (Licenza media),Scuola secondaria di 1Âº grado (Licenza media),1,1,4,2,4,3,2,1,3,4,4,5,7,5,6,8,7,7,6,5,6,5,5,4,0.104602065,0.104602,0.104602,0.104602,0.114425,0.114424833,0.114424833,0.114424833,5,4,0.052765,0.207538,0.207538,0.207538,0.052802,0.213353,0.213353,0.213353,9,0.216876452,0.525101381,0.310761159,0.312969758,0.24145441,0.999912882,0.343934698,8.55E-05,0.21160694,2.77E-05,0.000426785,0.999545528,4,1,2,2,0,0,0,0,0,10,0.236236572,0.457373986,0.42167971,0.420039421,0.207243338,0.999912745,0.345227204,8.57E-05,0.210797223,2.77E-05,0.000402837,0.999569449,5,1,2,2,0,1,0,0,0,3,1,3,1,0,1
4,13,0,3,0,1,3,6,0.002706842,0.010026511,0.071606739,0.915659907,0.000903062,0.000573961,0.365661362,0.632861616,NaN,NaN,NaN,NaN,NaN,NaN,NaN,NaN,NaN,NaN,NaN,NaN,NaN,NaN,NaN,NaN,NaN,NaN,4,13,1,2,3,4,2,1,3,5,5,6,7,8,3,2,4,5,1,5,1.060606061,4,2,5,0.476190476,3,NaN,NaN,NaN,,,2,3,4,3,4,4,3,4,4,4,4,5,7,8,7,8,8,7,8,7,8,8,1,1,0.002904536,0.003386,0.003071,0.003098,0.003666,0.004387326,0.004079551,0.00411772,0,0,0.000306,0.000351,0.000308,0.000275,0.000352,0.000455,0.00041,0.000367,0,0.899657266,0.799910991,0.799788756,0.799791181,0.489622761,0.000805806,1.21E-07,0.997627817,0.998416509,5.35E-14,0.999484418,0.000443708,0,0,0,0,0,0,1,1,1,3,0.892124552,0.792997394,0.790442924,0.793541372,0.493819377,0.000805842,1.22E-07,0.997687119,0.998414528,5.35E-14,0.999478799,0.00044349,1,0,1,1,0,1,1,1,0,2,1,0,0,1,1
5,1,0,0,0,1,1,7,0.071606739,0.002706842,0.010026511,0.915659907,0.915659907,0.002706842,0.071606739,0.010026511,NaN,NaN,NaN,NaN,NaN,NaN,NaN,NaN,NaN,NaN,NaN,NaN,NaN,NaN,NaN,NaN,NaN,NaN,5,1,1,2,3,4,5,4,4,5,5,6,7,8,5,4,4,5,4,5,0.074074074,1,4,5,0.074074074,1,2464,9272,11455,"Scuola secondaria di 2Âº grado (diploma di istruzione liceale, diploma di istruzione tecnica, diploma di istruzione professionale)",Scuola secondaria di 1Âº grado (Licenza media),1,1,4,3,4,4,1,4,4,4,4,5,5,5,7,8,7,5,5,5,7,5,0,0,0.000306152,0.000351,0.000308,0.000275,0.000352,0.000455359,0.000410313,0.000367235,0,0,0.000306,0.000351,0.000308,0.000275,0.000352,0.000455,0.00041,0.000367,0,0.898888497,0.799350397,0.797684547,0.797696998,0.460720507,0.009961383,6.25E-06,0.988480558,0.994103904,3.35E-11,0.994769874,0.00515859,0,0,0,0,0,0,1,1,1,0,0.897810787,0.798122539,0.7975203,0.79678175,0.495201965,0.009961122,6.28E-06,0.988539714,0.994099714,3.35E-11,0.994760075,0.005162581,0,0,0,0,0,0,1,1,1,2,0,4,1,0,0
5,2,4,0,0,1,1,3,0.000497891,0.000745539,0.499564322,0.499192247,0.071606739,0.915659907,0.010026511,0.002706842,NaN,NaN,NaN,NaN,NaN,NaN,NaN,NaN,NaN,NaN,NaN,NaN,NaN,NaN,NaN,NaN,NaN,NaN,5,2,1,2,3,4,2,2,5,3,5,6,7,8,3,4,1,2,2,5,0.666666667,3,1,4,0.666666667,3,2444,14593,15028,"Scuola secondaria di 2Âº grado (diploma di istruzione liceale, diploma di istruzione tecnica, diploma di istruzione professionale)",Scuola secondaria di 1Âº grado (Licenza media),2,3,4,3,4,4,3,4,4,3,3,6,5,5,6,6,7,6,6,5,6,6,0,0,0.000306152,0.000351,0.000308,0.000275,0.000352,0.000455359,0.000410313,0.000367235,2,2,0.002905,0.003386,0.003071,0.003098,0.003666,0.004387,0.00408,0.004118,4,0.886195066,0.79835464,0.79664672,0.796646999,0.498208216,0.722380378,4.77E-05,0.271534486,0.784036712,4.25E-10,0.50636742,0.49136973,1,1,1,1,1,1,1,1,0,0,0.898268869,0.798118492,0.797944825,0.797978569,0.485760921,0.722508772,4.81E-05,0.271611023,0.783300284,4.19E-10,0.514154248,0.483284316,0,0,0,0,0,0,1,1,1,2,0,2,1,0,1
5,3,9,7,1,1,1,4,0.164487053,0.451359374,0.215211657,0.168941916,0.174650373,0.473322977,0.121514539,0.230512111,NaN,NaN,NaN,NaN,NaN,NaN,NaN,NaN,NaN,NaN,NaN,NaN,NaN,NaN,NaN,NaN,NaN,NaN,5,3,1,2,3,4,3,1,4,5,5,6,7,8,3,4,2,4,1,5,0.897435897,4,2,4,0.282051282,2,NaN,NaN,NaN,,,2,1,4,2,4,3,3,2,1,2,2,6,7,5,6,6,7,6,6,5,6,8,4,2,0.048476706,0.048477,0.048477,0.048477,0.050972,0.050971557,0.050971557,0.050971557,4,3,0.064213,0.064213,0.207538,0.207538,0.066126,0.066126,0.213353,0.213353,9,0.380061376,0.68982698,0.658766484,0.6460282,0.321414701,0.999999933,0.992064057,2.28E-09,3.23E-06,0.065916699,1.76E-08,0.934083283,5,1,1,2,0,0,0,0,0,7,0.337969487,0.64170479,0.590816424,0.607485677,0.331600492,0.999999934,0.992098611,2.28E-09,3.20E-06,0.065951363,1.89E-08,0.934048618,1,3,3,1,1,3,1,1,1,12,6,5,1,0,0
5,4,0,0,1,1,1,5,0.071606739,0.915659907,0.010026511,0.002706842,0.915659907,0.071606739,0.010026511,0.002706842,NaN,NaN,NaN,NaN,NaN,NaN,NaN,NaN,NaN,NaN,NaN,NaN,NaN,NaN,NaN,NaN,NaN,NaN,5,4,1,2,3,4,4,5,1,1,5,6,7,8,5,2,1,1,1,5,1.545454545,4,1,5,1.592592593,4,2668,11984,12608,Scuola secondaria di 1Âº grado (Licenza media),Scuola secondaria di 1Âº grado (Licenza media),2,1,1,2,2,3,2,2,1,2,2,5,5,5,6,6,7,5,5,5,6,5,0,0,0.000306152,0.000351,0.000308,0.000275,0.000352,0.000455359,0.000410313,0.000367235,0,0,0.000306,0.000351,0.000308,0.000275,0.000352,0.000455,0.00041,0.000367,0,0.89920837,0.799527005,0.797852205,0.779980765,0.5011577,1,0.99999966,3.51E-14,5.39E-11,0.999042559,5.05E-16,0.000957441,0,0,0,0,0,0,1,1,1,0,0.899296996,0.799380705,0.798929519,0.798925727,0.497488442,1,0.999999663,3.51E-14,5.32E-11,0.999042646,5.41E-16,0.000957354,0,0,0,0,0,0,1,1,1,1,0,1,0,0,1
5,5,0,0,0,1,1,3,0.002706842,0.071606739,0.010026511,0.915659907,0.002706842,0.071606739,0.915659907,0.010026511,NaN,NaN,NaN,NaN,NaN,NaN,NaN,NaN,NaN,NaN,NaN,NaN,NaN,NaN,NaN,NaN,NaN,NaN,5,5,1,2,3,4,4,4,4,4,5,6,7,8,5,5,5,5,4,4,0,0,5,5,0,0,2961,17099,18559,Scuola secondaria di 1Âº grado (Licenza media),Scuola secondaria di 1Âº grado (Licenza media),2,3,4,2,4,4,2,4,4,4,4,6,7,8,7,6,7,7,6,7,7,7,0,0,0.000306152,0.000351,0.000308,0.000275,0.000352,0.000455359,0.000410313,0.000367235,0,0,0.000306,0.000351,0.000308,0.000275,0.000352,0.000455,0.00041,0.000367,0,0.899193323,0.799722883,0.799169438,0.799178538,0.487675641,0.003100637,5.13E-06,0.995334411,0.996018099,4.45E-11,0.998263016,0.001665198,0,0,0,0,0,0,1,1,1,0,0.899032073,0.799495974,0.798733223,0.79879813,0.487653354,0.003100356,5.15E-06,0.995393929,0.996014586,4.46E-11,0.998255347,0.001667037,0,0,0,0,0,0,1,1,1,6,0,6,0,0,0
5,6,10,9,0,1,1,0,0.298398469,0.234260106,0.192572578,0.274768848,0.19688301,0.297080613,0.193999886,0.312036492,NaN,NaN,NaN,NaN,NaN,NaN,NaN,NaN,NaN,NaN,NaN,NaN,NaN,NaN,NaN,NaN,NaN,NaN,5,6,1,2,3,4,4,4,4,4,5,6,7,8,4,4,4,4,4,4,0,0,4,4,0,0,NaN,NaN,NaN,Scuola secondaria di 1Âº grado (Licenza media),Scuola secondaria di 1Âº grado (Licenza media),2,3,1,2,4,4,2,1,1,3,4,6,5,8,7,6,8,7,5,8,8,6,6,4,0.264142056,0.264142,0.264142,0.264142,0.269542,0.269541779,0.269541779,0.269541779,6,4,0.264142,0.264142,0.264142,0.264142,0.269542,0.269542,0.269542,0.269542,10,0.220738093,0.306781923,0.241243429,0.237075332,0.240691336,0.999998832,0.867221614,9.13E-07,0.004496062,0.001102574,6.45E-06,0.99889098,4,1,3,1,0,1,0,0,0,9,0.215892617,0.320730869,0.24876128,0.281693598,0.201876362,0.999998835,0.867909876,9.15E-07,0.0044632,0.001103396,6.18E-06,0.998890425,4,1,3,1,0,1,0,0,0,6,0,9,0,0,0
6,1,0,9,0,1,1,5,0.002706842,0.071606739,0.010026511,0.915659907,0.219639203,0.285573745,0.414231477,0.080555575,NaN,NaN,NaN,NaN,NaN,NaN,NaN,NaN,NaN,NaN,NaN,NaN,NaN,NaN,NaN,NaN,NaN,NaN,6,1,1,2,3,4,1,1,1,1,5,6,7,8,5,4,1,4,1,1,0,0,1,5,0.857142857,4,2365,10143,11762,"Scuola secondaria di 2Âº grado (diploma di istruzione liceale, diploma di istruzione tecnica, diploma di istruzione professionale)",Scuola secondaria di 1Âº grado (Licenza media),2,3,4,2,4,4,2,4,4,4,4,6,7,5,7,8,7,5,6,7,6,7,4,3,0.104602065,0.104602,0.104602,0.104602,0.114425,0.114424833,0.114424833,0.114424833,0,0,0.000306,0.000351,0.000308,0.000275,0.000352,0.000455,0.00041,0.000367,0,0.899193323,0.799722883,0.799169438,0.799178538,0.487675641,0.003100637,5.13E-06,0.995334411,0.996018099,4.45E-11,0.998263016,0.001665198,0,0,0,0,0,0,1,1,1,9,0.328148077,0.660340708,0.534876869,0.550381979,0.273723642,0.003100356,5.15E-06,0.995393929,0.996014586,4.46E-11,0.998255347,0.001667037,5,0,2,2,0,1,0,0,0,6,0,9,4,0,0
6,2,11,7,0,1,1,2,0.133393769,0.333311114,0.199984003,0.333311114,0.200028232,0.133383519,0.333274523,0.333313726,NaN,NaN,NaN,NaN,NaN,NaN,NaN,NaN,NaN,NaN,NaN,NaN,NaN,NaN,NaN,NaN,NaN,NaN,6,2,1,2,3,4,5,5,5,5,5,6,7,8,5,5,5,5,5,5,0,0,5,5,0,0,2374,11046,NaN,Scuola secondaria di 1Âº grado (Licenza media),"Scuola secondaria di 2Âº grado (diploma di istruzione liceale, diploma di istruzione tecnica, diploma di istruzione professionale)",1,1,4,2,4,3,3,2,4,4,2,6,5,8,6,8,7,5,8,7,7,8,5,4,0.048476706,0.048477,0.048477,0.048477,0.050972,0.050971557,0.050971557,0.050971557,6,4,0.264142,0.264142,0.264142,0.264142,0.269542,0.269542,0.269542,0.269542,11,0.217849072,0.490120787,0.297448561,0.298236647,0.21362943,0.999937734,0.429254183,5.80E-05,0.0535728,4.43E-05,0.000266545,0.999686874,6,2,2,2,0,1,0,0,0,7,0.22583397,0.393333931,0.368396069,0.47284967,0.207092031,0.999937829,0.430471023,5.80E-05,0.053166054,4.44E-05,0.000286416,0.999666645,3,1,2,1,0,1,0,0,0,8,0,7,0,0,0
6,3,2,6,0,1,1,2,0.110330007,0.110330007,0.068357878,0.710982107,0.125492233,0.299594592,0.529090228,0.045822947,NaN,NaN,NaN,NaN,NaN,NaN,NaN,NaN,NaN,NaN,NaN,NaN,NaN,NaN,NaN,NaN,NaN,NaN,6,3,1,2,3,4,1,1,5,5,5,6,7,8,1,5,5,5,1,5,1.777777778,4,1,5,1,4,2434,11133,13073,"Scuola secondaria di 2Âº grado (diploma di istruzione liceale, diploma di istruzione tecnica, diploma di istruzione professionale)",Scuola secondaria di 1Âº grado (Licenza media),2,3,4,2,4,4,1,4,4,4,4,6,7,8,7,6,7,6,5,7,7,7,3,2,0.019469538,0.01947,0.019672,0.019672,0.021729,0.021728649,0.022186591,0.022186591,2,1,0.002016,0.002034,0.00187,0.001831,0.002227,0.00232,0.002152,0.002088,2,0.873002181,0.796988343,0.792457284,0.792534795,0.395014441,0.005421801,6.91E-06,0.993012995,0.994103247,4.76E-11,0.997074854,0.002853445,2,0,0,1,0,0,1,1,1,6,0.684841965,0.772375947,0.740300397,0.744269652,0.445176105,0.005421303,6.94E-06,0.993072659,0.994099058,4.76E-11,0.997067894,0.002854581,3,0,1,2,0,0,1,1,0,6,1,4,0,0,0
6,4,1,0,0,1,1,5,0.101531796,0.000977198,0.101048593,0.796442413,0.002706842,0.071606739,0.915659907,0.010026511,NaN,NaN,NaN,NaN,NaN,NaN,NaN,NaN,NaN,NaN,NaN,NaN,NaN,NaN,NaN,NaN,NaN,NaN,6,4,1,2,3,4,5,2,4,5,5,6,7,8,1,4,5,4,2,5,0.5,3,1,5,0.857142857,4,2557,14838,16351,"Scuola secondaria di 2Âº grado (diploma di istruzione liceale, diploma di istruzione tecnica, diploma di istruzione professionale)","Scuola secondaria di 2Âº grado (diploma di istruzione liceale, diploma di istruzione tecnica, diploma di istruzione professionale)",1,3,4,3,4,4,1,4,4,4,4,6,7,8,7,6,7,7,6,7,7,7,0,0,0.000306152,0.000351,0.000308,0.000275,0.000352,0.000455359,0.000410313,0.000367235,1,1,0.000958,0.000969,0.00086,0.00081,0.001126,0.001204,0.001093,0.001026,1,0.897039883,0.799331246,0.797461723,0.797474034,0.404245324,0.003479667,8.78E-07,0.994952073,0.994109248,1.29E-12,0.998082971,0.001845256,1,0,0,1,0,0,1,1,1,0,0.899032073,0.799495974,0.798733223,0.79879813,0.487653354,0.003479614,8.82E-07,0.995011407,0.994105081,1.29E-12,0.998077503,0.001844894,0,0,0,0,0,0,1,1,1,2,0,1,0,0,1
6,5,9,10,0,1,1,0,0.206519995,0.308207405,0.342339946,0.142932654,0.203427012,0.231265573,0.275708455,0.28959896,NaN,NaN,NaN,NaN,NaN,NaN,NaN,NaN,NaN,NaN,NaN,NaN,NaN,NaN,NaN,NaN,NaN,NaN,6,5,1,2,3,4,5,5,5,5,5,6,7,8,4,4,4,4,5,5,0,0,4,4,0,0,2596,9862,13031,Scuola secondaria di 1Âº grado (Licenza media),Scuola secondaria di 1Âº grado (Licenza media),2,3,1,3,2,3,1,2,4,2,3,6,7,5,6,8,8,7,6,5,7,8,6,5,0.264142056,0.264142,0.264142,0.264142,0.269542,0.269541779,0.269541779,0.269541779,5,3,0.264142,0.264142,0.264142,0.264142,0.269542,0.269542,0.269542,0.269542,9,0.260270887,0.467222678,0.280351388,0.273428935,0.233586844,1,0.999502635,6.16E-11,6.58E-06,0.012538907,5.83E-10,0.987461092,5,0,3,3,0,1,1,1,0,10,0.22595475,0.336432089,0.228694574,0.324906392,0.201936752,1,0.999506826,6.16E-11,6.49E-06,0.012547263,6.09E-10,0.987452736,5,1,3,2,0,1,0,0,0,7,0,6,0,0,0
6,6,9,9,0,1,1,2,0.374030096,0.144390934,0.177480635,0.304098334,0.17053236,0.155997457,0.455454529,0.218015654,NaN,NaN,NaN,NaN,NaN,NaN,NaN,NaN,NaN,NaN,NaN,NaN,NaN,NaN,NaN,NaN,NaN,NaN,6,6,1,2,3,4,3,1,3,5,5,6,7,8,3,5,5,5,1,5,0.888888889,4,3,5,0.222222222,2,2498,11985,16082,Scuola secondaria di 1Âº grado (Licenza media),Scuola secondaria di 1Âº grado (Licenza media),2,1,1,2,4,4,1,4,3,4,1,6,7,8,7,8,8,5,6,7,7,7,4,3,0.064212664,0.064213,0.207538,0.207538,0.066126,0.066125904,0.213352685,0.213352685,4,3,0.052765,0.207538,0.207538,0.207538,0.052802,0.213353,0.213353,0.213353,9,0.236707447,0.481261037,0.405170924,0.405249986,0.278625892,0.999973698,0.761960568,2.50E-05,0.033691105,0.000256974,0.000123594,0.999618715,4,1,2,2,0,1,0,1,0,9,0.381324648,0.694828028,0.638098215,0.657631439,0.28110048,0.999973694,0.76304185,2.50E-05,0.033517149,0.000257179,0.000110107,0.999631977,5,1,1,4,1,0,1,1,0,5,2,4,0,0,0
6,7,9,0,0,1,1,4,0.26150682,0.388116003,0.148866763,0.201510414,0.071606739,0.002706842,0.010026511,0.915659907,NaN,NaN,NaN,NaN,NaN,NaN,NaN,NaN,NaN,NaN,NaN,NaN,NaN,NaN,NaN,NaN,NaN,NaN,6,7,1,2,3,4,1,4,4,4,5,6,7,8,5,1,4,4,1,4,0.692307692,3,1,5,0.857142857,4,2473,10474,10504,Nessun titolo di studio,"Scuola secondaria di 2Âº grado (diploma di istruzione liceale, diploma di istruzione tecnica, diploma di istruzione professionale)",2,1,4,3,2,3,1,2,1,4,2,5,5,8,7,8,8,5,8,8,8,8,0,0,0.000306152,0.000351,0.000308,0.000275,0.000352,0.000455359,0.000410313,0.000367235,5,4,0.264142,0.264142,0.264142,0.264142,0.269542,0.269542,0.269542,0.269542,9,0.277094727,0.586484838,0.520370604,0.51385912,0.27800534,0.999999997,0.99786739,1.25E-09,4.05E-06,0.042176851,9.99E-09,0.957823139,4,1,2,1,0,1,0,0,0,0,0.892805923,0.787369121,0.77539704,0.779430892,0.434201985,0.999999997,0.997880866,1.25E-09,4.01E-06,0.042200072,1.07E-08,0.957799917,0,0,0,0,0,0,1,1,1,7,1,3,1,0,0
7,1,8,7,1,1,1,4,0.20195976,0.419512561,0.16802896,0.210498718,0.303655974,0.451927815,0.000322673,0.244093538,NaN,NaN,NaN,NaN,NaN,NaN,NaN,NaN,NaN,NaN,NaN,NaN,NaN,NaN,NaN,NaN,NaN,NaN,7,1,1,2,3,4,4,5,2,3,5,6,7,8,5,4,1,3,2,5,0.476190476,3,1,5,0.897435897,4,2562,13974,14583,Scuola secondaria di 1Âº grado (Licenza media),Scuola secondaria di 1Âº grado (Licenza media),2,1,1,3,2,3,2,2,1,2,4,6,5,5,6,8,8,6,6,8,6,5,3,3,0.050472327,0.050472,0.050472,0.050472,0.061277,0.06127748,0.06127748,0.06127748,4,2,0.052765,0.207538,0.207538,0.207538,0.052802,0.213353,0.213353,0.213353,8,0.408150974,0.758482566,0.727537434,0.405844912,0.482291234,1,0.999991123,1.59E-11,1.76E-07,0.637242349,6.54E-11,0.362757651,2,3,3,1,0,3,0,1,1,7,0.599898063,0.738668511,0.721309709,0.721486147,0.341631706,1,0.999991196,1.59E-11,1.74E-07,0.637335582,6.90E-11,0.362664418,3,1,3,2,0,3,0,1,1,1,0,2,1,0,1
7,2,11,4,0,1,1,2,0.202762718,0.432783454,0.202762718,0.161691111,0.060719584,0.226045198,0.176169753,0.537065465,NaN,NaN,NaN,NaN,NaN,NaN,NaN,NaN,NaN,NaN,NaN,NaN,NaN,NaN,NaN,NaN,NaN,NaN,7,2,1,2,3,4,5,5,5,3,5,6,7,8,5,5,1,3,3,5,0.222222222,2,1,5,1.047619048,4,NaN,NaN,NaN,,,1,1,1,3,4,4,2,2,3,2,2,6,5,8,7,8,8,7,6,8,8,8,2,2,0.002506334,0.021473,0.022494,0.022494,0.002578,0.023612653,0.025096525,0.025096525,5,4,0.264142,0.264142,0.264142,0.264142,0.269542,0.269542,0.269542,0.269542,11,0.275771029,0.531892515,0.495562402,0.489786735,0.238724295,0.999999924,0.964287931,1.71E-09,6.16E-06,0.042176851,1.12E-08,0.957823138,8,3,0,4,1,0,1,1,1,4,0.803229104,0.758194932,0.746149458,0.76044942,0.387821742,0.999999925,0.964487604,1.71E-09,6.09E-06,0.042200072,1.13E-08,0.957799917,2,0,1,1,0,0,0,0,0,5,0,9,4,0,0
7,3,11,10,0,1,1,2,0.309783176,0.225386084,0.132982555,0.331848185,0.209909281,0.232221962,0.325646796,0.232221962,NaN,NaN,NaN,NaN,NaN,NaN,NaN,NaN,NaN,NaN,NaN,NaN,NaN,NaN,NaN,NaN,NaN,NaN,7,3,1,2,3,4,5,4,5,4,5,6,7,8,4,5,4,4,4,5,0.074074074,1,4,5,0.058823529,1,2431,15512,16791,"Scuola secondaria di 2Âº grado (diploma di istruzione liceale, diploma di istruzione tecnica, diploma di istruzione professionale)","Scuola secondaria di 2Âº grado (diploma di istruzione liceale, diploma di istruzione tecnica, diploma di istruzione professionale)",1,3,4,3,4,4,2,1,1,2,4,6,5,8,7,6,8,6,8,5,7,7,6,5,0.264142056,0.264142,0.264142,0.264142,0.269542,0.269541779,0.269541779,0.269541779,6,4,0.264142,0.264142,0.264142,0.264142,0.269542,0.269542,0.269542,0.269542,11,0.212809791,0.453006508,0.248417639,0.250493124,0.212007322,0.999924007,0.066957943,4.83E-05,0.022288682,2.77E-05,0.000247793,0.999724528,7,0,3,4,0,2,1,1,0,10,0.225827633,0.330285506,0.276333812,0.33033694,0.201677404,0.999924408,0.067216974,4.84E-05,0.022271992,2.77E-05,0.00023216,0.999740135,4,2,2,2,0,0,0,0,0,7,2,6,1,0,0
7,4,0,0,1,1,1,1,0.071606739,0.915659907,0.010026511,0.002706842,0.915659907,0.071606739,0.002706842,0.010026511,NaN,NaN,NaN,NaN,NaN,NaN,NaN,NaN,NaN,NaN,NaN,NaN,NaN,NaN,NaN,NaN,NaN,NaN,7,4,1,2,3,4,5,5,2,1,5,6,7,8,5,3,1,1,1,5,1.307692308,4,1,5,1.466666667,4,2378,14098,14939,"Scuola secondaria di 2Âº grado (diploma di istruzione liceale, diploma di istruzione tecnica, diploma di istruzione professionale)","Scuola secondaria di 2Âº grado (diploma di istruzione liceale, diploma di istruzione tecnica, diploma di istruzione professionale)",2,1,1,2,2,3,2,2,1,2,2,5,5,5,6,6,8,5,5,5,6,5,0,0,0.000306152,0.000351,0.000308,0.000275,0.000352,0.000455359,0.000410313,0.000367235,0,0,0.000306,0.000351,0.000308,0.000275,0.000352,0.000455,0.00041,0.000367,0,0.89920837,0.799527005,0.797852205,0.779980765,0.5011577,1,0.99999966,3.51E-14,5.39E-11,0.999042559,5.05E-16,0.000957441,0,0,0,0,0,0,1,1,1,0,0.899376629,0.799427965,0.797364969,0.797356977,0.504583747,1,0.999999663,3.51E-14,5.32E-11,0.999042646,5.41E-16,0.000957354,0,0,0,0,0,0,1,1,1,1,0,1,0,0,1
7,5,11,10,0,1,1,7,0.275371967,0.262508576,0.132385124,0.329734332,0.153358806,0.372509934,0.244639923,0.229491336,NaN,NaN,NaN,NaN,NaN,NaN,NaN,NaN,NaN,NaN,NaN,NaN,NaN,NaN,NaN,NaN,NaN,NaN,7,5,1,2,3,4,3,3,4,5,5,6,7,8,3,3,5,4,3,5,0.244444444,2,3,5,0.244444444,2,2308,11996,12027,Scuola secondaria di 1Âº grado (Licenza media),Scuola secondaria di 1Âº grado (Licenza media),1,3,4,3,4,4,1,2,1,2,4,5,5,8,6,8,7,6,6,8,6,7,5,4,0.264142056,0.264142,0.264142,0.264142,0.269542,0.269541779,0.269541779,0.269541779,6,4,0.264142,0.264142,0.264142,0.264142,0.269542,0.269542,0.269542,0.269542,11,0.214191856,0.481356369,0.255743311,0.25804184,0.206448242,0.999934953,0.072041402,3.82E-05,0.012399082,2.77E-05,0.000169656,0.999802669,7,0,3,4,0,2,1,1,0,10,0.220878112,0.305158245,0.284103137,0.320579463,0.202494481,0.999935404,0.072318304,3.82E-05,0.012351032,2.77E-05,0.000172575,0.999799723,5,2,3,2,0,3,0,0,1,4,1,5,2,0,1
7,6,3,0,1,1,1,8,0.365826623,0.632696695,0.000573852,0.00090283,0.915659907,0.002706842,0.071606739,0.010026511,NaN,NaN,NaN,NaN,NaN,NaN,NaN,NaN,NaN,NaN,NaN,NaN,NaN,NaN,NaN,NaN,NaN,NaN,7,6,1,2,3,4,4,5,3,3,5,6,7,8,5,3,4,3,3,5,0.244444444,2,3,5,0.244444444,2,2298,15841,19456,"Scuola secondaria di 2Âº grado (diploma di istruzione liceale, diploma di istruzione tecnica, diploma di istruzione professionale)",Scuola secondaria di 1Âº grado (Licenza media),2,1,1,2,2,4,2,2,1,2,1,5,5,5,7,8,7,5,5,5,7,5,0,0,0.000306152,0.000351,0.000308,0.000275,0.000352,0.000455359,0.000410313,0.000367235,1,1,0.002905,0.003386,0.003071,0.003098,0.003666,0.004387,0.00408,0.004118,3,0.889082302,0.796232981,0.793506762,0.764422753,0.499318059,1,0.999993801,1.41E-12,1.58E-09,0.995901922,7.18E-14,0.004098078,0,1,2,0,1,3,1,1,1,0,0.897810787,0.798122539,0.7975203,0.79678175,0.495201965,1,0.999993845,1.41E-12,1.57E-09,0.995902461,6.82E-14,0.004097539,0,0,0,0,0,0,1,1,1,1,0,1,0,0,1
7,7,5,4,1,1,1,3,0.546062142,0.13005268,0.323484475,0.000400703,0.499564322,0.499192247,0.000745539,0.000497891,NaN,NaN,NaN,NaN,NaN,NaN,NaN,NaN,NaN,NaN,NaN,NaN,NaN,NaN,NaN,NaN,NaN,NaN,7,7,1,2,3,4,5,2,3,2,5,6,7,8,2,4,1,3,2,5,0.666666667,3,1,4,0.666666667,3,2459,10759,13750,"Scuola secondaria di 2Âº grado (diploma di istruzione liceale, diploma di istruzione tecnica, diploma di istruzione professionale)",Scuola secondaria di 1Âº grado (Licenza media),1,1,1,2,2,3,3,1,1,3,1,6,5,5,6,6,7,5,6,5,6,5,2,2,0.002904536,0.003386,0.003071,0.003098,0.003666,0.004387326,0.004079551,0.00411772,2,2,0.009316,0.010101,0.009699,0.011409,0.011178,0.012377,0.012055,0.014129,5,0.846558275,0.785300942,0.776005875,0.775674486,0.612224942,1,0.999991786,1.19E-13,9.35E-09,0.533475212,1.13E-12,0.466524788,3,0,1,2,0,1,1,1,0,4,0.856052858,0.788268746,0.786579789,0.786587261,0.493968242,1,0.999991862,1.19E-13,9.25E-09,0.533577001,1.08E-12,0.466422999,1,1,1,1,1,1,1,1,0,1,0,5,2,0,1
8,1,3,0,1,2,2,1,0.365826623,0.632696695,0.00090283,0.000573852,0.915659907,0.071606739,0.010026511,0.002706842,NaN,NaN,NaN,NaN,NaN,NaN,NaN,NaN,NaN,NaN,NaN,NaN,NaN,NaN,NaN,NaN,NaN,NaN,8,1,1,2,3,4,4,5,2,1,5,6,7,8,5,2,2,1,1,5,1.111111111,4,1,5,1.2,4,NaN,NaN,NaN,,,2,1,1,2,2,3,2,2,1,2,1,5,5,5,6,6,7,5,5,5,6,5,0,0,0.000306152,0.000351,0.000308,0.000275,0.000352,0.000455359,0.000410313,0.000367235,1,1,0.002905,0.003386,0.003071,0.003098,0.003666,0.004387,0.00408,0.004118,3,0.894569967,0.798359917,0.792457282,0.728573646,0.501869393,1,0.999999624,2.53E-14,9.59E-11,0.998466504,6.88E-16,0.001533496,0,1,2,0,1,3,1,1,1,0,0.899296996,0.799380705,0.798929519,0.798925727,0.497488442,1,0.999999627,2.54E-14,9.49E-11,0.998466661,6.80E-16,0.001533339,0,0,0,0,0,0,1,1,1,0,0,1,0,1,1
8,3,3,7,1,2,2,4,0.000903428,0.633121317,0.365401124,0.000574131,0.414314087,0.200124394,0.168754042,0.216807477,NaN,NaN,NaN,NaN,NaN,NaN,NaN,NaN,NaN,NaN,NaN,NaN,NaN,NaN,NaN,NaN,NaN,NaN,8,3,1,2,3,4,5,5,1,1,5,6,7,8,5,1,1,1,1,5,1.777777778,4,1,5,2,4,2692,14921,17131,"Scuola secondaria di 2Âº grado (diploma di istruzione liceale, diploma di istruzione tecnica, diploma di istruzione professionale)","Scuola secondaria di 2Âº grado (diploma di istruzione liceale, diploma di istruzione tecnica, diploma di istruzione professionale)",2,3,1,3,2,3,2,2,3,2,2,5,5,5,6,8,7,6,8,5,7,5,4,3,0.008431472,0.072006,0.186683,0.186683,0.008098,0.07436182,0.19265144,0.19265144,1,1,0.002905,0.003386,0.003071,0.003098,0.003666,0.004387,0.00408,0.004118,3,0.873025172,0.789656178,0.784345186,0.781075743,0.556563204,1,0.999894257,4.64E-13,1.82E-08,0.448068905,3.12E-12,0.551931095,2,1,0,2,1,0,1,1,1,7,0.248195989,0.567837088,0.466595737,0.466844291,0.220294498,1,0.99989512,4.64E-13,1.80E-08,0.448190463,3.31E-12,0.551809537,3,0,2,2,0,0,0,0,0,4,1,3,0,0,1
8,4,5,6,1,2,2,0,0.201680056,0.00037131,0.270843519,0.527105115,0.517758854,0.045831615,0.309173618,0.127235913,NaN,NaN,NaN,NaN,NaN,NaN,NaN,NaN,NaN,NaN,NaN,NaN,NaN,NaN,NaN,NaN,NaN,NaN,8,4,1,2,3,4,4,4,4,5,5,6,7,8,5,4,4,4,4,5,0.058823529,1,4,5,0.058823529,1,2532,14921,16661,Scuola secondaria di 1Âº grado (Licenza media),Scuola primaria (Licenza elementare),1,1,4,3,4,4,1,4,3,4,4,5,5,5,7,6,7,5,5,5,8,7,3,2,0.019469538,0.01947,0.019672,0.019672,0.021729,0.021728649,0.022186591,0.022186591,2,1,0.009316,0.010101,0.009699,0.011409,0.011178,0.012377,0.012055,0.014129,5,0.839829716,0.791218207,0.773413459,0.773539779,0.401023871,0.365633056,0.000130663,0.633178295,0.928592611,3.49E-09,0.799300635,0.200641883,2,0,1,1,0,0,1,1,0,6,0.531110655,0.728807552,0.66939686,0.650017639,0.445126311,0.365617335,0.000131428,0.63323493,0.928452588,3.58E-09,0.794256634,0.205681608,2,1,3,1,1,3,1,1,1,3,0,4,0,0,1
8,5,0,0,0,2,2,4,0.002706842,0.071606739,0.010026511,0.915659907,0.010026511,0.071606739,0.915659907,0.002706842,NaN,NaN,NaN,NaN,NaN,NaN,NaN,NaN,NaN,NaN,NaN,NaN,NaN,NaN,NaN,NaN,NaN,NaN,8,5,1,2,3,4,1,4,4,5,5,6,7,8,5,5,5,5,1,5,0.857142857,4,5,5,0,0,2450,10096,9813,"Scuola secondaria di 2Âº grado (diploma di istruzione liceale, diploma di istruzione tecnica, diploma di istruzione professionale)","Scuola secondaria di 2Âº grado (diploma di istruzione liceale, diploma di istruzione tecnica, diploma di istruzione professionale)",2,3,4,2,4,4,2,4,4,4,4,6,7,5,7,6,7,7,6,7,7,7,0,0,0.000306152,0.000351,0.000308,0.000275,0.000352,0.000455359,0.000410313,0.000367235,0,0,0.000306,0.000351,0.000308,0.000275,0.000352,0.000455,0.00041,0.000367,0,0.899193323,0.799722883,0.799169438,0.799178538,0.487675641,0.003100637,5.13E-06,0.995334411,0.996018099,4.45E-11,0.998263016,0.001665198,0,0,0,0,0,0,1,1,1,0,0.898483665,0.79944866,0.795283695,0.794938399,0.500186889,0.003100356,5.15E-06,0.995393929,0.996014586,4.46E-11,0.998255347,0.001667037,0,0,0,0,0,0,1,1,1,1,0,6,0,0,1
8,6,1,5,0,2,2,5,0.796442413,0.101048593,0.101531796,0.000977198,0.347138156,0.483205919,0.169306171,0.000349754,NaN,NaN,NaN,NaN,NaN,NaN,NaN,NaN,NaN,NaN,NaN,NaN,NaN,NaN,NaN,NaN,NaN,NaN,8,6,1,2,3,4,5,4,5,4,5,6,7,8,5,5,4,4,4,5,0.074074074,1,4,5,0.074074074,1,2590,14402,13537,Scuola secondaria di 1Âº grado (Licenza media),"Scuola secondaria di 2Âº grado (diploma di istruzione liceale, diploma di istruzione tecnica, diploma di istruzione professionale)",1,1,1,2,2,3,1,1,1,3,1,6,5,5,7,6,7,6,6,5,6,5,2,2,0.009315631,0.010101,0.009699,0.011409,0.011178,0.012376918,0.012055149,0.014129339,1,1,0.000958,0.000969,0.00086,0.00081,0.001126,0.001204,0.001093,0.001026,1,0.897485158,0.798542675,0.797586761,0.797451812,0.606182022,1,0.999996323,3.41E-14,1.09E-09,0.913973832,6.19E-14,0.086026168,1,0,0,1,0,0,1,1,1,5,0.798139107,0.772778144,0.762502106,0.762526615,0.448118266,1,0.999996358,3.42E-14,1.08E-09,0.913995786,5.88E-14,0.086004214,2,1,2,1,0,3,0,1,1,3,0,2,0,0,0
8,7,0,0,0,2,2,2,0.002706842,0.915659907,0.010026511,0.071606739,0.010026511,0.071606739,0.915659907,0.002706842,NaN,NaN,NaN,NaN,NaN,NaN,NaN,NaN,NaN,NaN,NaN,NaN,NaN,NaN,NaN,NaN,NaN,NaN,8,7,1,2,3,4,4,5,3,4,5,6,7,8,4,5,5,4,3,5,0.166666667,2,4,5,0.074074074,1,2499,15562,17282,"Scuola secondaria di 2Âº grado (diploma di istruzione liceale, diploma di istruzione tecnica, diploma di istruzione professionale)",Laurea specialistica,2,3,4,2,2,4,2,2,4,2,2,6,7,5,7,6,7,7,6,7,7,7,0,0,0.000306152,0.000351,0.000308,0.000275,0.000352,0.000455359,0.000410313,0.000367235,0,0,0.000306,0.000351,0.000308,0.000275,0.000352,0.000455,0.00041,0.000367,0,0.897269907,0.797790935,0.796684988,0.796646592,0.493093448,0.999999684,0.96771917,1.05E-07,7.26E-05,0.063359269,5.18E-07,0.936640209,0,0,0,0,0,0,1,1,1,0,0.898483665,0.79944866,0.795283695,0.794938399,0.500186889,0.999999688,0.967853471,1.05E-07,7.19E-05,0.063393042,5.55E-07,0.936606398,0,0,0,0,0,0,1,1,1,3,1,2,0,0,1
8,9,0,0,0,2,2,3,0.071606739,0.002706842,0.010026511,0.915659907,0.002706842,0.010026511,0.915659907,0.071606739,NaN,NaN,NaN,NaN,NaN,NaN,NaN,NaN,NaN,NaN,NaN,NaN,NaN,NaN,NaN,NaN,NaN,NaN,8,9,1,2,3,4,5,1,4,5,5,6,7,8,1,2,5,3,1,5,0.955555556,4,1,5,1.060606061,4,2637,15353,16959,Scuola secondaria di 1Âº grado (Licenza media),Scuola secondaria di 1Âº grado (Licenza media),1,1,4,3,4,4,1,4,4,4,4,6,7,8,7,8,7,7,8,7,7,7,0,0,0.000306152,0.000351,0.000308,0.000275,0.000352,0.000455359,0.000410313,0.000367235,0,0,0.000306,0.000351,0.000308,0.000275,0.000352,0.000455,0.00041,0.000367,0,0.898888497,0.799350397,0.797684547,0.797696998,0.460720507,0.009961383,6.25E-06,0.988480558,0.994103904,3.35E-11,0.994769874,0.00515859,0,0,0,0,0,0,1,1,1,0,0.899259628,0.799366178,0.799054432,0.799247696,0.484790148,0.009961122,6.28E-06,0.988539714,0.994099714,3.35E-11,0.994760075,0.005162581,0,0,0,0,0,0,1,1,1,1,0,0,0,1,1
8,10,3,10,1,2,2,2,0.365661362,0.632861616,0.000573961,0.000903062,0.359751282,0.13017227,0.277011201,0.233065247,NaN,NaN,NaN,NaN,NaN,NaN,NaN,NaN,NaN,NaN,NaN,NaN,NaN,NaN,NaN,NaN,NaN,NaN,8,10,1,2,3,4,4,4,3,4,5,6,7,8,4,4,4,4,3,4,0.066666667,1,4,4,0,0,2708,11950,15097,"Scuola secondaria di 2Âº grado (diploma di istruzione liceale, diploma di istruzione tecnica, diploma di istruzione professionale)",Scuola secondaria di 1Âº grado (Licenza media),2,1,1,2,2,4,2,1,1,2,2,5,5,5,6,6,8,5,5,8,7,7,5,3,0.052765352,0.207538,0.207538,0.207538,0.052802,0.213352685,0.213352685,0.213352685,1,1,0.002905,0.003386,0.003071,0.003098,0.003666,0.004387,0.00408,0.004118,3,0.888285161,0.795687024,0.792829509,0.785310506,0.499212729,1,0.999993385,1.41E-12,1.27E-09,0.995901922,7.18E-14,0.004098078,1,0,1,1,0,1,1,1,0,10,0.228418335,0.60012972,0.282673385,0.290262297,0.223750362,1,0.999993432,1.41E-12,1.26E-09,0.995902461,6.82E-14,0.004097539,3,3,2,2,1,1,1,1,0,3,0,6,0,0,0
8,11,1,1,0,2,2,5,0.132330037,0.723287369,0.086983114,0.05739948,0.05739948,0.132330037,0.723287369,0.086983114,NaN,NaN,NaN,NaN,NaN,NaN,NaN,NaN,NaN,NaN,NaN,NaN,NaN,NaN,NaN,NaN,NaN,NaN,8,11,1,2,3,4,4,5,3,2,5,6,7,8,4,5,5,3,2,5,0.476190476,3,3,5,0.215686275,2,2388,16311,15480,Laurea specialistica,Laurea specialistica,2,3,1,2,2,4,2,2,1,2,2,6,7,5,7,8,7,7,6,7,7,7,1,1,0.000693828,0.00159,0.001395,0.001327,0.000752,0.001852859,0.001653838,0.001554939,1,1,0.000694,0.00159,0.001395,0.001327,0.000752,0.001853,0.001654,0.001555,1,0.886852182,0.795337112,0.793555746,0.786511246,0.486198723,1,0.999960075,5.63E-12,6.33E-09,0.976699397,1.35E-12,0.023300603,1,0,0,0,0,0,0,0,1,1,0.890747397,0.797999776,0.794185974,0.794246728,0.45590244,1,0.999960349,5.63E-12,6.26E-09,0.976705085,1.39E-12,0.023294915,1,0,0,0,0,0,0,0,1,2,1,1,0,0,1
8,12,5,0,0,2,2,6,0.000400703,0.13005268,0.323484475,0.546062142,0.002706842,0.071606739,0.915659907,0.010026511,NaN,NaN,NaN,NaN,NaN,NaN,NaN,NaN,NaN,NaN,NaN,NaN,NaN,NaN,NaN,NaN,NaN,NaN,8,12,1,2,3,4,3,5,3,5,5,6,7,8,1,5,5,5,3,5,0.333333333,2,1,5,1,4,2495,11536,14032,Scuola secondaria di 1Âº grado (Licenza media),"Scuola secondaria di 2Âº grado (diploma di istruzione liceale, diploma di istruzione tecnica, diploma di istruzione professionale)",2,3,4,2,4,4,3,4,4,3,4,6,7,8,7,6,7,7,6,7,7,7,0,0,0.000306152,0.000351,0.000308,0.000275,0.000352,0.000455359,0.000410313,0.000367235,2,2,0.009316,0.010101,0.009699,0.011409,0.011178,0.012377,0.012055,0.014129,5,0.877445889,0.797914291,0.794250819,0.794295485,0.462413433,0.082538033,1.79E-05,0.915883773,0.981138882,1.77E-10,0.963091437,0.036839306,3,0,1,2,0,1,1,1,0,0,0.899032073,0.799495974,0.798733223,0.79879813,0.487653354,0.082533261,1.80E-05,0.915945372,0.981084969,1.67E-10,0.965207477,0.034717476,0,0,0,0,0,0,1,1,1,4,1,3,0,0,0
8,13,3,6,1,2,2,4,0.36556655,0.632956231,0.000574023,0.000903195,0.435798167,0.128240195,0.394002756,0.041958882,NaN,NaN,NaN,NaN,NaN,NaN,NaN,NaN,NaN,NaN,NaN,NaN,NaN,NaN,NaN,NaN,NaN,NaN,8,13,1,2,3,4,5,5,5,5,5,6,7,8,5,5,4,4,5,5,0,0,4,5,0.074074074,1,2626,14060,16366,"Scuola secondaria di 2Âº grado (diploma di istruzione liceale, diploma di istruzione tecnica, diploma di istruzione professionale)","Scuola secondaria di 2Âº grado (diploma di istruzione liceale, diploma di istruzione tecnica, diploma di istruzione professionale)",2,1,1,2,2,4,1,2,1,2,2,5,7,5,6,8,7,7,5,5,7,5,3,3,0.006549687,0.015764,0.015539,0.022999,0.007361,0.018002243,0.017922379,0.026258429,1,1,0.002905,0.003386,0.003071,0.003098,0.003666,0.004387,0.00408,0.004118,3,0.889389466,0.796326383,0.793518637,0.786042233,0.499348431,1,0.99999382,1.11E-12,6.58E-10,0.995901922,4.92E-14,0.004098078,1,0,1,1,0,1,1,1,0,6,0.556871388,0.73643531,0.727351869,0.713933125,0.41010495,1,0.999993863,1.11E-12,6.50E-10,0.995902461,5.07E-14,0.004097539,3,1,1,1,0,1,0,0,0,6,0,7,2,0,0
8,14,0,1,0,2,2,2,0.010026511,0.002706842,0.071606739,0.915659907,0.101048593,0.101531796,0.000977198,0.796442413,NaN,NaN,NaN,NaN,NaN,NaN,NaN,NaN,NaN,NaN,NaN,NaN,NaN,NaN,NaN,NaN,NaN,NaN,8,14,1,2,3,4,4,4,4,4,5,6,7,8,4,4,4,4,4,4,0,0,4,4,0,0,NaN,NaN,NaN,,,1,3,4,3,4,4,3,4,4,4,4,5,5,8,6,8,8,6,8,8,8,8,1,1,0.000957953,0.000969,0.00086,0.00081,0.001126,0.001204491,0.001092811,0.001025973,0,0,0.000306,0.000351,0.000308,0.000275,0.000352,0.000455,0.00041,0.000367,0,0.899577289,0.79989544,0.799435219,0.799437349,0.484898621,0.001001689,1.03E-07,0.997432241,0.998416528,4.11E-14,0.999381237,0.000546896,0,0,0,0,0,0,1,1,1,1,0.890924449,0.790984291,0.78744529,0.791529562,0.452142934,0.001001743,1.04E-07,0.997491513,0.998414546,4.12E-14,0.999375617,0.000546679,1,0,0,1,0,0,1,1,1,6,0,7,0,0,0
8,15,0,0,1,2,2,3,0.010026511,0.915659907,0.071606739,0.002706842,0.915659907,0.002706842,0.071606739,0.010026511,NaN,NaN,NaN,NaN,NaN,NaN,NaN,NaN,NaN,NaN,NaN,NaN,NaN,NaN,NaN,NaN,NaN,NaN,8,15,1,2,3,4,1,5,2,2,5,6,7,8,5,2,2,2,1,5,1.2,4,2,5,0.818181818,3,2759,11408,19407,"Scuola secondaria di 2Âº grado (diploma di istruzione liceale, diploma di istruzione tecnica, diploma di istruzione professionale)",Laurea triennale,2,3,1,2,2,3,2,2,3,2,2,5,5,5,7,8,7,5,5,5,7,5,0,0,0.000306152,0.000351,0.000308,0.000275,0.000352,0.000455359,0.000410313,0.000367235,0,0,0.000306,0.000351,0.000308,0.000275,0.000352,0.000455,0.00041,0.000367,0,0.896118658,0.797352194,0.792687284,0.789337034,0.554502546,1,0.999984188,2.39E-13,2.73E-09,0.923592536,2.26E-13,0.076407464,0,0,0,0,0,0,1,1,1,0,0.897810787,0.798122539,0.7975203,0.79678175,0.495201965,1,0.999984313,2.39E-13,2.69E-09,0.923617229,2.40E-13,0.076382771,0,0,0,0,0,0,1,1,1,3,1,3,0,0,1
8,16,0,0,1,2,2,4,0.071606739,0.010026511,0.915659907,0.002706842,0.915659907,0.010026511,0.002706842,0.071606739,NaN,NaN,NaN,NaN,NaN,NaN,NaN,NaN,NaN,NaN,NaN,NaN,NaN,NaN,NaN,NaN,NaN,NaN,8,16,1,2,3,4,1,1,4,1,5,6,7,8,4,1,2,3,1,4,1.285714286,3,1,4,0.666666667,3,2583,17004,18257,"Scuola secondaria di 2Âº grado (diploma di istruzione liceale, diploma di istruzione tecnica, diploma di istruzione professionale)",Laurea triennale,1,3,1,3,2,3,3,1,3,3,3,5,5,5,6,8,8,5,5,5,8,5,0,0,0.000306152,0.000351,0.000308,0.000275,0.000352,0.000455359,0.000410313,0.000367235,0,0,0.000306,0.000351,0.000308,0.000275,0.000352,0.000455,0.00041,0.000367,0,0.898757351,0.79851284,0.798270561,0.798270295,0.500033341,1,0.994314664,8.82E-12,3.85E-05,9.57E-05,1.13E-10,0.999904254,0,0,0,0,0,0,1,1,1,0,0.898227759,0.798248968,0.787500987,0.782274542,0.494216878,1,0.994366922,8.84E-12,3.79E-05,9.58E-05,1.10E-10,0.999904164,0,0,0,0,0,0,1,1,1,3,0,2,1,0,1
9,4,0,0,1,2,4,7,0.071606739,0.915659907,0.010026511,0.002706842,0.071606739,0.915659907,0.002706842,0.010026511,1,1,0,0,1,0,2,0,1,0,0,1,0,1,0,0,3,1,9,4,1,2,3,4,5,4,2,4,5,6,7,8,3,5,4,3,2,5,0.422222222,3,3,5,0.244444444,2,3445,NaN,NaN,,,2,1,1,2,2,3,2,2,1,2,2,6,5,5,6,6,8,6,6,5,6,6,0,0,0.000306152,0.000351,0.000308,0.000275,0.000352,0.000455359,0.000410313,0.000367235,0,0,0.000306,0.000351,0.000308,0.000275,0.000352,0.000455,0.00041,0.000367,0,0.89920837,0.799527005,0.797852205,0.779980765,0.5011577,1,0.99999966,3.51E-14,5.39E-11,0.999042559,5.05E-16,0.000957441,0,0,0,0,0,0,1,1,1,0,0.898982328,0.798860794,0.798608006,0.798633227,0.489002097,1,0.999999663,3.51E-14,5.32E-11,0.999042646,5.41E-16,0.000957354,0,0,0,0,0,0,1,1,1,5,2,5,2,0,1
9,5,0,1,0,2,4,4,0.002706842,0.010026511,0.071606739,0.915659907,0.101531796,0.796442413,0.101048593,0.000977198,0,1,1,1,0,0,2,0,1,1,0,0,1,1,0,0,7,1,9,5,1,2,3,4,1,1,5,5,5,6,7,8,4,5,4,4,1,5,1.777777778,4,4,5,0.058823529,1,3250,13662,14500,Laurea specialistica,"Scuola secondaria di 2Âº grado (diploma di istruzione liceale, diploma di istruzione tecnica, diploma di istruzione professionale)",2,3,4,3,4,4,3,4,4,4,4,6,7,5,6,6,7,6,6,5,6,6,1,1,0.000957953,0.000969,0.00086,0.00081,0.001126,0.001204491,0.001092811,0.001025973,0,0,0.000306,0.000351,0.000308,0.000275,0.000352,0.000455,0.00041,0.000367,0,0.899657266,0.799910991,0.799788756,0.799791181,0.489622761,0.000805806,1.21E-07,0.997627817,0.998416509,5.35E-14,0.999484418,0.000443708,0,0,0,0,0,0,1,1,1,1,0.890788547,0.795037183,0.793422627,0.793537198,0.444881308,0.000805842,1.22E-07,0.997687119,0.998414528,5.35E-14,0.999478799,0.00044349,1,0,0,1,0,0,1,1,1,2,0,4,0,0,1
9,6,0,3,1,2,4,4,0.915659907,0.010026511,0.002706842,0.071606739,0.633121317,0.000574131,0.000903428,0.365401124,0,1,1,1,0,0,2,0,1,1,1,0,0,1,0,0,2,1,9,6,1,2,3,4,4,2,2,2,5,6,7,8,5,2,2,5,2,4,0.4,2,2,5,0.857142857,3,3252,14822,14820,Laurea triennale,Dottorato di ricerca,1,1,1,2,4,4,1,1,1,4,1,5,5,8,7,8,8,5,5,5,8,5,1,1,0.002904536,0.003386,0.003071,0.003098,0.003666,0.004387326,0.004079551,0.00411772,0,0,0.000306,0.000351,0.000308,0.000275,0.000352,0.000455,0.00041,0.000367,0,0.896598115,0.795617449,0.793570648,0.793569409,0.50283051,0.999999935,0.986197029,2.59E-08,5.11E-05,0.035772898,2.25E-07,0.964226876,0,0,0,0,0,0,1,1,1,3,0.876548315,0.789083679,0.780482292,0.741312543,0.494770716,0.999999935,0.986287885,2.60E-08,5.08E-05,0.035790498,1.90E-07,0.964209311,2,1,0,2,1,0,1,1,1,3,0,2,0,0,1
9,7,0,1,1,2,4,6,0.071606739,0.915659907,0.010026511,0.002706842,0.101048593,0.796442413,0.000977198,0.101531796,1,0,1,1,0,0,6,0,1,1,0,1,0,1,0,0,3,1,9,7,1,2,3,4,4,5,3,2,5,6,7,8,4,5,1,4,2,5,0.476190476,3,1,5,0.857142857,4,NaN,NaN,NaN,,,2,1,1,2,2,3,2,2,1,2,2,6,5,5,6,6,8,6,6,8,6,6,1,1,0.000957953,0.000969,0.00086,0.00081,0.001126,0.001204491,0.001092811,0.001025973,0,0,0.000306,0.000351,0.000308,0.000275,0.000352,0.000455,0.00041,0.000367,0,0.89920837,0.799527005,0.797852205,0.779980765,0.5011577,1,0.99999966,3.51E-14,5.39E-11,0.999042559,5.05E-16,0.000957441,0,0,0,0,0,0,1,1,1,1,0.891960819,0.795389123,0.794366344,0.79452068,0.420096885,1,0.999999663,3.51E-14,5.32E-11,0.999042646,5.41E-16,0.000957354,1,0,0,1,0,0,1,1,1,0,0,2,0,1,1
9,8,0,0,0,2,4,6,0.002706842,0.010026511,0.071606739,0.915659907,0.071606739,0.915659907,0.010026511,0.002706842,0,1,1,1,0,0,2,0,1,1,NaN,NaN,NaN,NaN,NaN,NaN,NaN,0,9,8,1,2,3,4,1,2,4,5,5,6,7,8,3,5,2,1,1,5,1.111111111,4,1,5,1.060606061,4,3493,17716,19362,Laurea specialistica,"Scuola secondaria di 2Âº grado (diploma di istruzione liceale, diploma di istruzione tecnica, diploma di istruzione professionale)",2,3,4,3,4,4,3,4,4,4,4,6,5,5,6,6,7,6,6,5,6,6,0,0,0.000306152,0.000351,0.000308,0.000275,0.000352,0.000455359,0.000410313,0.000367235,0,0,0.000306,0.000351,0.000308,0.000275,0.000352,0.000455,0.00041,0.000367,0,0.899657266,0.799910991,0.799788756,0.799791181,0.489622761,0.000805806,1.21E-07,0.997627817,0.998416509,5.35E-14,0.999484418,0.000443708,0,0,0,0,0,0,1,1,1,0,0.898268869,0.798118492,0.797944825,0.797978569,0.485760921,0.000805842,1.22E-07,0.997687119,0.998414528,5.35E-14,0.999478799,0.00044349,0,0,0,0,0,0,1,1,1,0,0,0,0,1,1
9,10,5,0,1,2,4,6,0.483113246,0.347155361,0.000349724,0.169381669,0.010026511,0.002706842,0.071606739,0.915659907,1,1,0,0,1,0,3,0,1,0,0,0,1,1,0,0,3,1,9,10,1,2,3,4,4,5,1,3,5,6,7,8,2,4,4,5,1,5,0.897435897,4,2,5,0.422222222,3,3382,15503,17513,Laurea specialistica,"Scuola secondaria di 2Âº grado (diploma di istruzione liceale, diploma di istruzione tecnica, diploma di istruzione professionale)",1,1,1,2,2,4,1,1,4,2,2,5,7,8,7,8,8,7,8,8,8,8,0,0,0.000306152,0.000351,0.000308,0.000275,0.000352,0.000455359,0.000410313,0.000367235,2,2,0.009316,0.010101,0.009699,0.011409,0.011178,0.012377,0.012055,0.014129,5,0.796863765,0.76103867,0.752466262,0.752330451,0.462892514,1,0.999903689,8.75E-11,1.76E-07,0.791717003,1.67E-10,0.208282997,1,1,2,1,1,1,1,1,0,0,0.899116397,0.798261758,0.797564226,0.798371181,0.480995445,1,0.999904406,8.76E-11,1.75E-07,0.791768969,1.62E-10,0.208231031,0,0,0,0,0,0,1,1,1,2,1,3,1,0,1
9,11,0,0,1,2,4,6,0.002706842,0.915659907,0.010026511,0.071606739,0.010026511,0.915659907,0.071606739,0.002706842,1,1,0,1,0,0,1,0,1,0,NaN,NaN,NaN,NaN,NaN,NaN,NaN,0,9,11,1,2,3,4,1,5,1,1,5,6,7,8,4,5,2,3,1,5,2,4,2,5,0.476190476,3,3346,14354,15016,Laurea specialistica,"Scuola secondaria di 2Âº grado (diploma di istruzione liceale, diploma di istruzione tecnica, diploma di istruzione professionale)",2,3,4,2,2,4,2,2,4,2,2,6,7,5,6,6,7,6,6,7,6,6,0,0,0.000306152,0.000351,0.000308,0.000275,0.000352,0.000455359,0.000410313,0.000367235,0,0,0.000306,0.000351,0.000308,0.000275,0.000352,0.000455,0.00041,0.000367,0,0.897269907,0.797790935,0.796684988,0.796646592,0.493093448,0.999999684,0.96771917,1.05E-07,7.26E-05,0.063359269,5.18E-07,0.936640209,0,0,0,0,0,0,1,1,1,0,0.897355818,0.798026291,0.797209173,0.797269583,0.508980094,0.999999688,0.967853471,1.05E-07,7.19E-05,0.063393042,5.55E-07,0.936606398,0,0,0,0,0,0,1,1,1,3,0,4,2,0,1
9,13,1,0,0,2,4,2,0.101048593,0.101531796,0.000977198,0.796442413,0.010026511,0.071606739,0.915659907,0.002706842,1,0,1,1,0,0,3,0,1,1,NaN,NaN,NaN,NaN,NaN,NaN,NaN,0,9,13,1,2,3,4,5,4,4,5,5,6,7,8,5,4,5,4,4,5,0.074074074,1,4,5,0.074074074,1,3245,16973,16973,Laurea triennale,Laurea triennale,1,1,4,2,4,4,2,4,4,4,4,6,7,5,7,6,7,7,6,7,7,7,0,0,0.000306152,0.000351,0.000308,0.000275,0.000352,0.000455359,0.000410313,0.000367235,1,1,0.000958,0.000969,0.00086,0.00081,0.001126,0.001204,0.001093,0.001026,1,0.893949993,0.798363155,0.786433025,0.786476481,0.413316525,0.011020228,3.10E-05,0.987427252,0.99599232,8.88E-10,0.994194434,0.005734071,1,0,0,1,0,0,1,1,1,0,0.898483665,0.79944866,0.795283695,0.794938399,0.500186889,0.011019222,3.11E-05,0.987487024,0.995988701,8.91E-10,0.994176219,0.005746481,0,0,0,0,0,0,1,1,1,3,0,4,1,0,0
9,15,3,1,1,2,4,7,0.365401124,0.633121317,0.000903428,0.000574131,0.000977198,0.101048593,0.796442413,0.101531796,1,0,1,0,0,1,2,0,1,1,NaN,NaN,NaN,NaN,NaN,NaN,NaN,0,9,15,1,2,3,4,5,5,4,3,5,6,7,8,4,4,5,5,3,5,0.215686275,2,4,5,0.074074074,1,3300,13621,14432,Scuola secondaria di 1Âº grado (Licenza media),Scuola secondaria di 1Âº grado (Licenza media),1,1,1,2,2,3,2,2,1,2,2,6,7,8,7,6,7,7,8,7,7,7,1,1,0.000957953,0.000969,0.00086,0.00081,0.001126,0.001204491,0.001092811,0.001025973,1,1,0.002905,0.003386,0.003071,0.003098,0.003666,0.004387,0.00408,0.004118,3,0.894238072,0.79805093,0.796339937,0.77895963,0.502104482,1,0.9999996,2.82E-14,6.35E-11,0.998466504,6.56E-16,0.001533496,2,1,0,2,1,0,1,1,1,1,0.896269817,0.798548775,0.796683504,0.797073719,0.455976276,1,0.999999603,2.83E-14,6.26E-11,0.998466661,7.03E-16,0.001533339,1,0,0,1,0,0,1,1,1,1,0,3,0,0,0
9,17,2,4,1,2,4,7,0.110330007,0.710982107,0.110330007,0.068357878,0.000745539,0.499192247,0.000497891,0.499564322,1,0,1,0,0,1,4,0,1,1,NaN,NaN,NaN,NaN,NaN,NaN,NaN,0,9,17,1,2,3,4,3,5,4,3,5,6,7,8,4,5,3,4,3,5,0.244444444,2,3,5,0.166666667,2,3354,17550,17553,"Scuola secondaria di 2Âº grado (diploma di istruzione liceale, diploma di istruzione tecnica, diploma di istruzione professionale)","Scuola secondaria di 2Âº grado (diploma di istruzione liceale, diploma di istruzione tecnica, diploma di istruzione professionale)",2,3,4,2,2,3,2,2,1,2,2,6,5,8,6,6,8,6,8,8,6,8,2,2,0.002904536,0.003386,0.003071,0.003098,0.003666,0.004387326,0.004079551,0.00411772,2,1,0.002016,0.002034,0.00187,0.001831,0.002227,0.00232,0.002152,0.002088,2,0.858449918,0.791734047,0.780173706,0.765885607,0.465216772,0.999999999,0.99981975,1.39E-11,2.86E-08,0.818564313,2.65E-11,0.181435687,2,0,0,1,0,0,1,1,1,4,0.80571436,0.763377816,0.749551714,0.758690854,0.484298463,0.999999999,0.9998208,1.39E-11,2.83E-08,0.818620702,2.90E-11,0.181379298,1,1,1,1,1,1,1,1,0,3,0,2,0,0,1
9,18,0,6,0,2,4,4,0.002706842,0.010026511,0.071606739,0.915659907,0.045822947,0.299594592,0.529090228,0.125492233,1,0,1,1,0,0,1,0,1,1,0,0,1,1,0,0,8,0,9,18,1,2,3,4,2,3,4,5,5,6,7,8,4,5,5,4,2,5,0.476190476,3,4,5,0.074074074,1,3479,15995,14152,"Scuola secondaria di 2Âº grado (diploma di istruzione liceale, diploma di istruzione tecnica, diploma di istruzione professionale)","Scuola secondaria di 2Âº grado (diploma di istruzione liceale, diploma di istruzione tecnica, diploma di istruzione professionale)",2,3,4,3,4,4,3,4,4,4,4,6,7,5,7,6,7,7,8,7,6,7,3,2,0.019469538,0.01947,0.019672,0.019672,0.021729,0.021728649,0.022186591,0.022186591,0,0,0.000306,0.000351,0.000308,0.000275,0.000352,0.000455,0.00041,0.000367,0,0.899657266,0.799910991,0.799788756,0.799791181,0.489622761,0.000805806,1.21E-07,0.997627817,0.998416509,5.35E-14,0.999484418,0.000443708,0,0,0,0,0,0,1,1,1,6,0.687198506,0.776764892,0.669846403,0.673332967,0.471119598,0.000805842,1.22E-07,0.997687119,0.998414528,5.35E-14,0.999478799,0.00044349,3,0,1,2,0,0,1,1,0,0,0,3,0,1,1
10,5,0,0,0,2,4,5,0.010026511,0.002706842,0.071606739,0.915659907,0.002706842,0.071606739,0.915659907,0.010026511,1,0,1,0,1,0,4,0,1,1,0,0,1,0,0,1,4,1,10,5,1,2,3,4,3,2,3,4,5,6,7,8,2,3,4,3,2,4,0.222222222,2,2,4,0.222222222,2,3231,11950,15097,"Scuola secondaria di 2Âº grado (diploma di istruzione liceale, diploma di istruzione tecnica, diploma di istruzione professionale)",Scuola secondaria di 1Âº grado (Licenza media),1,3,4,3,4,4,3,4,4,4,4,6,7,8,7,6,7,7,6,7,7,7,0,0,0.000306152,0.000351,0.000308,0.000275,0.000352,0.000455359,0.000410313,0.000367235,0,0,0.000306,0.000351,0.000308,0.000275,0.000352,0.000455,0.00041,0.000367,0,0.899577289,0.79989544,0.799435219,0.799437349,0.484898621,0.001001689,1.03E-07,0.997432241,0.998416528,4.11E-14,0.999381237,0.000546896,0,0,0,0,0,0,1,1,1,0,0.899032073,0.799495974,0.798733223,0.79879813,0.487653354,0.001001743,1.04E-07,0.997491513,0.998414546,4.12E-14,0.999375617,0.000546679,0,0,0,0,0,0,1,1,1,1,0,1,0,0,1
10,9,0,6,0,2,4,6,0.002706842,0.010026511,0.071606739,0.915659907,0.34625738,0.43237148,0.000318609,0.221052531,1,0,1,1,0,0,5,0,1,1,NaN,NaN,NaN,NaN,NaN,NaN,NaN,0,10,9,1,2,3,4,1,2,3,4,5,6,7,8,4,5,2,3,1,4,0.666666667,3,2,5,0.476190476,3,3212,NaN,NaN,Laurea specialistica,"Scuola secondaria di 2Âº grado (diploma di istruzione liceale, diploma di istruzione tecnica, diploma di istruzione professionale)",2,3,4,3,4,4,3,4,4,4,4,6,5,8,6,6,8,5,5,8,6,6,3,2,0.009315631,0.010101,0.009699,0.011409,0.011178,0.012376918,0.012055149,0.014129339,0,0,0.000306,0.000351,0.000308,0.000275,0.000352,0.000455,0.00041,0.000367,0,0.899657266,0.799910991,0.799788756,0.799791181,0.489622761,0.000805806,1.21E-07,0.997627817,0.998416509,5.35E-14,0.999484418,0.000443708,0,0,0,0,0,0,1,1,1,6,0.454139914,0.697737235,0.660191975,0.664188409,0.306987876,0.000805842,1.22E-07,0.997687119,0.998414528,5.35E-14,0.999478799,0.00044349,3,0,2,2,0,1,1,1,0,0,0,2,1,1,1
10,12,1,0,0,2,4,7,0.000977198,0.101531796,0.101048593,0.796442413,0.002706842,0.915659907,0.010026511,0.071606739,0,1,1,0,1,0,4,0,1,1,0,0,1,1,0,0,6,1,10,12,1,2,3,4,3,4,4,5,5,6,7,8,4,5,4,4,3,5,0.166666667,2,4,5,0.058823529,1,3159,15587,NaN,Laurea specialistica,Laurea specialistica,2,3,4,3,4,4,2,4,4,4,4,6,7,8,6,6,8,6,6,8,6,6,0,0,0.000306152,0.000351,0.000308,0.000275,0.000352,0.000455359,0.000410313,0.000367235,1,1,0.000958,0.000969,0.00086,0.00081,0.001126,0.001204,0.001093,0.001026,1,0.897580007,0.799573308,0.79918085,0.799194864,0.439814324,0.001599792,7.67E-07,0.996832899,0.996022441,1.57E-12,0.999054772,0.000873385,1,0,0,1,0,0,1,1,1,0,0.895277011,0.795761303,0.788849523,0.78903088,0.474704247,0.001599754,7.70E-07,0.996892264,0.996018945,1.57E-12,0.999048575,0.000873747,0,0,0,0,0,0,1,1,1,2,0,3,0,1,1
10,13,0,0,0,2,4,4,0.010026511,0.002706842,0.071606739,0.915659907,0.002706842,0.010026511,0.071606739,0.915659907,1,1,0,0,0,1,5,0,1,0,0,0,1,1,0,0,7,1,10,13,1,2,3,4,4,1,4,5,5,6,7,8,4,4,4,5,1,5,0.857142857,4,4,5,0.058823529,1,3148,15767,15758,"Scuola secondaria di 2Âº grado (diploma di istruzione liceale, diploma di istruzione tecnica, diploma di istruzione professionale)",Dottorato di ricerca,1,3,4,3,4,4,3,4,4,4,4,6,7,8,7,8,8,7,8,8,8,8,0,0,0.000306152,0.000351,0.000308,0.000275,0.000352,0.000455359,0.000410313,0.000367235,0,0,0.000306,0.000351,0.000308,0.000275,0.000352,0.000455,0.00041,0.000367,0,0.899577289,0.79989544,0.799435219,0.799437349,0.484898621,0.001001689,1.03E-07,0.997432241,0.998416528,4.11E-14,0.999381237,0.000546896,0,0,0,0,0,0,1,1,1,0,0.899050835,0.798112755,0.795772565,0.796665679,0.499713462,0.001001743,1.04E-07,0.997491513,0.998414546,4.12E-14,0.999375617,0.000546679,0,0,0,0,0,0,1,1,1,1,0,3,0,0,1
10,14,4,0,0,2,4,4,0.042283155,0.111626206,0.296331305,0.549759334,0.915659907,0.071606739,0.010026511,0.002706842,0,1,1,0,0,1,2,0,1,1,0,0,1,0,0,1,5,1,10,14,1,2,3,4,2,2,4,3,5,6,7,8,5,4,3,2,2,4,0.333333333,2,2,5,0.476190476,3,3318,16311,15480,Laurea specialistica,Laurea specialistica,1,3,4,2,4,4,3,4,3,4,4,5,5,5,6,6,7,5,5,5,6,5,0,0,0.000306152,0.000351,0.000308,0.000275,0.000352,0.000455359,0.000410313,0.000367235,2,2,0.00655,0.015764,0.015539,0.022999,0.007361,0.018002,0.017922,0.026258,4,0.87138457,0.797217411,0.791757522,0.791796056,0.448755718,0.100320527,1.51E-05,0.898114549,0.980297979,1.44E-10,0.951821418,0.048110135,2,0,1,1,0,1,0,0,0,0,0.899296996,0.799380705,0.798929519,0.798925727,0.497488442,0.10031545,1.52E-05,0.89817564,0.980242832,1.49E-10,0.950392783,0.049533322,0,0,0,0,0,0,1,1,1,3,1,0,0,1,1
10,15,4,3,1,2,4,6,0.579921707,0.295471193,0.000418715,0.124188385,0.365826623,0.632696695,0.000573852,0.00090283,1,1,0,0,1,0,3,0,1,0,0,0,1,0,0,1,6,1,10,15,1,2,3,4,5,2,1,3,5,6,7,8,4,5,2,1,1,5,1.060606061,4,1,5,1.111111111,4,3329,13424,14414,"Scuola secondaria di 2Âº grado (diploma di istruzione liceale, diploma di istruzione tecnica, diploma di istruzione professionale)","Scuola secondaria di 2Âº grado (diploma di istruzione liceale, diploma di istruzione tecnica, diploma di istruzione professionale)",1,1,1,2,4,4,2,1,1,2,1,6,5,5,6,6,8,6,6,5,6,5,1,1,0.002904536,0.003386,0.003071,0.003098,0.003666,0.004387326,0.004079551,0.00411772,2,2,0.009316,0.010101,0.009699,0.011409,0.011178,0.012377,0.012055,0.014129,4,0.816105431,0.774147083,0.765425067,0.763861732,0.470582552,0.999999991,0.998894724,1.94E-10,3.42E-07,0.703430703,6.60E-10,0.296569297,2,0,1,2,0,1,1,1,0,3,0.892504785,0.796018442,0.794674416,0.794679271,0.497996024,0.999999991,0.998901742,1.95E-10,3.40E-07,0.703498909,5.67E-10,0.296501091,0,1,2,0,1,3,1,1,1,1,0,2,1,0,1
10,16,0,0,1,2,4,5,0.010026511,0.915659907,0.002706842,0.071606739,0.071606739,0.010026511,0.915659907,0.002706842,0,1,1,1,0,0,2,0,1,1,0,0,1,0,0,1,4,1,10,16,1,2,3,4,4,5,3,4,5,6,7,8,4,3,5,3,3,5,0.166666667,2,3,5,0.244444444,2,3420,16189,17594,Laurea triennale,Dottorato di ricerca,2,1,4,2,2,4,2,2,4,2,2,5,7,5,7,6,7,7,5,7,7,7,0,0,0.000306152,0.000351,0.000308,0.000275,0.000352,0.000455359,0.000410313,0.000367235,0,0,0.000306,0.000351,0.000308,0.000275,0.000352,0.000455,0.00041,0.000367,0,0.897846929,0.798294477,0.797802644,0.797637956,0.49557102,0.99999989,0.995339651,3.64E-08,1.05E-05,0.385935607,1.21E-07,0.614064271,0,0,0,0,0,0,1,1,1,0,0.891494905,0.799153601,0.79767892,0.773250751,0.540876282,0.999999892,0.995359214,3.64E-08,1.04E-05,0.386039707,1.30E-07,0.613960162,0,0,0,0,0,0,1,1,1,1,0,1,0,0,1
10,17,0,1,0,2,4,4,0.002706842,0.010026511,0.071606739,0.915659907,0.000977198,0.101531796,0.796442413,0.101048593,0,1,1,1,0,0,3,0,1,1,0,0,1,1,0,0,5,1,10,17,1,2,3,4,4,3,4,5,5,6,7,8,1,3,4,3,3,5,0.166666667,2,1,4,0.575757576,3,NaN,NaN,NaN,,,2,3,4,3,4,4,3,4,4,4,4,6,7,8,7,8,7,7,6,7,7,7,1,1,0.000957953,0.000969,0.00086,0.00081,0.001126,0.001204491,0.001092811,0.001025973,0,0,0.000306,0.000351,0.000308,0.000275,0.000352,0.000455,0.00041,0.000367,0,0.899657266,0.799910991,0.799788756,0.799791181,0.489622761,0.000805806,1.21E-07,0.997627817,0.998416509,5.35E-14,0.999484418,0.000443708,0,0,0,0,0,0,1,1,1,1,0.895498811,0.798573955,0.797885401,0.798252138,0.456250349,0.000805842,1.22E-07,0.997687119,0.998414528,5.35E-14,0.999478799,0.00044349,1,0,0,1,0,0,1,1,1,3,1,2,0,1,1
10,18,0,1,1,2,4,6,0.915659907,0.071606739,0.002706842,0.010026511,0.000977198,0.101531796,0.796442413,0.101048593,0,1,1,0,1,0,5,0,1,1,0,0,1,1,0,0,3,1,10,18,1,2,3,4,5,4,3,2,5,6,7,8,3,2,5,1,2,5,0.476190476,3,1,5,1.060606061,4,NaN,NaN,NaN,,,1,1,1,2,2,4,1,1,1,2,1,6,7,8,7,8,7,7,6,7,7,7,1,1,0.000957953,0.000969,0.00086,0.00081,0.001126,0.001204491,0.001092811,0.001025973,0,0,0.000306,0.000351,0.000308,0.000275,0.000352,0.000455,0.00041,0.000367,0,0.898788368,0.798550063,0.79826998,0.798178304,0.504072501,1,0.999990495,4.67E-13,1.97E-09,0.983345455,1.17E-13,0.016654545,0,0,0,0,0,0,1,1,1,1,0.895498811,0.798573955,0.797885401,0.798252138,0.456250349,1,0.999990573,4.68E-13,1.96E-09,0.983348197,1.03E-13,0.016651803,1,0,0,1,0,0,1,1,1,2,1,5,2,0,1
10,19,3,8,0,2,4,3,0.000574023,0.632956231,0.000903195,0.36556655,0.00030872,0.426914847,0.336826355,0.235950078,1,0,1,0,0,1,5,0,1,1,NaN,NaN,NaN,NaN,NaN,NaN,NaN,0,10,19,1,2,3,4,1,5,3,5,5,6,7,8,2,2,1,2,1,5,1.047619048,4,1,2,0.142857143,1,3296,16212,17785,"Scuola secondaria di 2Âº grado (diploma di istruzione liceale, diploma di istruzione tecnica, diploma di istruzione professionale)",Laurea specialistica,2,3,4,2,2,4,2,4,4,2,2,6,7,8,7,8,8,7,6,7,6,6,4,4,0.050472327,0.050472,0.050472,0.050472,0.061277,0.06127748,0.06127748,0.06127748,1,1,0.002905,0.003386,0.003071,0.003098,0.003666,0.004387,0.00408,0.004118,3,0.879146,0.793084619,0.788888206,0.788899125,0.494554961,0.999973539,0.868520594,2.48E-05,0.013191216,0.001692615,0.000100932,0.9982056,1,0,1,1,0,1,1,1,0,8,0.335307207,0.650840223,0.590403012,0.600724292,0.277140701,0.999973597,0.869028108,2.48E-05,0.013124197,0.001693857,0.000106395,0.998198793,4,2,1,3,1,1,1,1,0,1,0,7,1,0,0
10,20,0,0,0,2,4,7,0.002706842,0.071606739,0.010026511,0.915659907,0.002706842,0.010026511,0.915659907,0.071606739,0,1,1,0,0,1,4,0,1,1,0,0,1,0,0,1,7,1,10,20,1,2,3,4,4,4,4,5,5,6,7,8,4,4,5,4,4,5,0.058823529,1,4,5,0.058823529,1,3315,19045,18502,Laurea specialistica,"Scuola secondaria di 2Âº grado (diploma di istruzione liceale, diploma di istruzione tecnica, diploma di istruzione professionale)",2,3,4,2,4,4,2,4,4,4,4,6,7,8,7,8,7,7,8,7,7,7,0,0,0.000306152,0.000351,0.000308,0.000275,0.000352,0.000455359,0.000410313,0.000367235,0,0,0.000306,0.000351,0.000308,0.000275,0.000352,0.000455,0.00041,0.000367,0,0.899193323,0.799722883,0.799169438,0.799178538,0.487675641,0.003100637,5.13E-06,0.995334411,0.996018099,4.45E-11,0.998263016,0.001665198,0,0,0,0,0,0,1,1,1,0,0.899259628,0.799366178,0.799054432,0.799247696,0.484790148,0.003100356,5.15E-06,0.995393929,0.996014586,4.46E-11,0.998255347,0.001667037,0,0,0,0,0,0,1,1,1,3,0,3,0,0,1
11,4,0,5,1,2,5,6,0.915659907,0.071606739,0.002706842,0.010026511,0.000371259,0.527005439,0.201706528,0.270916774,0,1,1,0,1,0,4,0,1,1,0,0,1,0,0,1,3,1,11,4,1,2,3,4,5,3,1,2,5,6,7,8,3,4,2,5,1,5,1.060606061,4,2,5,0.476190476,3,3591,14745,15279,Laurea specialistica,Laurea specialistica,1,1,1,2,2,4,1,1,1,2,1,6,7,8,6,6,7,6,6,7,6,8,2,1,0.009315631,0.010101,0.009699,0.011409,0.011178,0.012376918,0.012055149,0.014129339,0,0,0.000306,0.000351,0.000308,0.000275,0.000352,0.000455,0.00041,0.000367,0,0.898788368,0.798550063,0.79826998,0.798178304,0.504072501,1,0.999990495,4.67E-13,1.97E-09,0.983345455,1.17E-13,0.016654545,0,0,0,0,0,0,1,1,1,5,0.722373151,0.743043755,0.722049226,0.730519212,0.46871852,1,0.999990573,4.68E-13,1.96E-09,0.983348197,1.03E-13,0.016651803,0,2,3,0,1,3,1,1,1,0,0,6,3,1,1
11,5,0,0,0,2,5,4,0.071606739,0.002706842,0.915659907,0.010026511,0.002706842,0.915659907,0.010026511,0.071606739,1,0,1,0,1,0,4,0,1,1,NaN,NaN,NaN,NaN,NaN,NaN,NaN,0,11,5,1,2,3,4,4,3,5,1,5,6,7,8,4,5,1,1,1,5,0.897435897,4,1,5,1.545454545,4,NaN,NaN,NaN,,,1,3,1,3,4,3,3,1,3,3,3,6,7,8,6,6,8,6,6,8,6,6,0,0,0.000306152,0.000351,0.000308,0.000275,0.000352,0.000455359,0.000410313,0.000367235,0,0,0.000306,0.000351,0.000308,0.000275,0.000352,0.000455,0.00041,0.000367,0,0.898344791,0.798102344,0.797913641,0.797913591,0.50818623,0.999999983,0.576682197,2.10E-09,0.002868654,2.40E-06,2.08E-08,0.999997579,0,0,0,0,0,0,1,1,1,0,0.895277011,0.795761303,0.788849523,0.78903088,0.474704247,0.999999983,0.578590911,2.10E-09,0.002838427,2.40E-06,2.00E-08,0.999997577,0,0,0,0,0,0,1,1,1,2,1,5,2,0,1
11,6,5,1,1,2,5,7,0.483170642,0.169402642,0.34707699,0.000349726,0.723287369,0.132330037,0.05739948,0.086983114,0,1,1,0,1,0,3,0,1,1,0,0,1,0,0,1,4,1,11,6,1,2,3,4,5,4,4,3,5,6,7,8,4,4,4,4,3,5,0.166666667,2,4,4,0,0,3575,NaN,NaN,Laurea specialistica,Laurea specialistica,1,1,1,3,2,3,3,2,1,3,1,5,5,5,6,8,7,5,5,5,6,5,1,1,0.000693828,0.00159,0.001395,0.001327,0.000752,0.001852859,0.001653838,0.001554939,2,2,0.009316,0.010101,0.009699,0.011409,0.011178,0.012377,0.012055,0.014129,5,0.843106306,0.781883867,0.777783499,0.777249671,0.610561517,1,0.999953472,3.19E-13,4.37E-08,0.109588867,4.85E-12,0.890411133,2,0,2,2,0,1,1,1,0,1,0.894548069,0.797609222,0.796020934,0.795986021,0.4642535,1,0.999953898,3.20E-13,4.31E-08,0.109641448,5.01E-12,0.890358552,1,0,0,0,0,0,0,0,1,1,0,6,0,0,1
11,7,0,0,0,2,5,6,0.071606739,0.002706842,0.010026511,0.915659907,0.010026511,0.071606739,0.915659907,0.002706842,0,1,1,0,1,0,5,0,1,1,NaN,NaN,NaN,NaN,NaN,NaN,NaN,0,11,7,1,2,3,4,4,3,3,5,5,6,7,8,4,4,5,3,3,5,0.244444444,2,3,5,0.166666667,2,3751,12916,13147,Scuola secondaria di 1Âº grado (Licenza media),Scuola secondaria di 1Âº grado (Licenza media),1,1,4,3,4,4,1,4,4,4,4,6,7,5,7,6,7,7,6,7,7,7,0,0,0.000306152,0.000351,0.000308,0.000275,0.000352,0.000455359,0.000410313,0.000367235,0,0,0.000306,0.000351,0.000308,0.000275,0.000352,0.000455,0.00041,0.000367,0,0.898888497,0.799350397,0.797684547,0.797696998,0.460720507,0.009961383,6.25E-06,0.988480558,0.994103904,3.35E-11,0.994769874,0.00515859,0,0,0,0,0,0,1,1,1,0,0.898483665,0.79944866,0.795283695,0.794938399,0.500186889,0.009961122,6.28E-06,0.988539714,0.994099714,3.35E-11,0.994760075,0.005162581,0,0,0,0,0,0,1,1,1,1,0,1,0,0,1
11,8,0,3,1,2,5,6,0.071606739,0.915659907,0.002706842,0.010026511,0.632696695,0.000573852,0.365826623,0.00090283,0,1,1,0,1,0,5,0,1,1,0,0,1,0,0,1,5,1,11,8,1,2,3,4,4,5,3,4,5,6,7,8,5,3,4,4,3,5,0.166666667,2,3,5,0.166666667,2,3749,15499,17265,Scuola secondaria di 1Âº grado (Licenza media),Scuola secondaria di 1Âº grado (Licenza media),2,1,1,2,2,4,2,2,1,2,2,5,5,5,7,8,7,5,5,5,7,7,1,1,0.002904536,0.003386,0.003071,0.003098,0.003666,0.004387326,0.004079551,0.00411772,0,0,0.000306,0.000351,0.000308,0.000275,0.000352,0.000455,0.00041,0.000367,0,0.898465058,0.799027736,0.798302045,0.79063163,0.499681915,1,0.999994396,1.95E-12,8.89E-10,0.997438886,5.27E-14,0.002561114,0,0,0,0,0,0,1,1,1,3,0.881083402,0.79216947,0.789971393,0.787822708,0.497339153,1,0.999994434,1.95E-12,8.79E-10,0.997439193,5.43E-14,0.002560807,0,1,2,0,1,3,1,1,1,1,0,1,0,0,1
11,9,4,0,0,2,5,3,0.000497891,0.000745539,0.499192247,0.499564322,0.002706842,0.071606739,0.915659907,0.010026511,0,1,1,0,1,0,5,0,1,1,NaN,NaN,NaN,NaN,NaN,NaN,NaN,0,11,9,1,2,3,4,1,4,5,5,5,6,7,8,1,5,5,3,1,5,0.955555556,4,1,5,1.047619048,4,3749,12570,14732,"Scuola secondaria di 2Âº grado (diploma di istruzione liceale, diploma di istruzione tecnica, diploma di istruzione professionale)","Scuola secondaria di 2Âº grado (diploma di istruzione liceale, diploma di istruzione tecnica, diploma di istruzione professionale)",2,3,4,3,4,3,3,4,3,4,4,6,7,8,7,6,7,7,6,7,7,7,0,0,0.000306152,0.000351,0.000308,0.000275,0.000352,0.000455359,0.000410313,0.000367235,2,2,0.002905,0.003386,0.003071,0.003098,0.003666,0.004387,0.00408,0.004118,4,0.88190579,0.798073872,0.79695769,0.796985382,0.497787713,0.720033792,4.40E-05,0.279479228,0.980269679,3.94E-10,0.543838159,0.456122733,1,1,1,1,1,1,1,1,0,0,0.899032073,0.799495974,0.798733223,0.79879813,0.487653354,0.719909725,4.43E-05,0.279620521,0.980214306,3.93E-10,0.546053297,0.453904246,0,0,0,0,0,0,1,1,1,2,0,1,0,1,0
11,10,3,1,1,2,5,4,0.36556655,0.632956231,0.000574023,0.000903195,0.101048593,0.101531796,0.796442413,0.000977198,0,1,1,0,0,1,3,0,1,1,0,1,0,0,1,0,4,1,11,10,1,2,3,4,4,5,3,4,5,6,7,8,3,4,5,3,3,5,0.166666667,2,3,5,0.244444444,2,NaN,NaN,NaN,,,2,1,1,2,2,4,1,2,1,2,2,5,7,5,7,6,7,7,6,7,7,7,1,1,0.000957953,0.000969,0.00086,0.00081,0.001126,0.001204491,0.001092811,0.001025973,1,1,0.002905,0.003386,0.003071,0.003098,0.003666,0.004387,0.00408,0.004118,3,0.889389466,0.796326383,0.793518637,0.786042233,0.499348431,1,0.99999382,1.11E-12,6.58E-10,0.995901922,4.92E-14,0.004098078,1,0,1,1,0,1,1,1,0,1,0.887235138,0.798260916,0.795142485,0.786973112,0.488637934,1,0.999993863,1.11E-12,6.50E-10,0.995902461,5.07E-14,0.004097539,1,0,0,1,0,0,1,1,1,1,0,2,0,0,1
11,11,0,0,0,2,5,7,0.002706842,0.010026511,0.071606739,0.915659907,0.071606739,0.002706842,0.915659907,0.010026511,0,1,1,1,0,0,4,0,1,1,0,1,0,0,0,1,5,1,11,11,1,2,3,4,1,3,4,5,5,6,7,8,3,4,5,3,1,5,0.897435897,4,3,5,0.244444444,2,3878,18587,20336,Scuola secondaria di 1Âº grado (Licenza media),Scuola secondaria di 1Âº grado (Licenza media),2,3,4,3,4,4,3,4,4,4,4,5,7,5,7,8,7,7,5,7,7,7,0,0,0.000306152,0.000351,0.000308,0.000275,0.000352,0.000455359,0.000410313,0.000367235,0,0,0.000306,0.000351,0.000308,0.000275,0.000352,0.000455,0.00041,0.000367,0,0.899657266,0.799910991,0.799788756,0.799791181,0.489622761,0.000805806,1.21E-07,0.997627817,0.998416509,5.35E-14,0.999484418,0.000443708,0,0,0,0,0,0,1,1,1,0,0.895455717,0.798959481,0.798495248,0.791134676,0.490583768,0.000805842,1.22E-07,0.997687119,0.998414528,5.35E-14,0.999478799,0.00044349,0,0,0,0,0,0,1,1,1,0,0,5,2,1,1
11,12,0,0,1,2,5,7,0.915659907,0.071606739,0.010026511,0.002706842,0.915659907,0.002706842,0.010026511,0.071606739,1,0,1,0,0,1,5,0,1,1,0,1,0,0,0,1,2,1,11,12,1,2,3,4,5,3,3,2,5,6,7,8,5,2,4,3,2,5,0.487179487,3,2,5,0.476190476,3,2805,19862,21927,Laurea specialistica,"Scuola secondaria di 2Âº grado (diploma di istruzione liceale, diploma di istruzione tecnica, diploma di istruzione professionale)",1,1,1,2,2,3,1,1,1,2,1,5,5,5,7,8,8,5,5,5,8,5,0,0,0.000306152,0.000351,0.000308,0.000275,0.000352,0.000455359,0.000410313,0.000367235,0,0,0.000306,0.000351,0.000308,0.000275,0.000352,0.000455,0.00041,0.000367,0,0.899555009,0.799529066,0.799230456,0.799061092,0.549426574,1,0.999999424,8.38E-15,1.20E-10,0.993718325,1.14E-15,0.006281675,0,0,0,0,0,0,1,1,1,0,0.897109017,0.797357319,0.793687839,0.753426384,0.492622927,1,0.999999429,8.41E-15,1.19E-10,0.993719185,1.03E-15,0.006280815,0,0,0,0,0,0,1,1,1,1,0,2,1,0,1
11,13,2,7,0,2,5,5,0.110330007,0.110330007,0.710982107,0.068357878,0.259773618,0.216126887,0.352543364,0.171556131,1,0,1,0,1,0,4,0,1,1,0,1,0,0,0,1,6,1,11,13,1,2,3,4,3,3,3,3,5,6,7,8,3,3,3,3,3,3,0,0,3,3,0,0,NaN,NaN,NaN,,,2,3,4,3,2,3,3,1,3,3,3,6,5,5,7,8,7,6,8,5,7,7,5,4,0.008431472,0.072006,0.186683,0.186683,0.008098,0.07436182,0.19265144,0.19265144,2,1,0.002016,0.002034,0.00187,0.001831,0.002227,0.00232,0.002152,0.002088,2,0.840765221,0.785161732,0.757728301,0.757725618,0.494950379,0.999999987,0.734383358,1.51E-09,0.001799977,6.16E-06,1.38E-08,0.999993822,2,0,0,1,0,0,1,1,1,7,0.240865459,0.445708072,0.372802705,0.406692019,0.20714455,0.999999988,0.735687574,1.51E-09,0.001780293,6.17E-06,1.37E-08,0.999993815,2,1,2,0,0,0,0,0,0,8,0,9,0,0,0
11,14,0,0,1,2,5,7,0.915659907,0.071606739,0.002706842,0.010026511,0.915659907,0.002706842,0.071606739,0.010026511,0,1,1,0,0,1,3,0,1,1,0,0,1,1,0,0,3,1,11,14,1,2,3,4,5,4,1,3,5,6,7,8,5,2,4,3,1,5,0.897435897,4,2,5,0.476190476,3,3516,15649,16294,"Scuola secondaria di 2Âº grado (diploma di istruzione liceale, diploma di istruzione tecnica, diploma di istruzione professionale)","Scuola secondaria di 2Âº grado (diploma di istruzione liceale, diploma di istruzione tecnica, diploma di istruzione professionale)",1,1,1,2,2,4,1,1,1,2,1,5,5,5,7,8,7,5,5,5,7,5,0,0,0.000306152,0.000351,0.000308,0.000275,0.000352,0.000455359,0.000410313,0.000367235,0,0,0.000306,0.000351,0.000308,0.000275,0.000352,0.000455,0.00041,0.000367,0,0.898788368,0.798550063,0.79826998,0.798178304,0.504072501,1,0.999990495,4.67E-13,1.97E-09,0.983345455,1.17E-13,0.016654545,0,0,0,0,0,0,1,1,1,0,0.897810787,0.798122539,0.7975203,0.79678175,0.495201965,1,0.999990573,4.68E-13,1.96E-09,0.983348197,1.03E-13,0.016651803,0,0,0,0,0,0,1,1,1,0,0,0,0,1,1
11,15,0,0,0,2,5,6,0.010026511,0.002706842,0.071606739,0.915659907,0.002706842,0.010026511,0.915659907,0.071606739,1,1,0,0,0,1,3,0,1,0,NaN,NaN,NaN,NaN,NaN,NaN,NaN,0,11,15,1,2,3,4,1,3,4,5,5,6,7,8,1,3,5,4,1,5,0.897435897,4,1,5,0.897435897,4,3605,14300,15979,"Scuola secondaria di 2Âº grado (diploma di istruzione liceale, diploma di istruzione tecnica, diploma di istruzione professionale)","Scuola secondaria di 2Âº grado (diploma di istruzione liceale, diploma di istruzione tecnica, diploma di istruzione professionale)",1,3,4,3,4,4,3,4,4,4,4,6,7,8,7,8,7,7,8,7,7,7,0,0,0.000306152,0.000351,0.000308,0.000275,0.000352,0.000455359,0.000410313,0.000367235,0,0,0.000306,0.000351,0.000308,0.000275,0.000352,0.000455,0.00041,0.000367,0,0.899577289,0.79989544,0.799435219,0.799437349,0.484898621,0.001001689,1.03E-07,0.997432241,0.998416528,4.11E-14,0.999381237,0.000546896,0,0,0,0,0,0,1,1,1,0,0.899259628,0.799366178,0.799054432,0.799247696,0.484790148,0.001001743,1.04E-07,0.997491513,0.998414546,4.12E-14,0.999375617,0.000546679,0,0,0,0,0,0,1,1,1,2,1,0,0,1,1
11,16,0,0,1,2,5,7,0.915659907,0.010026511,0.071606739,0.002706842,0.071606739,0.915659907,0.010026511,0.002706842,0,1,1,1,0,0,4,0,1,1,0,0,1,0,1,0,3,1,11,16,1,2,3,4,4,4,5,2,5,6,7,8,4,5,3,2,2,5,0.422222222,3,2,5,0.476190476,3,3503,15230,17366,Scuola secondaria di 1Âº grado (Licenza media),Scuola secondaria di 1Âº grado (Licenza media),1,1,1,3,2,3,1,1,1,3,1,6,5,5,6,6,7,6,6,5,6,6,0,0,0.000306152,0.000351,0.000308,0.000275,0.000352,0.000455359,0.000410313,0.000367235,0,0,0.000306,0.000351,0.000308,0.000275,0.000352,0.000455,0.00041,0.000367,0,0.899273202,0.799108707,0.798927354,0.798906785,0.591917401,1,0.99997541,6.61E-14,7.31E-09,0.416412904,8.02E-13,0.583587096,0,0,0,0,0,0,1,1,1,0,0.898268869,0.798118492,0.797944825,0.797978569,0.485760921,1,0.999975649,6.63E-14,7.24E-09,0.416515167,7.62E-13,0.583484833,0,0,0,0,0,0,1,1,1,3,1,0,0,1,1
11,17,0,0,1,2,5,7,0.915659907,0.071606739,0.010026511,0.002706842,0.915659907,0.071606739,0.010026511,0.002706842,0,1,1,1,0,0,3,0,1,1,1,0,0,0,1,0,3,1,11,17,1,2,3,4,5,4,3,3,5,6,7,8,5,4,4,3,3,5,0.244444444,2,3,5,0.166666667,2,3484,13,17,"Scuola secondaria di 2Âº grado (diploma di istruzione liceale, diploma di istruzione tecnica, diploma di istruzione professionale)","Scuola secondaria di 2Âº grado (diploma di istruzione liceale, diploma di istruzione tecnica, diploma di istruzione professionale)",1,1,1,2,2,3,1,1,1,2,1,5,5,5,6,6,7,5,5,5,6,5,0,0,0.000306152,0.000351,0.000308,0.000275,0.000352,0.000455359,0.000410313,0.000367235,0,0,0.000306,0.000351,0.000308,0.000275,0.000352,0.000455,0.00041,0.000367,0,0.899555009,0.799529066,0.799230456,0.799061092,0.549426574,1,0.999999424,8.38E-15,1.20E-10,0.993718325,1.14E-15,0.006281675,0,0,0,0,0,0,1,1,1,0,0.899296996,0.799380705,0.798929519,0.798925727,0.497488442,1,0.999999429,8.41E-15,1.19E-10,0.993719185,1.03E-15,0.006280815,0,0,0,0,0,0,1,1,1,1,0,1,0,0,1
11,18,3,8,0,2,5,6,0.000903195,0.000574023,0.632956231,0.36556655,0.000308713,0.381806637,0.381865572,0.236019078,0,1,1,0,1,0,5,0,1,1,NaN,NaN,NaN,NaN,NaN,NaN,NaN,0,11,18,1,2,3,4,3,2,5,4,5,6,7,8,3,4,4,4,2,5,0.476190476,3,3,4,0.066666667,1,3691,14423,15768,"Scuola secondaria di 2Âº grado (diploma di istruzione liceale, diploma di istruzione tecnica, diploma di istruzione professionale)","Scuola secondaria di 2Âº grado (diploma di istruzione liceale, diploma di istruzione tecnica, diploma di istruzione professionale)",1,3,4,3,4,3,3,4,3,4,3,6,7,8,6,8,7,7,6,8,6,7,4,4,0.050472327,0.050472,0.050472,0.050472,0.061277,0.06127748,0.06127748,0.06127748,1,1,0.002905,0.003386,0.003071,0.003098,0.003666,0.004387,0.00408,0.004118,3,0.889707125,0.797282013,0.795398501,0.795398748,0.498568717,0.994457862,0.000661678,0.005417857,0.775895686,1.42E-09,0.019588539,0.980323922,1,0,1,1,0,1,1,1,0,8,0.338577262,0.634018635,0.600582117,0.622339804,0.294470212,0.994458074,0.00066725,0.005421729,0.775147127,1.42E-09,0.019179537,0.980724912,4,1,2,3,0,1,0,1,0,0,0,4,0,1,1
12,2,9,10,0,2,1,3,0.281973199,0.161131183,0.154009271,0.402886346,0.22873515,0.062914296,0.354175277,0.354175277,NaN,NaN,NaN,NaN,NaN,NaN,NaN,NaN,NaN,NaN,NaN,NaN,NaN,NaN,NaN,NaN,NaN,NaN,12,2,1,2,3,4,4,4,1,5,5,6,7,8,5,1,5,4,1,5,0.857142857,4,1,5,0.955555556,4,2372,15288,16783,Laurea specialistica,"Scuola secondaria di 2Âº grado (diploma di istruzione liceale, diploma di istruzione tecnica, diploma di istruzione professionale)",1,1,4,2,4,4,2,4,4,3,1,6,7,8,7,8,8,5,5,7,7,8,5,4,0.104602065,0.104602,0.104602,0.104602,0.114425,0.114424833,0.114424833,0.114424833,4,3,0.064213,0.064213,0.207538,0.207538,0.066126,0.066126,0.213353,0.213353,9,0.269429912,0.711317542,0.342933608,0.342996303,0.324574601,0.994979256,0.03752585,0.004804724,0.196753194,1.01E-05,0.017904508,0.98198134,3,1,3,2,1,1,1,1,0,10,0.231367805,0.507176216,0.312688991,0.380303949,0.228994828,0.994979523,0.037663464,0.004811026,0.196569555,1.02E-05,0.017814613,0.982055953,6,0,3,4,0,2,1,1,0,1,0,4,1,0,1
12,3,0,0,1,2,1,4,0.915659907,0.071606739,0.010026511,0.002706842,0.915659907,0.071606739,0.002706842,0.010026511,NaN,NaN,NaN,NaN,NaN,NaN,NaN,NaN,NaN,NaN,NaN,NaN,NaN,NaN,NaN,NaN,NaN,NaN,12,3,1,2,3,4,5,1,1,1,5,6,7,8,5,5,5,5,1,5,2,4,5,5,0,0,2055,12784,14958,Laurea triennale,Scuola secondaria di 1Âº grado (Licenza media),1,1,1,2,2,3,1,1,1,2,1,5,5,5,6,6,8,5,5,5,6,5,0,0,0.000306152,0.000351,0.000308,0.000275,0.000352,0.000455359,0.000410313,0.000367235,0,0,0.000306,0.000351,0.000308,0.000275,0.000352,0.000455,0.00041,0.000367,0,0.899555009,0.799529066,0.799230456,0.799061092,0.549426574,1,0.999999424,8.38E-15,1.20E-10,0.993718325,1.14E-15,0.006281675,0,0,0,0,0,0,1,1,1,0,0.899376629,0.799427965,0.797364969,0.797356977,0.504583747,1,0.999999429,8.41E-15,1.19E-10,0.993719185,1.03E-15,0.006280815,0,0,0,0,0,0,1,1,1,3,0,6,0,0,1
12,5,0,8,1,2,1,5,0.071606739,0.915659907,0.010026511,0.002706842,0.178745918,0.430003361,0.116132099,0.275118622,NaN,NaN,NaN,NaN,NaN,NaN,NaN,NaN,NaN,NaN,NaN,NaN,NaN,NaN,NaN,NaN,NaN,NaN,12,5,1,2,3,4,4,5,3,1,5,6,7,8,4,1,1,5,1,5,0.897435897,4,1,5,1.545454545,4,NaN,NaN,NaN,,,2,1,1,2,2,3,2,2,1,2,2,6,5,8,7,8,8,5,6,8,6,6,3,3,0.019315757,0.020129,0.020129,0.051007,0.020958,0.022410321,0.022410321,0.055774414,0,0,0.000306,0.000351,0.000308,0.000275,0.000352,0.000455,0.00041,0.000367,0,0.89920837,0.799527005,0.797852205,0.779980765,0.5011577,1,0.99999966,3.51E-14,5.39E-11,0.999042559,5.05E-16,0.000957441,0,0,0,0,0,0,1,1,1,8,0.40017677,0.624717543,0.606945671,0.616419396,0.238039719,1,0.999999663,3.51E-14,5.32E-11,0.999042646,5.41E-16,0.000957354,4,2,1,2,1,0,0,0,0,0,0,5,2,1,1
12,6,8,9,1,2,1,1,0.483892549,0.225217132,0.174545098,0.116345221,0.309914757,0.334144665,0.086628047,0.269312531,NaN,NaN,NaN,NaN,NaN,NaN,NaN,NaN,NaN,NaN,NaN,NaN,NaN,NaN,NaN,NaN,NaN,NaN,12,6,1,2,3,4,3,5,1,1,5,6,7,8,5,3,4,2,1,5,1.466666667,4,2,5,0.476190476,3,2306,14599,16132,Laurea specialistica,"Scuola secondaria di 2Âº grado (diploma di istruzione liceale, diploma di istruzione tecnica, diploma di istruzione professionale)",2,3,1,2,2,3,1,1,1,4,1,5,5,8,7,6,8,5,8,5,6,6,5,4,0.104602065,0.104602,0.104602,0.104602,0.114425,0.114424833,0.114424833,0.114424833,4,3,0.064213,0.064213,0.207538,0.207538,0.066126,0.066126,0.213353,0.213353,8,0.381543005,0.683488636,0.589478146,0.587523373,0.348562632,1,0.999960035,7.01E-12,1.48E-07,0.406170165,6.67E-11,0.593829835,6,2,0,4,1,0,1,1,1,9,0.222221023,0.46007713,0.40840951,0.420812345,0.208560567,1,0.999960396,7.04E-12,1.47E-07,0.406273148,5.97E-11,0.593726852,3,2,2,1,0,1,0,0,0,5,1,6,2,0,0
12,7,0,1,1,2,1,3,0.915659907,0.071606739,0.010026511,0.002706842,0.132330037,0.723287369,0.086983114,0.05739948,NaN,NaN,NaN,NaN,NaN,NaN,NaN,NaN,NaN,NaN,NaN,NaN,NaN,NaN,NaN,NaN,NaN,NaN,12,7,1,2,3,4,5,5,4,4,5,6,7,8,5,5,5,4,4,5,0.074074074,1,4,5,0.052631579,1,2331,12899,12571,Laurea triennale,"Scuola secondaria di 2Âº grado (diploma di istruzione liceale, diploma di istruzione tecnica, diploma di istruzione professionale)",1,1,1,2,2,3,1,1,1,2,1,6,7,5,6,6,8,6,6,5,6,6,1,1,0.000693828,0.00159,0.001395,0.001327,0.000752,0.001852859,0.001653838,0.001554939,0,0,0.000306,0.000351,0.000308,0.000275,0.000352,0.000455,0.00041,0.000367,0,0.899555009,0.799529066,0.799230456,0.799061092,0.549426574,1,0.999999424,8.38E-15,1.20E-10,0.993718325,1.14E-15,0.006281675,0,0,0,0,0,0,1,1,1,1,0.890416479,0.79510911,0.793482109,0.793615262,0.407713032,1,0.999999429,8.41E-15,1.19E-10,0.993719185,1.03E-15,0.006280815,1,0,0,0,0,0,0,0,1,2,0,5,1,0,0
12,8,8,0,0,2,1,1,0.125320917,0.185827675,0.290841917,0.39800949,0.010026511,0.071606739,0.915659907,0.002706842,NaN,NaN,NaN,NaN,NaN,NaN,NaN,NaN,NaN,NaN,NaN,NaN,NaN,NaN,NaN,NaN,NaN,NaN,12,8,1,2,3,4,4,3,4,1,5,6,7,8,2,4,4,2,1,4,0.666666667,3,2,4,0.444444444,2,2224,13965,14993,Scuola secondaria di 1Âº grado (Licenza media),Scuola secondaria di 1Âº grado (Licenza media),1,1,4,2,4,3,2,4,4,4,3,6,7,5,7,6,7,7,6,7,7,7,0,0,0.000306152,0.000351,0.000308,0.000275,0.000352,0.000455359,0.000410313,0.000367235,5,3,0.048477,0.048477,0.048477,0.048477,0.050972,0.050972,0.050972,0.050972,8,0.237082608,0.651732404,0.48630502,0.486333727,0.315670193,0.972190632,0.010754147,0.027310173,0.93590228,1.02E-06,0.084027485,0.915595996,3,2,3,1,0,3,0,0,1,0,0.898483665,0.79944866,0.795283695,0.794938399,0.500186889,0.972186947,0.010825544,0.027332332,0.935715967,1.02E-06,0.084507795,0.915070183,0,0,0,0,0,0,1,1,1,11,4,2,0,0,0
12,9,0,3,1,2,1,3,0.915659907,0.071606739,0.002706842,0.010026511,0.632696695,0.00090283,0.365826623,0.000573852,NaN,NaN,NaN,NaN,NaN,NaN,NaN,NaN,NaN,NaN,NaN,NaN,NaN,NaN,NaN,NaN,NaN,NaN,12,9,1,2,3,4,4,1,1,1,5,6,7,8,1,1,4,1,1,4,1.285714286,3,1,4,1.285714286,3,2442,14211,16118,Scuola secondaria di 1Âº grado (Licenza media),Scuola secondaria di 1Âº grado (Licenza media),1,1,1,2,2,4,1,1,1,2,1,5,5,5,7,6,7,5,5,5,7,7,1,1,0.002904536,0.003386,0.003071,0.003098,0.003666,0.004387326,0.004079551,0.00411772,0,0,0.000306,0.000351,0.000308,0.000275,0.000352,0.000455,0.00041,0.000367,0,0.898788368,0.798550063,0.79826998,0.798178304,0.504072501,1,0.999990495,4.67E-13,1.97E-09,0.983345455,1.17E-13,0.016654545,0,0,0,0,0,0,1,1,1,3,0.877936078,0.791052013,0.782983731,0.781467147,0.527868001,1,0.999990573,4.68E-13,1.96E-09,0.983348197,1.03E-13,0.016651803,0,1,2,0,1,3,1,1,1,3,0,5,1,0,1
12,10,11,9,0,2,1,3,0.288148456,0.309514186,0.191915989,0.21042137,0.086426069,0.358824644,0.225651844,0.329097443,NaN,NaN,NaN,NaN,NaN,NaN,NaN,NaN,NaN,NaN,NaN,NaN,NaN,NaN,NaN,NaN,NaN,NaN,12,10,1,2,3,4,2,5,5,3,5,6,7,8,1,2,5,3,2,5,0.6,3,1,5,1.060606061,4,2193,15168,17111,Laurea specialistica,Laurea specialistica,1,3,4,3,2,3,1,4,1,2,2,6,7,5,7,8,8,6,6,7,6,8,5,4,0.104602065,0.104602,0.104602,0.104602,0.114425,0.114424833,0.114424833,0.114424833,6,5,0.264142,0.264142,0.264142,0.264142,0.269542,0.269542,0.269542,0.269542,11,0.239879017,0.378036709,0.30025492,0.300136981,0.207015823,0.999999995,0.993600405,2.94E-09,3.35E-05,0.002948639,2.41E-08,0.997051336,5,2,2,3,1,1,0,0,0,9,0.226090443,0.368472969,0.289444616,0.381096318,0.22528829,0.999999995,0.993643426,2.94E-09,3.33E-05,0.002950746,2.59E-08,0.997049228,5,1,3,2,0,3,0,0,1,7,3,5,2,0,0
12,11,6,5,1,2,1,4,0.1801711,0.512864043,0.306614127,0.000350731,0.483113246,0.347155361,0.000349724,0.169381669,NaN,NaN,NaN,NaN,NaN,NaN,NaN,NaN,NaN,NaN,NaN,NaN,NaN,NaN,NaN,NaN,NaN,NaN,12,11,1,2,3,4,5,5,5,1,5,6,7,8,5,5,1,5,1,5,1,4,1,5,1,4,2170,13617,12184,"Scuola secondaria di 2Âº grado (diploma di istruzione liceale, diploma di istruzione tecnica, diploma di istruzione professionale)",Scuola secondaria di 1Âº grado (Licenza media),1,3,1,3,2,3,2,2,3,2,2,5,5,5,6,6,8,5,5,8,6,6,2,2,0.009315631,0.010101,0.009699,0.011409,0.011178,0.012376918,0.012055149,0.014129339,2,2,0.009316,0.010101,0.009699,0.011409,0.011178,0.012377,0.012055,0.014129,6,0.745396285,0.759933376,0.754812697,0.751734694,0.562883322,1,0.999875457,3.73E-13,2.15E-08,0.33624032,3.04E-12,0.66375968,4,2,0,3,1,0,1,1,1,5,0.847069434,0.785783406,0.752091148,0.752485037,0.503337421,1,0.999876517,3.73E-13,2.12E-08,0.336352662,3.23E-12,0.663647338,1,1,2,1,1,1,1,1,0,3,0,3,0,0,0
12,12,0,1,1,2,1,1,0.915659907,0.071606739,0.010026511,0.002706842,0.796442413,0.101048593,0.101531796,0.000977198,NaN,NaN,NaN,NaN,NaN,NaN,NaN,NaN,NaN,NaN,NaN,NaN,NaN,NaN,NaN,NaN,NaN,NaN,12,12,1,2,3,4,5,1,1,1,5,6,7,8,5,1,1,1,1,5,2,4,1,5,2,4,2301,11421,12556,Scuola secondaria di 1Âº grado (Licenza media),"Scuola secondaria di 2Âº grado (diploma di istruzione liceale, diploma di istruzione tecnica, diploma di istruzione professionale)",1,1,1,2,2,3,1,1,1,2,1,5,5,5,6,6,7,5,5,5,7,5,1,1,0.000957953,0.000969,0.00086,0.00081,0.001126,0.001204491,0.001092811,0.001025973,0,0,0.000306,0.000351,0.000308,0.000275,0.000352,0.000455,0.00041,0.000367,0,0.899555009,0.799529066,0.799230456,0.799061092,0.549426574,1,0.999999424,8.38E-15,1.20E-10,0.993718325,1.14E-15,0.006281675,0,0,0,0,0,0,1,1,1,1,0.894533463,0.797402103,0.795880084,0.795790516,0.49140728,1,0.999999429,8.41E-15,1.19E-10,0.993719185,1.03E-15,0.006280815,1,0,0,1,0,0,1,1,1,3,0,4,0,0,1
12,13,5,8,0,2,1,4,0.224358527,0.115851431,0.115851431,0.543938612,0.2046562,0.168556263,0.41491325,0.211874288,NaN,NaN,NaN,NaN,NaN,NaN,NaN,NaN,NaN,NaN,NaN,NaN,NaN,NaN,NaN,NaN,NaN,NaN,12,13,1,2,3,4,5,5,5,5,5,6,7,8,4,3,4,1,5,5,0,0,1,4,0.666666667,3,2289,16286,15905,Laurea specialistica,"Scuola secondaria di 2Âº grado (diploma di istruzione liceale, diploma di istruzione tecnica, diploma di istruzione professionale)",1,3,1,3,4,4,2,4,4,4,4,5,7,5,7,8,7,7,5,8,6,7,4,2,0.052765352,0.207538,0.207538,0.207538,0.052802,0.213352685,0.213352685,0.213352685,3,2,0.007575,0.042593,0.056122,0.056122,0.00767,0.044635,0.05893,0.05893,5,0.793388345,0.791260881,0.786877599,0.78701747,0.40156335,0.215198149,4.85E-05,0.783569854,0.995974913,2.68E-09,0.903679058,0.096255955,4,1,0,2,0,0,0,1,1,8,0.371444726,0.626456633,0.581629667,0.591764693,0.267738729,0.215136066,4.88E-05,0.783678477,0.995971097,2.73E-09,0.901947524,0.097982345,4,0,2,2,0,0,1,1,0,8,0,2,0,0,0
12,14,8,2,1,2,1,4,0.30355719,0.407292625,0.064978606,0.224171579,0.710982107,0.068357878,0.110330007,0.110330007,NaN,NaN,NaN,NaN,NaN,NaN,NaN,NaN,NaN,NaN,NaN,NaN,NaN,NaN,NaN,NaN,NaN,NaN,12,14,1,2,3,4,3,4,1,1,5,6,7,8,4,1,1,3,1,4,1,3,1,4,1,3,2039,13755,16272,"Scuola secondaria di 2Âº grado (diploma di istruzione liceale, diploma di istruzione tecnica, diploma di istruzione professionale)","Scuola secondaria di 2Âº grado (diploma di istruzione liceale, diploma di istruzione tecnica, diploma di istruzione professionale)",2,1,1,2,2,3,1,2,1,2,4,5,5,5,7,6,7,5,5,5,8,5,2,1,0.002016214,0.002034,0.00187,0.001831,0.002227,0.002320115,0.002151938,0.002087662,4,2,0.104602,0.104602,0.104602,0.104602,0.114425,0.114425,0.114425,0.114425,8,0.415009749,0.764636222,0.66394276,0.393205105,0.489406501,1,0.999998546,4.66E-12,1.94E-08,0.942267232,3.18E-12,0.057732768,1,3,3,1,1,2,1,1,0,2,0.841830589,0.787354273,0.775957732,0.770764062,0.441894649,1,0.999998558,4.67E-12,1.92E-08,0.942282114,3.35E-12,0.057717886,2,0,0,1,0,0,1,1,1,2,0,3,0,1,1
12,15,9,6,1,2,1,7,0.236779129,0.363197652,0.192716865,0.207306354,0.29271234,0.497450293,0.050959971,0.158877396,NaN,NaN,NaN,NaN,NaN,NaN,NaN,NaN,NaN,NaN,NaN,NaN,NaN,NaN,NaN,NaN,NaN,NaN,12,15,1,2,3,4,5,5,4,5,5,6,7,8,4,5,5,5,4,5,0.052631579,1,4,5,0.052631579,1,2212,14157,14144,Scuola primaria (Licenza elementare),Scuola primaria (Licenza elementare),1,1,4,2,2,3,2,4,1,3,2,5,5,5,6,8,7,6,6,5,6,6,2,2,0.006549687,0.015764,0.015539,0.022999,0.007361,0.018002243,0.017922379,0.026258429,5,4,0.052765,0.207538,0.207538,0.207538,0.052802,0.213353,0.213353,0.213353,9,0.271083079,0.56336364,0.481536968,0.474442494,0.278324285,0.999999995,0.999213704,3.74E-09,8.74E-06,0.04217685,2.95E-08,0.95782312,4,1,2,2,0,0,0,0,0,6,0.80223191,0.772102259,0.767828369,0.768466914,0.448810385,0.999999995,0.999218647,3.74E-09,8.67E-06,0.042200071,3.31E-08,0.957799896,4,2,0,2,1,0,0,0,1,5,1,7,2,0,0
13,4,0,10,1,3,3,5,0.071606739,0.915659907,0.010026511,0.002706842,0.250926299,0.145616769,0.260900008,0.342556924,1,0,0,1,0,0,1,0,0,0,0,0,1,0,1,0,2,1,13,4,1,2,3,4,5,5,4,3,5,6,7,8,4,4,5,4,3,5,0.215686275,2,4,5,0.058823529,1,2815,14019,16541,"Scuola secondaria di 2Âº grado (diploma di istruzione liceale, diploma di istruzione tecnica, diploma di istruzione professionale)",Laurea specialistica,2,1,1,2,2,3,2,2,1,2,2,5,7,8,6,6,7,5,5,8,7,8,6,5,0.264142056,0.264142,0.264142,0.264142,0.269542,0.269541779,0.269541779,0.269541779,0,0,0.000306,0.000351,0.000308,0.000275,0.000352,0.000455,0.00041,0.000367,0,0.89920837,0.799527005,0.797852205,0.779980765,0.5011577,1,0.99999966,3.51E-14,5.39E-11,0.999042559,5.05E-16,0.000957441,0,0,0,0,0,0,1,1,1,10,0.211350295,0.285805995,0.236390212,0.319420241,0.203028838,1,0.999999663,3.51E-14,5.32E-11,0.999042646,5.41E-16,0.000957354,4,2,2,2,0,1,0,0,0,1,0,6,0,0,0
13,5,0,0,0,3,3,7,0.002706842,0.010026511,0.071606739,0.915659907,0.002706842,0.915659907,0.071606739,0.010026511,0,0,1,0,1,0,4,0,0,1,0,0,1,0,0,1,6,1,13,5,1,2,3,4,4,4,4,5,5,6,7,8,3,5,4,3,4,5,0.058823529,1,3,5,0.244444444,2,2966,13339,15867,Laurea specialistica,"Scuola secondaria di 2Âº grado (diploma di istruzione liceale, diploma di istruzione tecnica, diploma di istruzione professionale)",2,3,4,3,4,4,3,4,4,4,4,6,7,8,6,6,7,6,6,7,6,6,0,0,0.000306152,0.000351,0.000308,0.000275,0.000352,0.000455359,0.000410313,0.000367235,0,0,0.000306,0.000351,0.000308,0.000275,0.000352,0.000455,0.00041,0.000367,0,0.899657266,0.799910991,0.799788756,0.799791181,0.489622761,0.000805806,1.21E-07,0.997627817,0.998416509,5.35E-14,0.999484418,0.000443708,0,0,0,0,0,0,1,1,1,0,0.890405861,0.796930365,0.79582644,0.795943657,0.50203661,0.000805842,1.22E-07,0.997687119,0.998414528,5.35E-14,0.999478799,0.00044349,0,0,0,0,0,0,1,1,1,3,0,1,0,0,1
13,6,0,0,0,3,3,6,0.010026511,0.002706842,0.071606739,0.915659907,0.071606739,0.010026511,0.915659907,0.002706842,1,0,0,0,0,1,1,0,0,0,0,0,1,0,0,1,4,1,13,6,1,2,3,4,4,2,4,5,5,6,7,8,5,2,5,3,2,5,0.422222222,3,2,5,0.6,3,2914,13356,15528,"Scuola secondaria di 2Âº grado (diploma di istruzione liceale, diploma di istruzione tecnica, diploma di istruzione professionale)","Scuola secondaria di 2Âº grado (diploma di istruzione liceale, diploma di istruzione tecnica, diploma di istruzione professionale)",1,3,4,3,4,4,3,4,4,4,4,5,7,5,7,6,7,7,5,7,7,7,0,0,0.000306152,0.000351,0.000308,0.000275,0.000352,0.000455359,0.000410313,0.000367235,0,0,0.000306,0.000351,0.000308,0.000275,0.000352,0.000455,0.00041,0.000367,0,0.899577289,0.79989544,0.799435219,0.799437349,0.484898621,0.001001689,1.03E-07,0.997432241,0.998416528,4.11E-14,0.999381237,0.000546896,0,0,0,0,0,0,1,1,1,0,0.891494905,0.799153601,0.79767892,0.773250751,0.540876282,0.001001743,1.04E-07,0.997491513,0.998414546,4.12E-14,0.999375617,0.000546679,0,0,0,0,0,0,1,1,1,1,0,3,1,0,1
13,7,0,1,0,3,3,4,0.002706842,0.010026511,0.071606739,0.915659907,0.723287369,0.132330037,0.05739948,0.086983114,0,0,1,0,0,1,4,0,0,1,0,0,1,0,1,0,4,1,13,7,1,2,3,4,1,2,1,5,5,6,7,8,5,1,1,1,1,5,1.592592593,4,1,5,2,4,3119,13996,13236,Scuola secondaria di 1Âº grado (Licenza media),Scuola secondaria di 1Âº grado (Licenza media),2,3,4,3,4,4,3,4,4,4,4,5,5,5,6,8,7,5,5,5,6,5,1,1,0.000693828,0.00159,0.001395,0.001327,0.000752,0.001852859,0.001653838,0.001554939,0,0,0.000306,0.000351,0.000308,0.000275,0.000352,0.000455,0.00041,0.000367,0,0.899657266,0.799910991,0.799788756,0.799791181,0.489622761,0.000805806,1.21E-07,0.997627817,0.998416509,5.35E-14,0.999484418,0.000443708,0,0,0,0,0,0,1,1,1,1,0.894548069,0.797609222,0.796020934,0.795986021,0.4642535,0.000805842,1.22E-07,0.997687119,0.998414528,5.35E-14,0.999478799,0.00044349,1,0,0,0,0,0,0,0,1,3,1,3,0,0,1
13,8,0,2,1,3,3,6,0.071606739,0.915659907,0.010026511,0.002706842,0.710982107,0.110330007,0.110330007,0.068357878,0,0,1,0,1,0,5,0,0,1,0,0,1,1,0,0,3,1,13,8,1,2,3,4,1,5,1,1,5,6,7,8,5,1,1,1,1,5,2,4,1,5,2,4,2949,17181,19442,Laurea specialistica,Laurea specialistica,2,1,1,2,2,3,2,2,1,2,2,5,5,5,6,6,8,5,5,5,7,5,2,1,0.002016214,0.002034,0.00187,0.001831,0.002227,0.002320115,0.002151938,0.002087662,0,0,0.000306,0.000351,0.000308,0.000275,0.000352,0.000455,0.00041,0.000367,0,0.89920837,0.799527005,0.797852205,0.779980765,0.5011577,1,0.99999966,3.51E-14,5.39E-11,0.999042559,5.05E-16,0.000957441,0,0,0,0,0,0,1,1,1,2,0.874926955,0.793705861,0.777654695,0.777167311,0.466867598,1,0.999999663,3.51E-14,5.32E-11,0.999042646,5.41E-16,0.000957354,2,0,0,1,0,0,1,1,1,3,0,5,0,0,1
13,9,0,1,1,3,3,4,0.915659907,0.071606739,0.010026511,0.002706842,0.796442413,0.101048593,0.101531796,0.000977198,0,0,1,1,0,0,5,0,0,1,0,0,1,0,1,0,5,1,13,9,1,2,3,4,5,4,3,3,5,6,7,8,5,4,4,3,3,5,0.244444444,2,3,5,0.166666667,2,2896,17490,18671,"Scuola secondaria di 2Âº grado (diploma di istruzione liceale, diploma di istruzione tecnica, diploma di istruzione professionale)","Scuola secondaria di 2Âº grado (diploma di istruzione liceale, diploma di istruzione tecnica, diploma di istruzione professionale)",1,1,1,2,2,3,1,1,1,2,1,5,5,5,6,6,7,5,5,5,7,5,1,1,0.000957953,0.000969,0.00086,0.00081,0.001126,0.001204491,0.001092811,0.001025973,0,0,0.000306,0.000351,0.000308,0.000275,0.000352,0.000455,0.00041,0.000367,0,0.899555009,0.799529066,0.799230456,0.799061092,0.549426574,1,0.999999424,8.38E-15,1.20E-10,0.993718325,1.14E-15,0.006281675,0,0,0,0,0,0,1,1,1,1,0.894533463,0.797402103,0.795880084,0.795790516,0.49140728,1,0.999999429,8.41E-15,1.19E-10,0.993719185,1.03E-15,0.006280815,1,0,0,1,0,0,1,1,1,1,0,2,0,1,1
13,10,9,3,1,3,3,7,0.313815837,0.313748108,0.372139787,0.000296268,0.579872752,0.187015799,0.000400471,0.232710978,0,0,1,0,1,0,3,0,0,1,0,0,1,0,1,0,3,1,13,10,1,2,3,4,4,5,4,3,5,6,7,8,4,4,3,2,3,5,0.166666667,2,2,4,0.282051282,2,2958,17040,16321,Scuola secondaria di 1Âº grado (Licenza media),"Scuola secondaria di 2Âº grado (diploma di istruzione liceale, diploma di istruzione tecnica, diploma di istruzione professionale)",2,1,1,2,2,3,3,1,1,2,3,5,5,5,6,6,8,5,5,8,6,5,1,1,0.001106908,0.007361,0.006785,0.007864,0.001221,0.009058014,0.008536963,0.009850282,5,3,0.050472,0.050472,0.050472,0.050472,0.061277,0.061277,0.061277,0.061277,9,0.30259535,0.690030174,0.425737382,0.383357121,0.365883322,1,0.999997563,2.04E-13,1.06E-08,0.745989726,8.32E-13,0.254010274,3,2,2,2,1,1,1,1,0,3,0.895035079,0.797518987,0.787948122,0.78794204,0.521730511,1,0.999997584,2.05E-13,1.05E-08,0.746062745,7.84E-13,0.253937255,1,0,1,1,0,0,1,1,0,4,0,3,1,0,0
13,11,1,0,0,3,3,5,0.000977198,0.101531796,0.101048593,0.796442413,0.002706842,0.010026511,0.071606739,0.915659907,0,1,0,1,0,0,8,0,0,0,0,1,0,0,0,1,1,1,13,11,1,2,3,4,5,4,4,4,5,6,7,8,2,5,4,4,4,5,0.058823529,1,2,5,0.422222222,3,2799,14161,14412,"Scuola secondaria di 2Âº grado (diploma di istruzione liceale, diploma di istruzione tecnica, diploma di istruzione professionale)","Scuola secondaria di 2Âº grado (diploma di istruzione liceale, diploma di istruzione tecnica, diploma di istruzione professionale)",2,3,4,3,4,4,2,4,4,4,4,6,7,8,7,8,8,7,8,8,8,8,0,0,0.000306152,0.000351,0.000308,0.000275,0.000352,0.000455359,0.000410313,0.000367235,1,1,0.000958,0.000969,0.00086,0.00081,0.001126,0.001204,0.001093,0.001026,1,0.897580007,0.799573308,0.79918085,0.799194864,0.439814324,0.001599792,7.67E-07,0.996832899,0.996022441,1.57E-12,0.999054772,0.000873385,1,0,0,1,0,0,1,1,1,0,0.899050835,0.798112755,0.795772565,0.796665679,0.499713462,0.001599754,7.70E-07,0.996892264,0.996018945,1.57E-12,0.999048575,0.000873747,0,0,0,0,0,0,1,1,1,10,3,5,2,0,0
13,12,10,6,0,3,3,7,0.204073398,0.130459699,0.361082764,0.304384139,0.000350676,0.412316996,0.442290829,0.1450415,0,0,1,0,1,0,3,0,0,1,0,0,1,1,0,0,4,1,13,12,1,2,3,4,3,4,4,5,5,6,7,8,4,4,5,4,3,5,0.166666667,2,4,5,0.058823529,1,2991,17793,17384,"Scuola secondaria di 2Âº grado (diploma di istruzione liceale, diploma di istruzione tecnica, diploma di istruzione professionale)","Scuola secondaria di 2Âº grado (diploma di istruzione liceale, diploma di istruzione tecnica, diploma di istruzione professionale)",1,1,1,3,4,4,3,2,3,3,4,6,7,8,6,6,7,7,8,7,7,6,3,3,0.009315631,0.010101,0.009699,0.011409,0.011178,0.012376918,0.012055149,0.014129339,6,4,0.264142,0.264142,0.264142,0.264142,0.269542,0.269542,0.269542,0.269542,10,0.232418204,0.538589345,0.371980769,0.373408407,0.212232711,0.999996016,0.293340779,3.22E-06,0.052816921,4.98E-06,1.65E-05,0.999978543,6,1,3,4,1,3,1,1,1,6,0.650280419,0.757182409,0.737919161,0.741291677,0.459826987,0.999996028,0.294719289,3.22E-06,0.052322687,4.98E-06,1.70E-05,0.999978051,3,0,3,3,0,3,1,1,1,4,0,4,0,0,0
13,13,0,0,1,3,3,6,0.915659907,0.071606739,0.010026511,0.002706842,0.071606739,0.915659907,0.010026511,0.002706842,0,1,0,0,0,1,5,0,0,0,0,1,0,0,0,0,4,0,13,13,1,2,3,4,5,5,5,5,5,6,7,8,5,5,5,5,5,5,0,0,5,5,0,0,3158,16555,15321,"Scuola secondaria di 2Âº grado (diploma di istruzione liceale, diploma di istruzione tecnica, diploma di istruzione professionale)","Scuola secondaria di 2Âº grado (diploma di istruzione liceale, diploma di istruzione tecnica, diploma di istruzione professionale)",1,1,1,2,2,3,1,1,1,2,1,6,5,5,6,6,7,6,6,5,6,6,0,0,0.000306152,0.000351,0.000308,0.000275,0.000352,0.000455359,0.000410313,0.000367235,0,0,0.000306,0.000351,0.000308,0.000275,0.000352,0.000455,0.00041,0.000367,0,0.899555009,0.799529066,0.799230456,0.799061092,0.549426574,1,0.999999424,8.38E-15,1.20E-10,0.993718325,1.14E-15,0.006281675,0,0,0,0,0,0,1,1,1,0,0.898268869,0.798118492,0.797944825,0.797978569,0.485760921,1,0.999999429,8.41E-15,1.19E-10,0.993719185,1.03E-15,0.006280815,0,0,0,0,0,0,1,1,1,6,0,6,0,0,0
13,14,3,0,1,3,3,3,0.365661362,0.632861616,0.000903062,0.000573961,0.915659907,0.071606739,0.002706842,0.010026511,0,0,1,0,0,1,5,0,0,1,1,0,0,1,0,0,5,1,13,14,1,2,3,4,5,4,3,3,5,6,7,8,5,4,2,3,3,5,0.244444444,2,2,5,0.476190476,3,2944,10135,10697,"Scuola secondaria di 2Âº grado (diploma di istruzione liceale, diploma di istruzione tecnica, diploma di istruzione professionale)","Scuola secondaria di 2Âº grado (diploma di istruzione liceale, diploma di istruzione tecnica, diploma di istruzione professionale)",2,1,1,2,2,3,1,2,1,2,2,5,5,5,6,6,8,5,5,5,6,5,0,0,0.000306152,0.000351,0.000308,0.000275,0.000352,0.000455359,0.000410313,0.000367235,1,1,0.002905,0.003386,0.003071,0.003098,0.003666,0.004387,0.00408,0.004118,3,0.894662236,0.798293578,0.791873075,0.774529954,0.50187961,1,0.999999625,2.00E-14,3.99E-11,0.998466504,4.71E-16,0.001533496,1,0,1,1,0,1,1,1,0,0,0.899376629,0.799427965,0.797364969,0.797356977,0.504583747,1,0.999999629,2.00E-14,3.94E-11,0.998466661,5.05E-16,0.001533339,0,0,0,0,0,0,1,1,1,3,1,0,0,1,1
14,2,3,0,1,3,3,7,0.36556655,0.632956231,0.000574023,0.000903195,0.915659907,0.010026511,0.071606739,0.002706842,1,0,0,0,1,0,3,0,1,0,0,0,1,1,0,0,4,1,14,2,1,2,3,4,5,5,2,3,5,6,7,8,5,3,4,3,2,5,0.6,3,3,5,0.244444444,2,2784,12500,12461,Scuola secondaria di 1Âº grado (Licenza media),"Scuola secondaria di 2Âº grado (diploma di istruzione liceale, diploma di istruzione tecnica, diploma di istruzione professionale)",2,1,1,2,2,4,1,2,1,2,2,5,5,5,7,6,7,5,5,5,7,5,0,0,0.000306152,0.000351,0.000308,0.000275,0.000352,0.000455359,0.000410313,0.000367235,1,1,0.002905,0.003386,0.003071,0.003098,0.003666,0.004387,0.00408,0.004118,3,0.889389466,0.796326383,0.793518637,0.786042233,0.499348431,1,0.99999382,1.11E-12,6.58E-10,0.995901922,4.92E-14,0.004098078,1,0,1,1,0,1,1,1,0,0,0.897630619,0.797953895,0.796047082,0.795696735,0.522902771,1,0.999993863,1.11E-12,6.50E-10,0.995902461,5.07E-14,0.004097539,0,0,0,0,0,0,1,1,1,1,0,1,0,0,1
14,3,10,8,1,3,3,6,0.207085339,0.390487807,0.126301904,0.27612495,0.17048623,0.389989222,0.281422947,0.1581016,0,0,1,1,0,0,3,0,1,1,0,0,1,0,0,1,5,1,14,3,1,2,3,4,3,5,4,4,5,6,7,8,2,3,4,3,3,5,0.166666667,2,2,4,0.222222222,2,NaN,NaN,NaN,,,2,3,1,2,2,3,1,2,4,2,4,5,5,8,7,6,7,7,6,8,6,6,5,4,0.052765352,0.207538,0.207538,0.207538,0.052802,0.213352685,0.213352685,0.213352685,5,3,0.264142,0.264142,0.264142,0.264142,0.269542,0.269542,0.269542,0.269542,10,0.238552643,0.586345079,0.298203075,0.283006861,0.268599796,0.999999998,0.999863608,1.82E-09,2.20E-05,0.065916699,1.40E-08,0.934083287,4,3,2,2,1,1,1,1,0,8,0.236175135,0.433693407,0.406769792,0.423928249,0.203303782,0.999999998,0.999864789,1.82E-09,2.17E-05,0.065951363,1.51E-08,0.934048622,4,2,1,2,0,0,0,0,0,2,0,4,0,0,1
14,4,9,0,1,3,3,6,0.314750754,0.370411147,0.132429882,0.182408217,0.071606739,0.010026511,0.915659907,0.002706842,0,1,0,0,1,0,3,0,1,0,1,0,0,1,0,0,2,1,14,4,1,2,3,4,5,5,3,3,5,6,7,8,5,3,5,3,3,5,0.333333333,2,3,5,0.333333333,2,2778,12326,8998,Laurea specialistica,Scuola secondaria di 1Âº grado (Licenza media),2,3,1,2,2,3,2,4,1,2,1,5,7,5,7,6,7,7,5,7,7,7,0,0,0.000306152,0.000351,0.000308,0.000275,0.000352,0.000455359,0.000410313,0.000367235,4,3,0.052765,0.207538,0.207538,0.207538,0.052802,0.213353,0.213353,0.213353,9,0.378707,0.709640044,0.582778611,0.546219161,0.361078214,1,0.999988913,1.73E-11,1.38E-07,0.637242349,8.36E-11,0.362757651,3,2,2,2,1,1,1,1,0,0,0.891494905,0.799153601,0.79767892,0.773250751,0.540876282,1,0.999989006,1.73E-11,1.37E-07,0.637335582,8.12E-11,0.362664418,0,0,0,0,0,0,1,1,1,2,0,2,0,0,0
14,5,3,0,1,3,3,5,0.365826623,0.632696695,0.00090283,0.000573852,0.915659907,0.071606739,0.010026511,0.002706842,1,0,0,0,1,0,3,0,1,0,0,0,1,0,0,1,2,1,14,5,1,2,3,4,5,5,5,4,5,6,7,8,5,5,4,4,4,5,0.052631579,1,4,5,0.074074074,1,2712,13823,14597,Laurea triennale,"Scuola secondaria di 2Âº grado (diploma di istruzione liceale, diploma di istruzione tecnica, diploma di istruzione professionale)",2,1,1,2,2,3,2,2,1,2,1,5,5,5,6,6,7,5,5,5,6,5,0,0,0.000306152,0.000351,0.000308,0.000275,0.000352,0.000455359,0.000410313,0.000367235,1,1,0.002905,0.003386,0.003071,0.003098,0.003666,0.004387,0.00408,0.004118,3,0.894569967,0.798359917,0.792457282,0.728573646,0.501869393,1,0.999999624,2.53E-14,9.59E-11,0.998466504,6.88E-16,0.001533496,0,1,2,0,1,3,1,1,1,0,0.899296996,0.799380705,0.798929519,0.798925727,0.497488442,1,0.999999627,2.54E-14,9.49E-11,0.998466661,6.80E-16,0.001533339,0,0,0,0,0,0,1,1,1,3,0,2,0,0,0
14,6,3,9,1,3,3,6,0.365661362,0.632861616,0.000903062,0.000573961,0.392669698,0.202059115,0.159203343,0.246067844,0,1,0,1,0,0,4,0,1,0,0,0,1,1,0,0,5,1,14,6,1,2,3,4,4,5,4,3,5,6,7,8,5,5,5,5,3,5,0.166666667,2,5,5,0,0,2776,12479,12901,Scuola secondaria di 1Âº grado (Licenza media),Scuola secondaria di 1Âº grado (Licenza media),2,1,1,2,2,3,1,2,1,2,2,5,7,8,6,6,7,5,8,5,6,5,4,3,0.008431472,0.072006,0.186683,0.186683,0.008098,0.07436182,0.19265144,0.19265144,1,1,0.002905,0.003386,0.003071,0.003098,0.003666,0.004387,0.00408,0.004118,3,0.894662236,0.798293578,0.791873075,0.774529954,0.50187961,1,0.999999625,2.00E-14,3.99E-11,0.998466504,4.71E-16,0.001533496,1,0,1,1,0,1,1,1,0,9,0.311973495,0.63919522,0.625812595,0.626091233,0.215651791,1,0.999999629,2.00E-14,3.94E-11,0.998466661,5.05E-16,0.001533339,4,2,1,1,0,0,0,0,0,1,0,6,0,0,1
14,7,9,10,0,3,3,5,0.141748741,0.353910841,0.301496058,0.202844359,0.192572578,0.274768848,0.298398469,0.234260106,0,0,1,1,0,0,8,0,1,0,0,0,1,0,0,1,6,1,14,7,1,2,3,4,5,5,5,5,5,6,7,8,5,5,5,5,5,5,0,0,5,5,0,0,2875,17296,21108,Scuola primaria (Licenza elementare),"Scuola secondaria di 2Âº grado (diploma di istruzione liceale, diploma di istruzione tecnica, diploma di istruzione professionale)",2,3,4,2,4,4,2,1,3,2,3,6,5,8,7,6,8,7,5,8,7,6,6,4,0.264142056,0.264142,0.264142,0.264142,0.269542,0.269541779,0.269541779,0.269541779,5,4,0.264142,0.264142,0.264142,0.264142,0.269542,0.269542,0.269542,0.269542,9,0.243881337,0.438186633,0.297293691,0.296089814,0.235553902,0.999974427,0.121136872,1.27E-06,0.001626471,0.000190354,6.62E-06,0.999803,4,2,2,3,1,1,1,1,0,10,0.224329974,0.324169439,0.259253197,0.287591323,0.200777409,0.999974832,0.121508939,1.28E-06,0.001619585,0.000190518,5.95E-06,0.999803505,4,1,3,1,0,1,0,0,0,7,0,6,0,0,0
15,3,0,9,1,3,4,6,0.002706842,0.071606739,0.010026511,0.915659907,0.35418177,0.133956952,0.377904325,0.133956952,0,0,1,0,1,0,3,0,0,1,0,0,1,0,0,1,2,1,15,3,1,2,3,4,3,5,4,5,5,6,7,8,5,5,4,3,3,5,0.215686275,2,3,5,0.215686275,2,3243,14276,16019,"Scuola secondaria di 2Âº grado (diploma di istruzione liceale, diploma di istruzione tecnica, diploma di istruzione professionale)",Scuola secondaria di 1Âº grado (Licenza media),2,3,4,2,4,4,2,4,4,4,4,6,7,5,7,6,7,7,8,5,7,5,5,3,0.048476706,0.048477,0.048477,0.048477,0.050972,0.050971557,0.050971557,0.050971557,0,0,0.000306,0.000351,0.000308,0.000275,0.000352,0.000455,0.00041,0.000367,0,0.899193323,0.799722883,0.799169438,0.799178538,0.487675641,0.003100637,5.13E-06,0.995334411,0.996018099,4.45E-11,0.998263016,0.001665198,0,0,0,0,0,0,1,1,1,9,0.275853622,0.69757089,0.309766476,0.30569485,0.25283173,0.003100356,5.15E-06,0.995393929,0.996014586,4.46E-11,0.998255347,0.001667037,3,2,2,2,1,1,1,1,0,1,0,6,1,0,0
15,4,1,8,0,3,4,8,0.101048593,0.000977198,0.101531796,0.796442413,0.000308677,0.381838018,0.236074211,0.381779094,0,0,1,0,1,0,8,0,0,0,0,0,1,0,1,0,3,1,15,4,1,2,3,4,3,2,4,5,5,6,7,8,4,5,3,4,2,5,0.476190476,3,3,5,0.166666667,2,NaN,NaN,NaN,,,1,1,4,3,4,4,3,4,4,4,4,6,7,8,6,6,7,6,6,7,8,8,4,2,0.009315631,0.010101,0.009699,0.011409,0.011178,0.012376918,0.012055149,0.014129339,1,1,0.000958,0.000969,0.00086,0.00081,0.001126,0.001204,0.001093,0.001026,1,0.897329824,0.799491871,0.798115904,0.798127017,0.408850438,0.002880919,7.35E-07,0.995555957,0.998415897,1.07E-12,0.998395724,0.00153248,1,0,0,1,0,0,1,1,1,8,0.283963247,0.536775472,0.439161582,0.498486911,0.385734009,0.002881044,7.38E-07,0.995615047,0.998413912,1.07E-12,0.99838901,0.001533363,2,2,2,1,1,1,1,1,0,1,0,5,1,0,1
15,5,0,3,0,3,4,6,0.002706842,0.010026511,0.071606739,0.915659907,0.000903195,0.000574023,0.632956231,0.36556655,0,0,1,0,1,0,2,0,0,1,NaN,NaN,NaN,NaN,NaN,NaN,NaN,0,15,5,1,2,3,4,1,3,4,5,5,6,7,8,3,2,5,4,1,5,0.897435897,4,2,5,0.476190476,3,3457,13574,14098,"Scuola secondaria di 2Âº grado (diploma di istruzione liceale, diploma di istruzione tecnica, diploma di istruzione professionale)","Scuola secondaria di 2Âº grado (diploma di istruzione liceale, diploma di istruzione tecnica, diploma di istruzione professionale)",2,3,4,3,4,4,3,4,4,4,4,5,7,8,7,8,7,7,8,7,8,7,1,1,0.002904536,0.003386,0.003071,0.003098,0.003666,0.004387326,0.004079551,0.00411772,0,0,0.000306,0.000351,0.000308,0.000275,0.000352,0.000455,0.00041,0.000367,0,0.899657266,0.799910991,0.799788756,0.799791181,0.489622761,0.000805806,1.21E-07,0.997627817,0.998416509,5.35E-14,0.999484418,0.000443708,0,0,0,0,0,0,1,1,1,3,0.891560757,0.795370162,0.794739122,0.795799645,0.493832667,0.000805842,1.22E-07,0.997687119,0.998414528,5.35E-14,0.999478799,0.00044349,1,0,1,1,0,1,1,1,0,0,0,0,0,1,1
15,6,7,3,1,3,4,7,0.244093538,0.392365379,0.36321841,0.000322673,0.187015799,0.000400471,0.579872752,0.232710978,0,0,1,0,1,0,3,0,0,1,NaN,NaN,NaN,NaN,NaN,NaN,NaN,0,15,6,1,2,3,4,5,4,5,5,5,6,7,8,5,4,5,5,4,5,0.052631579,1,4,5,0.052631579,1,3149,16123,18098,,,2,3,1,2,2,3,3,2,3,2,1,5,7,5,7,8,7,7,5,7,8,7,1,1,0.001106908,0.007361,0.006785,0.007864,0.001221,0.009058014,0.008536963,0.009850282,3,2,0.050472,0.050472,0.050472,0.050472,0.061277,0.061277,0.061277,0.061277,7,0.45914327,0.703671118,0.547504418,0.540354131,0.475269286,1,0.999956923,3.42E-13,3.07E-08,0.33624032,3.29E-12,0.66375968,1,2,3,1,1,2,1,1,0,3,0.884713953,0.794821036,0.792865528,0.79168167,0.479479658,1,0.999957282,3.43E-13,3.03E-08,0.336352662,3.22E-12,0.663647338,1,0,1,1,0,0,1,1,0,9,3,3,0,0,0
15,7,0,0,1,3,4,7,0.010026511,0.915659907,0.071606739,0.002706842,0.071606739,0.002706842,0.915659907,0.010026511,0,0,1,0,1,0,2,0,0,1,0,1,0,0,0,1,3,1,15,7,1,2,3,4,4,5,4,3,5,6,7,8,4,3,5,2,3,5,0.166666667,2,2,5,0.476190476,3,2777,15829,18618,Scuola primaria (Licenza elementare),Scuola primaria (Licenza elementare),2,3,1,2,2,3,2,2,3,2,2,5,7,5,7,8,7,7,5,7,7,7,0,0,0.000306152,0.000351,0.000308,0.000275,0.000352,0.000455359,0.000410313,0.000367235,0,0,0.000306,0.000351,0.000308,0.000275,0.000352,0.000455,0.00041,0.000367,0,0.896118658,0.797352194,0.792687284,0.789337034,0.554502546,1,0.999984188,2.39E-13,2.73E-09,0.923592536,2.26E-13,0.076407464,0,0,0,0,0,0,1,1,1,0,0.895455717,0.798959481,0.798495248,0.791134676,0.490583768,1,0.999984313,2.39E-13,2.69E-09,0.923617229,2.40E-13,0.076382771,0,0,0,0,0,0,1,1,1,1,0,2,1,0,1
15,8,0,10,1,3,4,6,0.010026511,0.915659907,0.071606739,0.002706842,0.232221962,0.325646796,0.232221962,0.209909281,0,0,1,0,1,0,2,0,0,1,0,1,0,0,0,1,1,1,15,8,1,2,3,4,4,5,4,3,5,6,7,8,4,5,3,2,3,5,0.166666667,2,2,5,0.476190476,3,3141,17978,19303,"Scuola secondaria di 2Âº grado (diploma di istruzione liceale, diploma di istruzione tecnica, diploma di istruzione professionale)",Scuola secondaria di 1Âº grado (Licenza media),2,3,1,2,2,3,2,2,3,2,2,5,7,5,6,8,7,6,8,5,7,6,6,5,0.264142056,0.264142,0.264142,0.264142,0.269542,0.269541779,0.269541779,0.269541779,0,0,0.000306,0.000351,0.000308,0.000275,0.000352,0.000455,0.00041,0.000367,0,0.896118658,0.797352194,0.792687284,0.789337034,0.554502546,1,0.999984188,2.39E-13,2.73E-09,0.923592536,2.26E-13,0.076407464,0,0,0,0,0,0,1,1,1,10,0.216987082,0.299718063,0.259391698,0.28504299,0.200991907,1,0.999984313,2.39E-13,2.69E-09,0.923617229,2.40E-13,0.076382771,4,2,2,2,0,0,0,0,0,1,0,1,0,0,1
15,9,1,5,0,3,4,7,0.101048593,0.101531796,0.000977198,0.796442413,0.13005268,0.546062142,0.323484475,0.000400703,0,1,0,1,0,0,4,0,0,0,0,1,0,0,1,0,4,1,15,9,1,2,3,4,4,4,3,5,5,6,7,8,4,5,5,4,3,5,0.166666667,2,4,5,0.074074074,1,3383,15731,19088,"Scuola secondaria di 2Âº grado (diploma di istruzione liceale, diploma di istruzione tecnica, diploma di istruzione professionale)",Scuola secondaria di 1Âº grado (Licenza media),1,1,4,2,4,4,2,4,4,4,4,6,5,5,6,6,7,7,6,7,6,6,2,2,0.009315631,0.010101,0.009699,0.011409,0.011178,0.012376918,0.012055149,0.014129339,1,1,0.000958,0.000969,0.00086,0.00081,0.001126,0.001204,0.001093,0.001026,1,0.893949993,0.798363155,0.786433025,0.786476481,0.413316525,0.011020228,3.10E-05,0.987427252,0.99599232,8.88E-10,0.994194434,0.005734071,1,0,0,1,0,0,1,1,1,5,0.782047629,0.770644102,0.76603972,0.766899955,0.470508153,0.011019222,3.11E-05,0.987487024,0.995988701,8.91E-10,0.994176219,0.005746481,3,0,1,2,0,1,1,1,0,2,0,2,0,1,1
15,10,0,0,1,3,4,3,0.010026511,0.915659907,0.002706842,0.071606739,0.010026511,0.071606739,0.915659907,0.002706842,0,0,1,0,0,1,1,0,0,1,1,0,0,1,0,0,2,1,15,10,1,2,3,4,4,5,1,4,5,6,7,8,4,4,5,3,1,5,0.857142857,4,3,5,0.166666667,2,3205,17120,12508,Scuola secondaria di 1Âº grado (Licenza media),Scuola secondaria di 1Âº grado (Licenza media),2,1,4,2,2,4,2,2,4,2,2,6,7,5,7,6,7,7,6,7,7,7,0,0,0.000306152,0.000351,0.000308,0.000275,0.000352,0.000455359,0.000410313,0.000367235,0,0,0.000306,0.000351,0.000308,0.000275,0.000352,0.000455,0.00041,0.000367,0,0.897846929,0.798294477,0.797802644,0.797637956,0.49557102,0.99999989,0.995339651,3.64E-08,1.05E-05,0.385935607,1.21E-07,0.614064271,0,0,0,0,0,0,1,1,1,0,0.898483665,0.79944866,0.795283695,0.794938399,0.500186889,0.999999892,0.995359214,3.64E-08,1.04E-05,0.386039707,1.30E-07,0.613960162,0,0,0,0,0,0,1,1,1,1,0,1,0,0,1
15,11,1,3,1,3,4,7,0.101048593,0.796442413,0.101531796,0.000977198,0.000903062,0.632861616,0.365661362,0.000573961,0,1,0,0,1,0,2,0,0,0,1,0,0,1,0,0,2,1,15,11,1,2,3,4,1,5,3,2,5,6,7,8,5,4,5,1,1,5,1.060606061,4,1,5,0.955555556,4,3322,15636,20718,Scuola secondaria di 1Âº grado (Licenza media),Scuola secondaria di 1Âº grado (Licenza media),2,1,1,2,2,3,2,2,3,2,2,6,7,5,6,6,7,7,6,7,6,6,1,1,0.002904536,0.003386,0.003071,0.003098,0.003666,0.004387326,0.004079551,0.00411772,1,1,0.000958,0.000969,0.00086,0.00081,0.001126,0.001204,0.001093,0.001026,1,0.893905243,0.797840438,0.791685888,0.775938021,0.514852963,1,0.99999778,8.29E-14,3.83E-10,0.991174449,9.31E-15,0.008825551,1,0,0,1,0,0,1,1,1,3,0.882206019,0.793003238,0.788398108,0.788581043,0.514172984,1,0.999997798,8.29E-14,3.77E-10,0.991176376,9.87E-15,0.008823624,1,0,1,1,0,1,1,1,0,3,1,5,2,0,1
15,12,3,0,1,3,4,7,0.633121317,0.000903428,0.000574131,0.365401124,0.071606739,0.010026511,0.002706842,0.915659907,0,0,1,0,1,0,2,0,0,1,0,0,1,0,0,1,2,1,15,12,1,2,3,4,4,4,3,5,5,6,7,8,4,3,3,5,3,5,0.166666667,2,3,5,0.244444444,2,3366,15762,17360,Laurea specialistica,Laurea specialistica,1,1,4,2,4,4,1,1,1,4,1,5,5,8,6,8,8,5,8,8,8,8,0,0,0.000306152,0.000351,0.000308,0.000275,0.000352,0.000455359,0.000410313,0.000367235,1,1,0.002905,0.003386,0.003071,0.003098,0.003666,0.004387,0.00408,0.004118,3,0.87329699,0.784812717,0.751363188,0.751364728,0.497432507,0.99999099,0.489534019,3.56E-06,0.001889382,0.001488127,2.30E-05,0.998488719,2,1,0,2,1,0,1,1,1,0,0.89712264,0.794493541,0.79069036,0.792965819,0.518964811,0.999991073,0.490647185,3.57E-06,0.001886692,0.001489127,1.98E-05,0.998490925,0,0,0,0,0,0,1,1,1,3,1,1,0,0,1
15,13,0,10,0,3,4,4,0.010026511,0.002706842,0.071606739,0.915659907,0.385302083,0.081409417,0.306963602,0.226324898,0,1,0,1,0,0,3,0,0,0,1,0,0,1,0,0,1,1,15,13,1,2,3,4,1,2,3,4,5,6,7,8,1,5,3,4,1,4,0.666666667,3,1,5,0.897435897,4,3422,17341,14455,Laurea triennale,"Scuola secondaria di 2Âº grado (diploma di istruzione liceale, diploma di istruzione tecnica, diploma di istruzione professionale)",1,3,4,3,4,4,3,4,4,4,4,5,7,5,6,8,8,7,8,5,7,5,5,4,0.104602065,0.104602,0.104602,0.104602,0.114425,0.114424833,0.114424833,0.114424833,0,0,0.000306,0.000351,0.000308,0.000275,0.000352,0.000455,0.00041,0.000367,0,0.899577289,0.79989544,0.799435219,0.799437349,0.484898621,0.001001689,1.03E-07,0.997432241,0.998416528,4.11E-14,0.999381237,0.000546896,0,0,0,0,0,0,1,1,1,10,0.230160787,0.504419108,0.337005186,0.335549814,0.206087253,0.001001743,1.04E-07,0.997491513,0.998414546,4.12E-14,0.999375617,0.000546679,5,1,2,2,0,1,0,0,0,2,1,10,4,0,1
16,5,1,0,0,3,5,7,0.000977198,0.101048593,0.101531796,0.796442413,0.071606739,0.915659907,0.010026511,0.002706842,0,0,1,0,1,0,2,0,0,1,0,0,1,0,0,1,3,1,16,5,1,2,3,4,2,4,4,5,5,6,7,8,4,5,4,3,2,5,0.422222222,3,3,5,0.166666667,2,3525,15666,17143,"Scuola secondaria di 2Âº grado (diploma di istruzione liceale, diploma di istruzione tecnica, diploma di istruzione professionale)","Scuola secondaria di 2Âº grado (diploma di istruzione liceale, diploma di istruzione tecnica, diploma di istruzione professionale)",2,3,4,2,4,4,3,4,4,4,4,6,5,5,6,6,7,6,6,5,6,6,0,0,0.000306152,0.000351,0.000308,0.000275,0.000352,0.000455359,0.000410313,0.000367235,1,1,0.000958,0.000969,0.00086,0.00081,0.001126,0.001204,0.001093,0.001026,1,0.897522513,0.799610431,0.79877787,0.798788482,0.432269269,0.001562939,8.12E-07,0.996871871,0.99841582,1.52E-12,0.99908185,0.000846305,1,0,0,1,0,0,1,1,1,0,0.898268869,0.798118492,0.797944825,0.797978569,0.485760921,0.001562903,8.16E-07,0.996931199,0.998413835,1.52E-12,0.999075847,0.000846473,0,0,0,0,0,0,1,1,1,2,0,1,0,1,1
16,6,0,0,1,3,5,6,0.002706842,0.915659907,0.071606739,0.010026511,0.071606739,0.010026511,0.002706842,0.915659907,0,0,1,0,1,0,1,0,0,1,NaN,NaN,NaN,NaN,NaN,NaN,NaN,0,16,6,1,2,3,4,1,5,4,1,5,6,7,8,5,4,3,5,1,5,1.545454545,4,3,5,0.215686275,2,3814,16479,17382,"Scuola secondaria di 2Âº grado (diploma di istruzione liceale, diploma di istruzione tecnica, diploma di istruzione professionale)","Scuola secondaria di 2Âº grado (diploma di istruzione liceale, diploma di istruzione tecnica, diploma di istruzione professionale)",2,3,4,2,2,3,2,2,3,2,2,5,5,8,6,8,8,5,8,8,8,8,0,0,0.000306152,0.000351,0.000308,0.000275,0.000352,0.000455359,0.000410313,0.000367235,0,0,0.000306,0.000351,0.000308,0.000275,0.000352,0.000455,0.00041,0.000367,0,0.887390395,0.790708401,0.77377337,0.770838768,0.487666623,0.999999999,0.998823288,3.29E-11,2.03E-07,0.326865092,1.97E-10,0.673134908,0,0,0,0,0,0,1,1,1,0,0.89712264,0.794493541,0.79069036,0.792965819,0.518964811,0.999999999,0.998829967,3.29E-11,2.01E-07,0.326977199,2.13E-10,0.673022801,0,0,0,0,0,0,1,1,1,1,0,1,0,0,1
16,7,7,9,0,3,5,6,0.169237658,0.053399271,0.292228041,0.48513503,0.294620947,0.268452773,0.246657185,0.190269096,0,0,1,0,1,0,3,0,0,1,0,1,0,0,1,0,2,1,16,7,1,2,3,4,5,1,5,5,5,6,7,8,4,5,4,2,1,5,1,4,2,5,0.422222222,3,3584,11029,11541,"Scuola secondaria di 2Âº grado (diploma di istruzione liceale, diploma di istruzione tecnica, diploma di istruzione professionale)",Scuola secondaria di 1Âº grado (Licenza media),2,3,4,3,4,3,3,1,4,4,4,5,5,5,7,6,8,5,6,8,6,7,6,4,0.264142056,0.264142,0.264142,0.264142,0.269542,0.269541779,0.269541779,0.269541779,3,2,0.01947,0.01947,0.019672,0.019672,0.021729,0.021729,0.022187,0.022187,7,0.802835144,0.792279699,0.789351011,0.789446325,0.488566034,0.936448035,0.000267142,0.06341407,0.940809485,6.33E-09,0.211677773,0.788306999,4,1,1,3,1,0,1,1,0,9,0.219185412,0.409656871,0.254868834,0.280188091,0.203286989,0.936348216,0.000268906,0.063518137,0.940698415,6.38E-09,0.207577049,0.792406805,3,2,3,2,1,1,0,0,0,4,0,5,1,0,0
16,8,3,3,0,3,5,7,0.18331026,0.193946141,0.554705435,0.068038164,0.000903062,0.365661362,0.000573961,0.632861616,0,0,1,0,1,0,3,0,0,1,0,0,1,1,0,0,3,1,16,8,1,2,3,4,4,3,4,3,5,6,7,8,4,4,3,4,3,4,0.095238095,1,3,4,0.066666667,1,3676,16396,18525,Laurea specialistica,"Scuola secondaria di 2Âº grado (diploma di istruzione liceale, diploma di istruzione tecnica, diploma di istruzione professionale)",1,3,1,2,4,3,3,1,3,3,3,6,5,8,6,8,8,6,6,8,8,8,1,1,0.002904536,0.003386,0.003071,0.003098,0.003666,0.004387326,0.004079551,0.00411772,1,1,0.000779,0.013674,0.013119,0.023055,0.000797,0.015524,0.015114,0.026118,3,0.880293317,0.788364933,0.787079442,0.78707758,0.493005406,0.999999991,0.901097185,1.08E-09,0.000670224,3.57E-05,1.09E-08,0.999964251,2,1,0,0,0,0,0,0,1,3,0.881953678,0.785944753,0.782162037,0.78697047,0.491447353,0.999999991,0.901769071,1.08E-09,0.000661641,3.58E-05,1.04E-08,0.999964217,1,0,1,1,0,1,1,1,0,2,0,3,0,0,0
16,9,0,5,1,3,5,7,0.002706842,0.010026511,0.071606739,0.915659907,0.347059774,0.483263322,0.169327148,0.000349756,0,0,1,0,1,0,2,0,0,1,0,0,1,0,0,1,4,1,16,9,1,2,3,4,2,3,5,5,5,6,7,8,4,5,5,4,2,5,0.6,3,4,5,0.074074074,1,3931,16953,18999,"Scuola secondaria di 2Âº grado (diploma di istruzione liceale, diploma di istruzione tecnica, diploma di istruzione professionale)",Scuola secondaria di 1Âº grado (Licenza media),2,3,4,3,4,4,3,4,4,4,4,6,5,5,7,6,7,5,6,5,6,6,2,2,0.009315631,0.010101,0.009699,0.011409,0.011178,0.012376918,0.012055149,0.014129339,0,0,0.000306,0.000351,0.000308,0.000275,0.000352,0.000455,0.00041,0.000367,0,0.899657266,0.799910991,0.799788756,0.799791181,0.489622761,0.000805806,1.21E-07,0.997627817,0.998416509,5.35E-14,0.999484418,0.000443708,0,0,0,0,0,0,1,1,1,5,0.794990508,0.7713389,0.761108362,0.761602928,0.446971147,0.000805842,1.22E-07,0.997687119,0.998414528,5.35E-14,0.999478799,0.00044349,2,1,1,1,0,1,0,1,0,1,0,4,1,0,0
16,10,0,0,0,3,5,4,0.002706842,0.010026511,0.071606739,0.915659907,0.002706842,0.071606739,0.010026511,0.915659907,0,0,1,0,1,0,3,0,0,1,NaN,NaN,NaN,NaN,NaN,NaN,NaN,0,16,10,1,2,3,4,1,1,1,3,5,6,7,8,3,5,2,3,1,3,0.666666667,2,2,5,0.487179487,3,3792,14559,14099,"Scuola secondaria di 2Âº grado (diploma di istruzione liceale, diploma di istruzione tecnica, diploma di istruzione professionale)","Scuola secondaria di 2Âº grado (diploma di istruzione liceale, diploma di istruzione tecnica, diploma di istruzione professionale)",2,3,4,3,4,4,3,4,4,4,4,6,7,8,6,8,8,6,8,8,8,8,0,0,0.000306152,0.000351,0.000308,0.000275,0.000352,0.000455359,0.000410313,0.000367235,0,0,0.000306,0.000351,0.000308,0.000275,0.000352,0.000455,0.00041,0.000367,0,0.899657266,0.799910991,0.799788756,0.799791181,0.489622761,0.000805806,1.21E-07,0.997627817,0.998416509,5.35E-14,0.999484418,0.000443708,0,0,0,0,0,0,1,1,1,0,0.896866109,0.794115494,0.787371238,0.790166252,0.480835153,0.000805842,1.22E-07,0.997687119,0.998414528,5.35E-14,0.999478799,0.00044349,0,0,0,0,0,0,1,1,1,3,0,5,2,0,1
16,11,1,5,1,3,5,6,0.101531796,0.000977198,0.101048593,0.796442413,0.192220082,0.468064005,0.132443163,0.207272751,0,0,1,0,1,0,2,0,0,1,0,0,1,0,0,1,1,1,16,11,1,2,3,4,3,2,3,5,5,6,7,8,3,2,5,3,2,5,0.487179487,3,2,5,0.487179487,3,NaN,NaN,NaN,,,1,3,4,3,4,4,1,4,4,4,4,6,5,5,7,6,8,6,6,5,8,6,2,2,0.002515115,0.022301,0.022941,0.056604,0.002496,0.024443254,0.025315072,0.061466641,1,1,0.000958,0.000969,0.00086,0.00081,0.001126,0.001204,0.001093,0.001026,1,0.897039883,0.799331246,0.797461723,0.797474034,0.404245324,0.003479667,8.78E-07,0.994952073,0.994109248,1.29E-12,0.998082971,0.001845256,1,0,0,1,0,0,1,1,1,5,0.840781497,0.782549157,0.780039172,0.780659025,0.406478587,0.003479614,8.82E-07,0.995011407,0.994105081,1.29E-12,0.998077503,0.001844894,2,1,1,0,0,0,0,0,0,2,0,11,5,1,1
16,12,3,0,1,3,5,6,0.36556655,0.632956231,0.000903195,0.000574023,0.915659907,0.071606739,0.002706842,0.010026511,0,0,1,0,1,0,6,0,0,1,0,0,1,1,0,0,4,1,16,12,1,2,3,4,4,5,3,2,5,6,7,8,5,3,1,2,2,5,0.476190476,3,1,5,1.060606061,4,3756,NaN,NaN,"Scuola secondaria di 2Âº grado (diploma di istruzione liceale, diploma di istruzione tecnica, diploma di istruzione professionale)",Scuola secondaria di 1Âº grado (Licenza media),2,1,1,2,2,3,2,1,1,2,2,5,5,5,6,6,8,5,5,5,6,5,0,0,0.000306152,0.000351,0.000308,0.000275,0.000352,0.000455359,0.000410313,0.000367235,1,1,0.002905,0.003386,0.003071,0.003098,0.003666,0.004387,0.00408,0.004118,3,0.894145991,0.797989832,0.791526447,0.774271397,0.502100529,1,0.999999599,2.53E-14,7.71E-11,0.998466504,6.88E-16,0.001533496,1,0,1,1,0,1,1,1,0,0,0.899376629,0.799427965,0.797364969,0.797356977,0.504583747,1,0.999999602,2.54E-14,7.64E-11,0.998466661,6.80E-16,0.001533339,0,0,0,0,0,0,1,1,1,0,0,0,0,1,1
16,13,0,0,1,3,5,8,0.010026511,0.915659907,0.002706842,0.071606739,0.002706842,0.071606739,0.915659907,0.010026511,0,0,1,0,1,0,4,0,0,1,0,0,1,0,0,1,3,1,16,13,1,2,3,4,4,5,3,4,5,6,7,8,2,4,5,4,3,5,0.166666667,2,2,5,0.422222222,3,NaN,NaN,NaN,,,2,1,4,2,2,4,2,2,4,2,2,6,7,8,7,6,7,7,6,7,7,7,0,0,0.000306152,0.000351,0.000308,0.000275,0.000352,0.000455359,0.000410313,0.000367235,0,0,0.000306,0.000351,0.000308,0.000275,0.000352,0.000455,0.00041,0.000367,0,0.897846929,0.798294477,0.797802644,0.797637956,0.49557102,0.99999989,0.995339651,3.64E-08,1.05E-05,0.385935607,1.21E-07,0.614064271,0,0,0,0,0,0,1,1,1,0,0.899032073,0.799495974,0.798733223,0.79879813,0.487653354,0.999999892,0.995359214,3.64E-08,1.04E-05,0.386039707,1.30E-07,0.613960162,0,0,0,0,0,0,1,1,1,1,0,1,0,0,1
16,14,0,1,0,3,5,8,0.010026511,0.002706842,0.071606739,0.915659907,0.000977198,0.101048593,0.101531796,0.796442413,0,1,0,1,0,0,3,0,0,0,0,0,1,0,0,1,3,1,16,14,1,2,3,4,4,3,4,5,5,6,7,8,3,4,3,5,3,5,0.166666667,2,3,5,0.244444444,2,3742,-40,14506,"Scuola secondaria di 2Âº grado (diploma di istruzione liceale, diploma di istruzione tecnica, diploma di istruzione professionale)","Scuola secondaria di 2Âº grado (diploma di istruzione liceale, diploma di istruzione tecnica, diploma di istruzione professionale)",1,3,4,3,4,4,3,4,4,4,4,6,7,8,6,8,8,7,8,8,8,8,1,1,0.000957953,0.000969,0.00086,0.00081,0.001126,0.001204491,0.001092811,0.001025973,0,0,0.000306,0.000351,0.000308,0.000275,0.000352,0.000455,0.00041,0.000367,0,0.899577289,0.79989544,0.799435219,0.799437349,0.484898621,0.001001689,1.03E-07,0.997432241,0.998416528,4.11E-14,0.999381237,0.000546896,0,0,0,0,0,0,1,1,1,1,0.891684941,0.791345758,0.78088593,0.785020611,0.433796734,0.001001743,1.04E-07,0.997491513,0.998414546,4.12E-14,0.999375617,0.000546679,1,0,0,1,0,0,1,1,1,1,0,2,0,0,1
16,15,0,1,0,3,5,6,0.002706842,0.071606739,0.010026511,0.915659907,0.000977198,0.101048593,0.101531796,0.796442413,0,1,0,0,1,0,3,0,0,0,0,0,1,0,0,1,3,1,16,15,1,2,3,4,1,3,2,5,5,6,7,8,4,4,3,5,1,5,1.060606061,4,3,5,0.166666667,2,3803,19625,23788,Scuola secondaria di 1Âº grado (Licenza media),"Scuola secondaria di 2Âº grado (diploma di istruzione liceale, diploma di istruzione tecnica, diploma di istruzione professionale)",2,3,4,2,4,4,2,4,4,4,4,6,7,8,6,8,8,7,8,8,8,8,1,1,0.000957953,0.000969,0.00086,0.00081,0.001126,0.001204491,0.001092811,0.001025973,0,0,0.000306,0.000351,0.000308,0.000275,0.000352,0.000455,0.00041,0.000367,0,0.899193323,0.799722883,0.799169438,0.799178538,0.487675641,0.003100637,5.13E-06,0.995334411,0.996018099,4.45E-11,0.998263016,0.001665198,0,0,0,0,0,0,1,1,1,1,0.891684941,0.791345758,0.78088593,0.785020611,0.433796734,0.003100356,5.15E-06,0.995393929,0.996014586,4.46E-11,0.998255347,0.001667037,1,0,0,1,0,0,1,1,1,0,0,4,1,1,1
17,4,1,0,1,3,5,4,0.101048593,0.000977198,0.101531796,0.796442413,0.071606739,0.010026511,0.915659907,0.002706842,0,1,0,0,1,0,6,0,1,0,0,0,1,1,0,0,3,1,17,4,1,2,3,4,2,2,3,5,5,6,7,8,4,3,5,1,2,5,0.666666667,3,1,5,0.897435897,4,3592,11429,14269,Scuola secondaria di 1Âº grado (Licenza media),Scuola primaria (Licenza elementare),1,1,4,3,4,4,3,4,4,4,4,5,7,5,7,6,7,7,5,7,7,7,0,0,0.000306152,0.000351,0.000308,0.000275,0.000352,0.000455359,0.000410313,0.000367235,1,1,0.000958,0.000969,0.00086,0.00081,0.001126,0.001204,0.001093,0.001026,1,0.897329824,0.799491871,0.798115904,0.798127017,0.408850438,0.002880919,7.35E-07,0.995555957,0.998415897,1.07E-12,0.998395724,0.00153248,1,0,0,1,0,0,1,1,1,0,0.891494905,0.799153601,0.79767892,0.773250751,0.540876282,0.002881044,7.38E-07,0.995615047,0.998413912,1.07E-12,0.99838901,0.001533363,0,0,0,0,0,0,1,1,1,2,0,0,0,1,1
17,5,3,9,0,3,5,6,0.365401124,0.000903428,0.000574131,0.633121317,0.20337756,0.14968611,0.264263152,0.382673178,0,1,0,1,0,0,4,0,1,0,0,0,1,1,0,0,3,1,17,5,1,2,3,4,4,1,1,5,5,6,7,8,5,4,4,4,1,5,1.545454545,4,4,5,0.058823529,1,3618,13939,18109,Laurea specialistica,"Scuola secondaria di 2Âº grado (diploma di istruzione liceale, diploma di istruzione tecnica, diploma di istruzione professionale)",1,1,1,2,4,4,1,4,4,4,4,5,5,5,7,8,8,7,6,8,7,8,5,4,0.264142056,0.264142,0.264142,0.264142,0.269542,0.269541779,0.269541779,0.269541779,1,1,0.002905,0.003386,0.003071,0.003098,0.003666,0.004387,0.00408,0.004118,3,0.88774417,0.794588364,0.786851051,0.786917877,0.489365614,0.728855345,0.003106264,0.270717945,0.991022151,1.19E-06,0.505531695,0.494430763,2,1,0,2,1,0,1,1,1,9,0.228233709,0.432326146,0.315465916,0.394749633,0.207341777,0.728766835,0.00312625,0.270822451,0.990998134,1.20E-06,0.500367686,0.499592206,5,1,2,4,1,1,1,1,0,1,0,7,1,0,1
17,6,0,0,1,3,5,4,0.071606739,0.915659907,0.010026511,0.002706842,0.010026511,0.915659907,0.071606739,0.002706842,0,0,1,0,1,0,8,0,1,0,NaN,NaN,NaN,NaN,NaN,NaN,NaN,0,17,6,1,2,3,4,4,5,3,4,5,6,7,8,3,5,4,3,3,5,0.166666667,2,3,5,0.244444444,2,3709,13243,13634,"Scuola secondaria di 2Âº grado (diploma di istruzione liceale, diploma di istruzione tecnica, diploma di istruzione professionale)","Scuola secondaria di 2Âº grado (diploma di istruzione liceale, diploma di istruzione tecnica, diploma di istruzione professionale)",2,1,1,2,2,3,2,2,1,2,2,6,7,5,6,6,7,6,6,7,6,6,0,0,0.000306152,0.000351,0.000308,0.000275,0.000352,0.000455359,0.000410313,0.000367235,0,0,0.000306,0.000351,0.000308,0.000275,0.000352,0.000455,0.00041,0.000367,0,0.89920837,0.799527005,0.797852205,0.779980765,0.5011577,1,0.99999966,3.51E-14,5.39E-11,0.999042559,5.05E-16,0.000957441,0,0,0,0,0,0,1,1,1,0,0.897355818,0.798026291,0.797209173,0.797269583,0.508980094,1,0.999999663,3.51E-14,5.32E-11,0.999042646,5.41E-16,0.000957354,0,0,0,0,0,0,1,1,1,3,1,1,0,0,1
17,7,0,6,0,3,5,6,0.071606739,0.010026511,0.915659907,0.002706842,0.11846886,0.209976821,0.16847769,0.50307663,0,0,1,0,0,1,6,0,1,1,0,0,1,0,0,1,2,1,17,7,1,2,3,4,4,4,5,2,5,6,7,8,2,3,5,5,2,5,0.422222222,3,2,5,0.6,3,NaN,NaN,NaN,,,1,3,1,3,2,3,3,1,3,3,3,5,5,8,7,8,8,7,8,8,6,8,3,2,0.007575165,0.042593,0.056122,0.056122,0.00767,0.044634694,0.058929956,0.058929956,0,0,0.000306,0.000351,0.000308,0.000275,0.000352,0.000455,0.00041,0.000367,0,0.898757351,0.79851284,0.798270561,0.798270295,0.500033341,1,0.994314664,8.82E-12,3.85E-05,9.57E-05,1.13E-10,0.999904254,0,0,0,0,0,0,1,1,1,6,0.508476659,0.67490188,0.623179442,0.664773733,0.328402556,1,0.994366922,8.84E-12,3.79E-05,9.58E-05,1.10E-10,0.999904164,3,0,1,2,0,0,1,1,0,1,0,4,1,0,1
17,8,4,0,1,3,5,3,0.499254044,0.000745539,0.000497891,0.499502525,0.071606739,0.915659907,0.002706842,0.010026511,0,0,1,0,0,1,3,0,1,1,0,0,1,1,0,0,3,1,17,8,1,2,3,4,5,4,3,4,5,6,7,8,4,5,2,2,3,5,0.166666667,2,2,5,0.692307692,3,3631,15645,16151,Scuola secondaria di 1Âº grado (Licenza media),Scuola secondaria di 1Âº grado (Licenza media),1,1,1,2,4,4,1,1,4,4,4,6,5,5,6,6,8,6,6,5,6,6,0,0,0.000306152,0.000351,0.000308,0.000275,0.000352,0.000455359,0.000410313,0.000367235,2,2,0.002905,0.003386,0.003071,0.003098,0.003666,0.004387,0.00408,0.004118,4,0.823601956,0.777246226,0.755372008,0.755516413,0.489237855,0.998867437,0.26342532,0.00112959,0.594157789,5.96E-05,0.00473418,0.995205896,1,1,1,1,1,1,1,1,0,0,0.898982328,0.798860794,0.798608006,0.798633227,0.489002097,0.998865689,0.264780341,0.001131422,0.592925853,5.97E-05,0.004351388,0.995588617,0,0,0,0,0,0,1,1,1,2,0,1,0,0,1
17,9,0,0,0,3,5,5,0.010026511,0.002706842,0.071606739,0.915659907,0.002706842,0.915659907,0.071606739,0.010026511,0,0,1,1,0,0,3,0,1,1,1,0,0,0,0,1,5,1,17,9,1,2,3,4,3,1,2,5,5,6,7,8,2,5,5,3,1,5,1.060606061,4,2,5,0.6,3,NaN,NaN,NaN,,,1,3,4,3,4,4,3,4,4,4,4,6,7,8,6,6,7,6,6,7,6,6,0,0,0.000306152,0.000351,0.000308,0.000275,0.000352,0.000455359,0.000410313,0.000367235,0,0,0.000306,0.000351,0.000308,0.000275,0.000352,0.000455,0.00041,0.000367,0,0.899577289,0.79989544,0.799435219,0.799437349,0.484898621,0.001001689,1.03E-07,0.997432241,0.998416528,4.11E-14,0.999381237,0.000546896,0,0,0,0,0,0,1,1,1,0,0.890405861,0.796930365,0.79582644,0.795943657,0.50203661,0.001001743,1.04E-07,0.997491513,0.998414546,4.12E-14,0.999375617,0.000546679,0,0,0,0,0,0,1,1,1,2,1,1,0,0,1
17,10,0,2,1,3,5,7,0.071606739,0.002706842,0.010026511,0.915659907,0.068357878,0.110330007,0.710982107,0.110330007,0,0,1,1,0,0,4,0,1,1,0,0,1,0,0,1,3,1,17,10,1,2,3,4,5,4,3,5,5,6,7,8,2,4,5,3,3,5,0.215686275,2,2,5,0.476190476,3,3686,12658,15052,"Scuola secondaria di 2Âº grado (diploma di istruzione liceale, diploma di istruzione tecnica, diploma di istruzione professionale)",Scuola secondaria di 1Âº grado (Licenza media),1,1,4,3,4,4,1,4,4,4,4,6,7,5,7,6,7,7,8,7,7,7,2,1,0.002016214,0.002034,0.00187,0.001831,0.002227,0.002320115,0.002151938,0.002087662,0,0,0.000306,0.000351,0.000308,0.000275,0.000352,0.000455,0.00041,0.000367,0,0.898888497,0.799350397,0.797684547,0.797696998,0.460720507,0.009961383,6.25E-06,0.988480558,0.994103904,3.35E-11,0.994769874,0.00515859,0,0,0,0,0,0,1,1,1,2,0.870623002,0.79583074,0.769152963,0.769287175,0.452715286,0.009961122,6.28E-06,0.988539714,0.994099714,3.35E-11,0.994760075,0.005162581,2,0,0,1,0,0,1,1,1,3,1,2,0,0,1
17,11,0,9,1,3,5,6,0.010026511,0.071606739,0.002706842,0.915659907,0.133956952,0.377904325,0.35418177,0.133956952,0,0,1,0,0,1,6,0,1,1,1,0,0,0,0,1,3,1,17,11,1,2,3,4,4,5,4,5,5,6,7,8,4,5,5,5,4,5,0.074074074,1,4,5,0.052631579,1,3760,12254,13337,"Scuola secondaria di 2Âº grado (diploma di istruzione liceale, diploma di istruzione tecnica, diploma di istruzione professionale)",Scuola secondaria di 1Âº grado (Licenza media),2,1,4,2,4,4,2,4,4,4,4,6,7,8,6,6,8,6,6,5,7,7,5,3,0.048476706,0.048477,0.048477,0.048477,0.050972,0.050971557,0.050971557,0.050971557,0,0,0.000306,0.000351,0.000308,0.000275,0.000352,0.000455,0.00041,0.000367,0,0.898945751,0.799546248,0.79870335,0.798719681,0.487580712,0.008882612,3.65E-05,0.989561513,0.995986828,1.16E-09,0.995271699,0.004656729,0,0,0,0,0,0,1,1,1,9,0.252775442,0.58839293,0.378786778,0.398680073,0.237991208,0.008881712,3.67E-05,0.989621305,0.9959832,1.16E-09,0.99525624,0.004666376,4,2,2,2,1,1,1,1,0,2,0,5,0,0,0
17,12,0,7,0,3,5,7,0.071606739,0.002706842,0.010026511,0.915659907,0.000332971,0.499866797,0.249941714,0.249858518,0,0,1,0,0,1,3,0,1,1,0,0,1,0,0,1,2,1,17,12,1,2,3,4,4,2,3,5,5,6,7,8,1,5,4,3,2,5,0.476190476,3,1,5,0.897435897,4,3761,NaN,NaN,Scuola secondaria di 1Âº grado (Licenza media),Scuola secondaria di 1Âº grado (Licenza media),1,1,4,3,4,4,1,4,4,4,4,6,7,8,7,8,8,6,6,7,6,6,3,3,0.050472327,0.050472,0.050472,0.050472,0.061277,0.06127748,0.06127748,0.06127748,0,0,0.000306,0.000351,0.000308,0.000275,0.000352,0.000455,0.00041,0.000367,0,0.898888497,0.799350397,0.797684547,0.797696998,0.460720507,0.009961383,6.25E-06,0.988480558,0.994103904,3.35E-11,0.994769874,0.00515859,0,0,0,0,0,0,1,1,1,7,0.476256221,0.687361411,0.652936219,0.659611889,0.340192421,0.009961122,6.28E-06,0.988539714,0.994099714,3.35E-11,0.994760075,0.005162581,5,2,0,4,1,0,1,1,1,0,0,1,0,1,1
17,13,0,1,0,3,5,7,0.010026511,0.002706842,0.915659907,0.071606739,0.101048593,0.796442413,0.000977198,0.101531796,0,0,1,1,0,0,3,0,1,1,0,0,1,1,0,0,3,1,17,13,1,2,3,4,4,3,5,4,5,6,7,8,3,5,3,4,3,5,0.166666667,2,3,5,0.244444444,2,3656,15142,16046,"Scuola secondaria di 2Âº grado (diploma di istruzione liceale, diploma di istruzione tecnica, diploma di istruzione professionale)",Laurea triennale,1,3,4,3,4,3,3,4,3,3,3,6,5,5,6,6,8,6,6,8,6,6,1,1,0.000957953,0.000969,0.00086,0.00081,0.001126,0.001204491,0.001092811,0.001025973,0,0,0.000306,0.000351,0.000308,0.000275,0.000352,0.000455,0.00041,0.000367,0,0.899139591,0.799278768,0.798844663,0.798844701,0.499884689,0.999894295,0.004136977,9.48E-05,0.216870435,3.87E-09,0.000442304,0.999555715,0,0,0,0,0,0,1,1,1,1,0.891960819,0.795389123,0.794366344,0.79452068,0.420096885,0.999894436,0.004163583,9.48E-05,0.215901947,3.88E-09,0.000460444,0.999537258,1,0,0,1,0,0,1,1,1,1,0,2,0,0,1
18,5,0,0,1,3,5,7,0.071606739,0.915659907,0.010026511,0.002706842,0.071606739,0.915659907,0.010026511,0.002706842,0,1,0,0,1,0,2,0,0,0,0,0,1,1,0,0,3,1,18,5,1,2,3,4,4,5,2,1,5,6,7,8,4,5,3,2,1,5,1.111111111,4,2,5,0.476190476,3,2302,13741,14793,"Scuola secondaria di 2Âº grado (diploma di istruzione liceale, diploma di istruzione tecnica, diploma di istruzione professionale)","Scuola secondaria di 2Âº grado (diploma di istruzione liceale, diploma di istruzione tecnica, diploma di istruzione professionale)",2,1,1,2,2,3,2,2,1,2,2,6,5,5,6,6,7,6,6,5,6,6,0,0,0.000306152,0.000351,0.000308,0.000275,0.000352,0.000455359,0.000410313,0.000367235,0,0,0.000306,0.000351,0.000308,0.000275,0.000352,0.000455,0.00041,0.000367,0,0.89920837,0.799527005,0.797852205,0.779980765,0.5011577,1,0.99999966,3.51E-14,5.39E-11,0.999042559,5.05E-16,0.000957441,0,0,0,0,0,0,1,1,1,0,0.898268869,0.798118492,0.797944825,0.797978569,0.485760921,1,0.999999663,3.51E-14,5.32E-11,0.999042646,5.41E-16,0.000957354,0,0,0,0,0,0,1,1,1,0,0,0,0,1,1
18,6,0,0,0,3,5,6,0.071606739,0.002706842,0.010026511,0.915659907,0.071606739,0.915659907,0.010026511,0.002706842,0,0,1,0,1,0,2,0,0,1,0,1,0,1,0,0,3,1,18,6,1,2,3,4,5,3,4,5,5,6,7,8,5,5,5,5,3,5,0.215686275,2,5,5,0,0,3613,15304,16979,Scuola secondaria di 1Âº grado (Licenza media),Scuola secondaria di 1Âº grado (Licenza media),1,1,4,3,4,4,1,4,4,4,4,6,5,5,6,6,7,6,6,5,6,6,0,0,0.000306152,0.000351,0.000308,0.000275,0.000352,0.000455359,0.000410313,0.000367235,0,0,0.000306,0.000351,0.000308,0.000275,0.000352,0.000455,0.00041,0.000367,0,0.898888497,0.799350397,0.797684547,0.797696998,0.460720507,0.009961383,6.25E-06,0.988480558,0.994103904,3.35E-11,0.994769874,0.00515859,0,0,0,0,0,0,1,1,1,0,0.898268869,0.798118492,0.797944825,0.797978569,0.485760921,0.009961122,6.28E-06,0.988539714,0.994099714,3.35E-11,0.994760075,0.005162581,0,0,0,0,0,0,1,1,1,1,0,6,0,0,0
18,7,4,5,1,3,5,7,0.499254044,0.499502525,0.000497891,0.000745539,0.169381669,0.347155361,0.483113246,0.000349724,0,1,0,0,1,0,4,0,0,0,0,0,1,1,0,0,4,1,18,7,1,2,3,4,5,4,2,3,5,6,7,8,3,4,4,2,2,5,0.476190476,3,2,4,0.282051282,2,3525,12970,15133,"Scuola secondaria di 2Âº grado (diploma di istruzione liceale, diploma di istruzione tecnica, diploma di istruzione professionale)",Scuola secondaria di 1Âº grado (Licenza media),1,1,1,2,2,4,2,1,1,2,2,6,7,5,7,6,7,7,6,5,7,6,2,2,0.009315631,0.010101,0.009699,0.011409,0.011178,0.012376918,0.012055149,0.014129339,2,2,0.002905,0.003386,0.003071,0.003098,0.003666,0.004387,0.00408,0.004118,4,0.845015709,0.787126831,0.784533887,0.779590125,0.497679715,1,0.999992208,1.13E-12,1.50E-09,0.993448661,9.31E-14,0.006551339,1,1,1,1,1,1,1,1,0,5,0.810561889,0.78441005,0.716776365,0.715898452,0.495569332,1,0.999992267,1.14E-12,1.49E-09,0.993449597,8.84E-14,0.006550403,1,1,2,1,1,1,1,1,0,1,0,1,0,0,0
18,8,0,0,0,3,5,7,0.010026511,0.002706842,0.071606739,0.915659907,0.002706842,0.071606739,0.915659907,0.010026511,0,0,1,1,0,0,3,0,0,1,0,0,1,0,0,1,2,1,18,8,1,2,3,4,1,3,3,5,5,6,7,8,3,4,5,3,1,5,0.888888889,4,3,5,0.244444444,2,3562,14047,NaN,Laurea specialistica,Laurea triennale,1,3,4,3,4,4,3,4,4,4,4,6,7,8,7,6,7,7,6,7,7,7,0,0,0.000306152,0.000351,0.000308,0.000275,0.000352,0.000455359,0.000410313,0.000367235,0,0,0.000306,0.000351,0.000308,0.000275,0.000352,0.000455,0.00041,0.000367,0,0.899577289,0.79989544,0.799435219,0.799437349,0.484898621,0.001001689,1.03E-07,0.997432241,0.998416528,4.11E-14,0.999381237,0.000546896,0,0,0,0,0,0,1,1,1,0,0.899032073,0.799495974,0.798733223,0.79879813,0.487653354,0.001001743,1.04E-07,0.997491513,0.998414546,4.12E-14,0.999375617,0.000546679,0,0,0,0,0,0,1,1,1,3,1,1,0,0,1
18,9,0,1,0,3,5,7,0.071606739,0.002706842,0.010026511,0.915659907,0.101531796,0.000977198,0.101048593,0.796442413,0,0,1,0,1,0,3,0,0,1,0,0,1,1,0,0,4,1,18,9,1,2,3,4,4,3,2,5,5,6,7,8,3,1,4,5,2,5,0.476190476,3,1,5,0.897435897,4,3587,17413,16337,"Scuola secondaria di 2Âº grado (diploma di istruzione liceale, diploma di istruzione tecnica, diploma di istruzione professionale)","Scuola secondaria di 2Âº grado (diploma di istruzione liceale, diploma di istruzione tecnica, diploma di istruzione professionale)",1,1,4,3,4,4,1,4,4,4,4,5,7,8,7,8,8,5,8,8,8,8,1,1,0.000957953,0.000969,0.00086,0.00081,0.001126,0.001204491,0.001092811,0.001025973,0,0,0.000306,0.000351,0.000308,0.000275,0.000352,0.000455,0.00041,0.000367,0,0.898888497,0.799350397,0.797684547,0.797696998,0.460720507,0.009961383,6.25E-06,0.988480558,0.994103904,3.35E-11,0.994769874,0.00515859,0,0,0,0,0,0,1,1,1,1,0.89239884,0.792092738,0.788965794,0.79235901,0.402483381,0.009961122,6.28E-06,0.988539714,0.994099714,3.35E-11,0.994760075,0.005162581,1,0,0,1,0,0,1,1,1,2,1,1,0,0,1
18,10,0,0,0,3,5,7,0.010026511,0.002706842,0.071606739,0.915659907,0.002706842,0.071606739,0.915659907,0.010026511,0,0,1,0,1,0,2,0,0,1,1,0,0,0,0,1,3,1,18,10,1,2,3,4,3,2,4,5,5,6,7,8,3,5,5,4,2,5,0.476190476,3,3,5,0.215686275,2,3576,17113,18324,Laurea specialistica,Laurea specialistica,1,3,4,3,4,4,3,4,4,4,4,6,7,8,7,6,7,7,6,7,7,7,0,0,0.000306152,0.000351,0.000308,0.000275,0.000352,0.000455359,0.000410313,0.000367235,0,0,0.000306,0.000351,0.000308,0.000275,0.000352,0.000455,0.00041,0.000367,0,0.899577289,0.79989544,0.799435219,0.799437349,0.484898621,0.001001689,1.03E-07,0.997432241,0.998416528,4.11E-14,0.999381237,0.000546896,0,0,0,0,0,0,1,1,1,0,0.899032073,0.799495974,0.798733223,0.79879813,0.487653354,0.001001743,1.04E-07,0.997491513,0.998414546,4.12E-14,0.999375617,0.000546679,0,0,0,0,0,0,1,1,1,0,0,1,0,1,1
18,11,0,0,1,3,5,8,0.002706842,0.915659907,0.010026511,0.071606739,0.071606739,0.002706842,0.915659907,0.010026511,0,0,1,0,1,0,5,0,0,1,0,0,1,1,0,0,3,1,18,11,1,2,3,4,1,5,2,3,5,6,7,8,4,2,5,4,1,5,1.060606061,4,2,5,0.422222222,3,NaN,NaN,NaN,,,2,3,4,2,2,4,2,2,4,2,2,5,7,5,7,8,7,7,5,7,7,7,0,0,0.000306152,0.000351,0.000308,0.000275,0.000352,0.000455359,0.000410313,0.000367235,0,0,0.000306,0.000351,0.000308,0.000275,0.000352,0.000455,0.00041,0.000367,0,0.897269907,0.797790935,0.796684988,0.796646592,0.493093448,0.999999684,0.96771917,1.05E-07,7.26E-05,0.063359269,5.18E-07,0.936640209,0,0,0,0,0,0,1,1,1,0,0.895455717,0.798959481,0.798495248,0.791134676,0.490583768,0.999999688,0.967853471,1.05E-07,7.19E-05,0.063393042,5.55E-07,0.936606398,0,0,0,0,0,0,1,1,1,0,0,1,0,1,1
18,12,0,0,0,3,5,7,0.002706842,0.071606739,0.010026511,0.915659907,0.010026511,0.915659907,0.002706842,0.071606739,0,0,1,0,0,1,6,0,0,1,0,0,1,1,0,0,3,1,18,12,1,2,3,4,2,4,4,5,5,6,7,8,3,5,2,3,2,5,0.422222222,3,2,5,0.487179487,3,3664,16931,18074,"Scuola secondaria di 2Âº grado (diploma di istruzione liceale, diploma di istruzione tecnica, diploma di istruzione professionale)",Scuola secondaria di 1Âº grado (Licenza media),2,3,4,2,4,4,2,4,4,4,4,6,5,8,6,6,8,6,6,8,6,6,0,0,0.000306152,0.000351,0.000308,0.000275,0.000352,0.000455359,0.000410313,0.000367235,0,0,0.000306,0.000351,0.000308,0.000275,0.000352,0.000455,0.00041,0.000367,0,0.899193323,0.799722883,0.799169438,0.799178538,0.487675641,0.003100637,5.13E-06,0.995334411,0.996018099,4.45E-11,0.998263016,0.001665198,0,0,0,0,0,0,1,1,1,0,0.896326696,0.796122316,0.794633182,0.794786872,0.470434742,0.003100356,5.15E-06,0.995393929,0.996014586,4.46E-11,0.998255347,0.001667037,0,0,0,0,0,0,1,1,1,1,0,1,0,0,1
18,13,0,0,1,3,5,4,0.002706842,0.915659907,0.010026511,0.071606739,0.071606739,0.010026511,0.915659907,0.002706842,0,0,1,0,1,0,3,0,0,1,0,0,1,0,0,1,3,1,18,13,1,2,3,4,1,5,3,4,5,6,7,8,4,3,5,3,1,5,0.897435897,4,3,5,0.244444444,2,3564,17793,17384,"Scuola secondaria di 2Âº grado (diploma di istruzione liceale, diploma di istruzione tecnica, diploma di istruzione professionale)","Scuola secondaria di 2Âº grado (diploma di istruzione liceale, diploma di istruzione tecnica, diploma di istruzione professionale)",2,3,4,2,2,4,2,2,4,2,2,5,7,5,7,6,7,7,5,7,7,7,0,0,0.000306152,0.000351,0.000308,0.000275,0.000352,0.000455359,0.000410313,0.000367235,0,0,0.000306,0.000351,0.000308,0.000275,0.000352,0.000455,0.00041,0.000367,0,0.897269907,0.797790935,0.796684988,0.796646592,0.493093448,0.999999684,0.96771917,1.05E-07,7.26E-05,0.063359269,5.18E-07,0.936640209,0,0,0,0,0,0,1,1,1,0,0.891494905,0.799153601,0.79767892,0.773250751,0.540876282,0.999999688,0.967853471,1.05E-07,7.19E-05,0.063393042,5.55E-07,0.936606398,0,0,0,0,0,0,1,1,1,0,0,1,0,1,1
18,14,1,3,0,3,5,6,0.101531796,0.000977198,0.101048593,0.796442413,0.187015799,0.579872752,0.000400471,0.232710978,0,0,1,0,0,1,3,0,0,1,0,0,1,0,0,1,4,1,18,14,1,2,3,4,2,3,4,5,5,6,7,8,2,5,4,2,2,5,0.476190476,3,2,5,0.692307692,3,3724,13801,16842,Scuola secondaria di 1Âº grado (Licenza media),Scuola secondaria di 1Âº grado (Licenza media),1,3,4,3,4,4,1,4,4,4,4,6,5,5,6,6,8,6,6,5,8,6,1,1,0.001106908,0.007361,0.006785,0.007864,0.001221,0.009058014,0.008536963,0.009850282,1,1,0.000958,0.000969,0.00086,0.00081,0.001126,0.001204,0.001093,0.001026,1,0.897039883,0.799331246,0.797461723,0.797474034,0.404245324,0.003479667,8.78E-07,0.994952073,0.994109248,1.29E-12,0.998082971,0.001845256,1,0,0,1,0,0,1,1,1,3,0.892541434,0.795663561,0.794529515,0.79467674,0.4924016,0.003479614,8.82E-07,0.995011407,0.994105081,1.29E-12,0.998077503,0.001844894,1,0,1,1,0,0,1,1,0,3,1,5,2,0,1
18,15,0,0,0,3,5,4,0.915659907,0.002706842,0.010026511,0.071606739,0.010026511,0.915659907,0.071606739,0.002706842,0,0,1,0,1,0,3,0,0,1,0,0,1,1,0,0,4,1,18,15,1,2,3,4,5,1,1,3,5,6,7,8,4,5,4,4,1,5,1.466666667,4,4,5,0.058823529,1,3959,14990,6,Laurea triennale,Laurea triennale,1,1,1,3,4,4,1,1,1,4,1,6,7,5,6,6,7,6,6,7,6,6,0,0,0.000306152,0.000351,0.000308,0.000275,0.000352,0.000455359,0.000410313,0.000367235,0,0,0.000306,0.000351,0.000308,0.000275,0.000352,0.000455,0.00041,0.000367,0,0.896702235,0.795735299,0.792429422,0.79242954,0.500000788,0.999999873,0.914406431,5.03E-08,0.000316807,0.002485474,4.44E-07,0.997514079,0,0,0,0,0,0,1,1,1,0,0.897355818,0.798026291,0.797209173,0.797269583,0.508980094,0.999999874,0.914949431,5.04E-08,0.000315036,0.00248709,3.75E-07,0.997512532,0,0,0,0,0,0,1,1,1,1,0,3,0,0,1
18,16,2,0,1,3,5,6,0.068357878,0.710982107,0.110330007,0.110330007,0.071606739,0.915659907,0.002706842,0.010026511,0,0,1,0,0,1,5,0,0,1,0,0,1,0,0,1,4,1,18,16,1,2,3,4,3,5,3,4,5,6,7,8,5,5,1,4,3,5,0.244444444,2,1,5,0.955555556,4,3773,NaN,NaN,"diploma di istruzione professionale)""","Scuola secondaria di 2Âº grado (diploma di istruzione liceale, diploma di istruzione tecnica, diploma di istruzione professionale)",2,1,4,2,2,4,2,2,3,2,2,6,5,5,6,6,8,6,6,5,6,6,0,0,0.000306152,0.000351,0.000308,0.000275,0.000352,0.000455359,0.000410313,0.000367235,2,1,0.002016,0.002034,0.00187,0.001831,0.002227,0.00232,0.002152,0.002088,2,0.813455701,0.783594011,0.779206684,0.772560585,0.439102823,0.999999972,0.997278963,6.35E-10,4.69E-07,0.627407477,1.52E-09,0.372592521,2,0,0,1,0,0,1,1,1,0,0.898982328,0.798860794,0.798608006,0.798633227,0.489002097,0.999999972,0.997290946,6.35E-10,4.64E-07,0.627503198,1.58E-09,0.3724968,0,0,0,0,0,0,1,1,1,3,0,1,0,0,1
19,2,10,10,1,3,4,7,0.334766456,0.232077076,0.278732166,0.154424302,0.27612495,0.390487807,0.207085339,0.126301904,0,0,1,1,0,0,3,0,1,1,1,0,0,1,0,0,3,1,19,2,1,2,3,4,5,5,3,2,5,6,7,8,3,5,3,3,2,5,0.6,3,3,5,0.285714286,2,3336,15079,15282,"Scuola secondaria di 2Âº grado (diploma di istruzione liceale, diploma di istruzione tecnica, diploma di istruzione professionale)","Scuola secondaria di 2Âº grado (diploma di istruzione liceale, diploma di istruzione tecnica, diploma di istruzione professionale)",1,1,1,2,2,3,3,2,4,3,1,6,7,8,6,6,8,6,6,5,7,5,5,3,0.264142056,0.264142,0.264142,0.264142,0.269542,0.269541779,0.269541779,0.269541779,5,4,0.264142,0.264142,0.264142,0.264142,0.269542,0.269542,0.269542,0.269542,10,0.25218871,0.519346182,0.337275858,0.335668936,0.234723989,1,0.999921185,2.22E-11,1.04E-06,0.068569767,2.58E-10,0.931430233,6,0,3,4,0,1,1,1,0,10,0.230633829,0.552225051,0.342182888,0.342770756,0.221061986,1,0.999921863,2.23E-11,1.02E-06,0.06860533,2.71E-10,0.931394669,4,3,2,2,1,1,1,1,0,3,1,4,0,0,1
19,4,8,3,1,3,4,6,0.305231823,0.375945142,0.318521987,0.000301048,0.365661362,0.632861616,0.000573961,0.000903062,0,0,1,1,0,0,4,0,1,1,0,0,1,1,0,0,1,1,19,4,1,2,3,4,5,5,5,1,5,6,7,8,5,5,3,4,1,5,1,4,3,5,0.215686275,2,2835,15450,18620,Scuola secondaria di 1Âº grado (Licenza media),"Scuola secondaria di 2Âº grado (diploma di istruzione liceale, diploma di istruzione tecnica, diploma di istruzione professionale)",1,1,1,2,2,3,3,2,1,3,2,6,5,5,6,6,8,6,5,5,6,6,1,1,0.002904536,0.003386,0.003071,0.003098,0.003666,0.004387326,0.004079551,0.00411772,4,3,0.050472,0.050472,0.050472,0.050472,0.061277,0.061277,0.061277,0.061277,8,0.40516628,0.708011515,0.635346275,0.624207014,0.383349069,1,0.999993712,2.28E-13,3.67E-09,0.745989726,8.52E-13,0.254010274,4,1,2,3,1,1,1,1,0,3,0.892180823,0.79579031,0.794420057,0.794510122,0.497911519,1,0.999993766,2.28E-13,3.61E-09,0.746062745,9.53E-13,0.253937255,1,0,1,1,0,1,1,1,0,3,0,1,0,0,0
19,5,0,0,1,3,4,5,0.071606739,0.915659907,0.010026511,0.002706842,0.915659907,0.071606739,0.010026511,0.002706842,0,0,1,1,0,0,7,0,1,1,0,0,1,1,0,0,6,1,19,5,1,2,3,4,5,4,2,1,5,6,7,8,5,4,4,4,1,5,1.111111111,4,4,5,0.058823529,1,NaN,NaN,NaN,,,2,1,1,2,2,3,2,2,1,2,2,5,5,5,6,6,7,5,5,5,6,5,0,0,0.000306152,0.000351,0.000308,0.000275,0.000352,0.000455359,0.000410313,0.000367235,0,0,0.000306,0.000351,0.000308,0.000275,0.000352,0.000455,0.00041,0.000367,0,0.89920837,0.799527005,0.797852205,0.779980765,0.5011577,1,0.99999966,3.51E-14,5.39E-11,0.999042559,5.05E-16,0.000957441,0,0,0,0,0,0,1,1,1,0,0.899296996,0.799380705,0.798929519,0.798925727,0.497488442,1,0.999999663,3.51E-14,5.32E-11,0.999042646,5.41E-16,0.000957354,0,0,0,0,0,0,1,1,1,2,1,3,0,0,1
19,6,0,0,0,3,4,6,0.010026511,0.071606739,0.002706842,0.915659907,0.915659907,0.071606739,0.002706842,0.010026511,0,1,0,0,0,1,2,0,1,0,0,0,1,1,0,0,6,1,19,6,1,2,3,4,1,1,1,5,5,6,7,8,5,3,2,4,1,5,2,4,2,5,0.476190476,3,3454,13257,18165,"Scuola secondaria di 2Âº grado (diploma di istruzione liceale, diploma di istruzione tecnica, diploma di istruzione professionale)","Scuola secondaria di 2Âº grado (diploma di istruzione liceale, diploma di istruzione tecnica, diploma di istruzione professionale)",2,1,4,2,4,4,2,4,4,4,4,5,5,5,6,6,8,5,5,5,6,5,0,0,0.000306152,0.000351,0.000308,0.000275,0.000352,0.000455359,0.000410313,0.000367235,0,0,0.000306,0.000351,0.000308,0.000275,0.000352,0.000455,0.00041,0.000367,0,0.898945751,0.799546248,0.79870335,0.798719681,0.487580712,0.008882612,3.65E-05,0.989561513,0.995986828,1.16E-09,0.995271699,0.004656729,0,0,0,0,0,0,1,1,1,0,0.899376629,0.799427965,0.797364969,0.797356977,0.504583747,0.008881712,3.67E-05,0.989621305,0.9959832,1.16E-09,0.99525624,0.004666376,0,0,0,0,0,0,1,1,1,3,0,2,1,0,1
19,7,5,3,0,3,4,7,0.270916774,0.201706528,0.000371259,0.527005439,0.000903195,0.36556655,0.632956231,0.000574023,0,0,1,0,1,0,8,0,1,0,0,0,1,0,0,1,1,1,19,7,1,2,3,4,5,5,5,5,5,6,7,8,3,5,5,3,5,5,0,0,3,5,0.333333333,2,3195,17637,17320,"Scuola secondaria di 2Âº grado (diploma di istruzione liceale, diploma di istruzione tecnica, diploma di istruzione professionale)","Scuola secondaria di 2Âº grado (diploma di istruzione liceale, diploma di istruzione tecnica, diploma di istruzione professionale)",2,1,4,2,4,4,2,4,4,4,1,6,7,5,7,6,7,7,6,7,6,7,1,1,0.002904536,0.003386,0.003071,0.003098,0.003666,0.004387326,0.004079551,0.00411772,2,1,0.009316,0.010101,0.009699,0.011409,0.011178,0.012377,0.012055,0.014129,5,0.824872747,0.785174735,0.767747538,0.767764658,0.44503116,0.737759194,0.007595106,0.254605519,0.756291864,3.06E-06,0.5022302,0.494849202,0,2,3,0,1,3,1,1,1,3,0.888750972,0.797039573,0.781067502,0.781131823,0.507249001,0.73772897,0.007616294,0.254920538,0.756348822,3.16E-06,0.485435803,0.511310669,1,0,1,1,0,1,1,1,0,6,0,2,0,0,0
19,8,3,1,1,3,4,7,0.632696695,0.00090283,0.365826623,0.000573852,0.101531796,0.101048593,0.000977198,0.796442413,0,0,1,0,1,0,2,0,1,1,0,1,0,0,0,1,3,1,19,8,1,2,3,4,5,3,4,2,5,6,7,8,3,4,1,5,2,5,0.476190476,3,1,5,0.897435897,4,3211,14264,17142,"Scuola secondaria di 2Âº grado (diploma di istruzione liceale, diploma di istruzione tecnica, diploma di istruzione professionale)","Scuola secondaria di 2Âº grado (diploma di istruzione liceale, diploma di istruzione tecnica, diploma di istruzione professionale)",1,1,1,3,2,3,1,1,1,3,3,6,5,8,6,8,8,5,8,8,8,8,1,1,0.000957953,0.000969,0.00086,0.00081,0.001126,0.001204491,0.001092811,0.001025973,1,1,0.002905,0.003386,0.003071,0.003098,0.003666,0.004387,0.00408,0.004118,3,0.894864189,0.796536155,0.795779689,0.795690634,0.58729807,1,0.999945263,3.72E-13,8.95E-08,0.071321463,5.55E-12,0.928678537,0,1,2,0,1,3,1,1,1,1,0.89210251,0.792169907,0.789276031,0.792686104,0.452545793,1,0.999945782,3.73E-13,8.84E-08,0.071357937,5.46E-12,0.928642063,1,0,0,1,0,0,1,1,1,0,0,1,0,1,1
19,9,0,0,1,3,4,6,0.071606739,0.010026511,0.915659907,0.002706842,0.010026511,0.002706842,0.915659907,0.071606739,0,1,0,0,0,1,3,0,1,0,0,1,0,1,0,0,2,1,19,9,1,2,3,4,4,4,5,3,5,6,7,8,4,3,4,5,3,5,0.166666667,2,3,5,0.166666667,2,3467,15193,16213,Laurea specialistica,"Scuola secondaria di 2Âº grado (diploma di istruzione liceale, diploma di istruzione tecnica, diploma di istruzione professionale)",1,3,1,3,2,3,3,1,3,3,3,5,7,8,7,8,7,7,8,7,7,7,0,0,0.000306152,0.000351,0.000308,0.000275,0.000352,0.000455359,0.000410313,0.000367235,0,0,0.000306,0.000351,0.000308,0.000275,0.000352,0.000455,0.00041,0.000367,0,0.898757351,0.79851284,0.798270561,0.798270295,0.500033341,1,0.994314664,8.82E-12,3.85E-05,9.57E-05,1.13E-10,0.999904254,0,0,0,0,0,0,1,1,1,0,0.898765554,0.798885186,0.798743706,0.798997535,0.480549041,1,0.994366922,8.84E-12,3.79E-05,9.58E-05,1.10E-10,0.999904164,0,0,0,0,0,0,1,1,1,1,0,3,1,0,1
19,10,4,3,1,3,4,6,0.499502525,0.499254044,0.000745539,0.000497891,0.365661362,0.000903062,0.632861616,0.000573961,1,0,0,1,0,0,4,0,1,0,1,0,0,0,0,1,4,1,19,10,1,2,3,4,5,4,3,1,5,6,7,8,4,3,5,2,1,5,0.897435897,4,2,5,0.476190476,3,3315,13059,12545,"Scuola secondaria di 2Âº grado (diploma di istruzione liceale, diploma di istruzione tecnica, diploma di istruzione professionale)","Scuola secondaria di 2Âº grado (diploma di istruzione liceale, diploma di istruzione tecnica, diploma di istruzione professionale)",2,1,1,2,2,3,2,1,1,2,1,5,7,5,7,6,7,5,5,7,7,7,1,1,0.002904536,0.003386,0.003071,0.003098,0.003666,0.004387326,0.004079551,0.00411772,2,2,0.002905,0.003386,0.003071,0.003098,0.003666,0.004387,0.00408,0.004118,4,0.874698599,0.795106239,0.780445551,0.740802703,0.518230346,1,0.999999556,1.83E-14,1.37E-10,0.997544712,9.38E-16,0.002455288,1,1,1,1,1,1,1,1,0,3,0.868428154,0.795423986,0.790245966,0.765681286,0.549653514,1,0.99999956,1.83E-14,1.36E-10,0.997544991,8.54E-16,0.002455009,1,0,1,1,0,1,1,1,0,1,0,0,0,1,1
19,11,0,3,1,3,4,5,0.071606739,0.915659907,0.010026511,0.002706842,0.633121317,0.365401124,0.000574131,0.000903428,0,0,1,0,1,0,2,0,1,1,0,1,0,1,0,0,1,1,19,11,1,2,3,4,4,5,3,1,5,6,7,8,5,1,1,1,1,5,0.897435897,4,1,5,2,4,NaN,NaN,NaN,,,2,1,1,2,2,3,2,2,1,2,2,6,5,5,6,6,8,5,5,5,6,5,1,1,0.002904536,0.003386,0.003071,0.003098,0.003666,0.004387326,0.004079551,0.00411772,0,0,0.000306,0.000351,0.000308,0.000275,0.000352,0.000455,0.00041,0.000367,0,0.89920837,0.799527005,0.797852205,0.779980765,0.5011577,1,0.99999966,3.51E-14,5.39E-11,0.999042559,5.05E-16,0.000957441,0,0,0,0,0,0,1,1,1,3,0.893816151,0.797017925,0.794956572,0.794951136,0.505162895,1,0.999999663,3.51E-14,5.32E-11,0.999042646,5.41E-16,0.000957354,2,1,0,2,1,0,1,1,1,0,0,3,0,1,1
19,12,3,0,1,3,4,7,0.36556655,0.632956231,0.000903195,0.000574023,0.071606739,0.915659907,0.010026511,0.002706842,0,0,1,0,0,1,5,0,1,1,0,1,0,0,0,1,2,1,19,12,1,2,3,4,4,5,3,2,5,6,7,8,4,5,3,1,2,5,0.476190476,3,1,5,0.897435897,4,3293,17017,19326,Laurea triennale,"Scuola secondaria di 2Âº grado (diploma di istruzione liceale, diploma di istruzione tecnica, diploma di istruzione professionale)",2,1,1,2,2,3,2,1,1,2,2,6,5,5,6,6,7,6,6,5,6,6,0,0,0.000306152,0.000351,0.000308,0.000275,0.000352,0.000455359,0.000410313,0.000367235,1,1,0.002905,0.003386,0.003071,0.003098,0.003666,0.004387,0.00408,0.004118,3,0.894145991,0.797989832,0.791526447,0.774271397,0.502100529,1,0.999999599,2.53E-14,7.71E-11,0.998466504,6.88E-16,0.001533496,1,0,1,1,0,1,1,1,0,0,0.898268869,0.798118492,0.797944825,0.797978569,0.485760921,1,0.999999602,2.54E-14,7.64E-11,0.998466661,6.80E-16,0.001533339,0,0,0,0,0,0,1,1,1,0,0,0,0,1,1
19,13,5,5,1,3,4,3,0.19473078,0.504946566,0.073652105,0.226670549,0.323387295,0.130165912,0.546046116,0.000400677,0,0,1,0,0,1,3,0,1,1,0,0,1,1,0,0,3,1,19,13,1,2,3,4,5,4,3,2,5,6,7,8,4,4,5,4,2,5,0.476190476,3,4,5,0.058823529,1,3374,17296,17986,Scuola secondaria di 1Âº grado (Licenza media),Scuola secondaria di 1Âº grado (Licenza media),2,1,1,2,2,3,2,4,1,2,2,5,7,5,7,6,7,5,6,7,7,7,2,2,0.009315631,0.010101,0.009699,0.011409,0.011178,0.012376918,0.012055149,0.014129339,2,1,0.00256,0.022301,0.022941,0.056604,0.002575,0.024443,0.025315,0.061467,5,0.857440034,0.792171205,0.766905988,0.750121956,0.517708671,1,0.9999986,8.32E-12,1.09E-08,0.96317584,3.55E-12,0.03682416,2,0,1,1,0,0,1,1,0,5,0.76828266,0.781737438,0.759730496,0.744380623,0.532301277,1,0.999998611,8.32E-12,1.08E-08,0.963185124,3.74E-12,0.036814876,2,0,1,2,0,0,1,1,0,2,1,3,0,0,1
20,1,8,12,0,3,1,4,0.358126423,0.20557902,0.378738697,0.057555859,0.18939835,0.2424066,0.27987704,0.28831801,NaN,NaN,NaN,NaN,NaN,NaN,NaN,NaN,NaN,NaN,NaN,NaN,NaN,NaN,NaN,NaN,NaN,NaN,20,1,1,2,3,4,5,4,5,4,5,6,7,8,4,5,4,4,4,5,0.074074074,1,4,5,0.058823529,1,2397,17435,20586,"Scuola secondaria di 2Âº grado (diploma di istruzione liceale, diploma di istruzione tecnica, diploma di istruzione professionale)","Scuola secondaria di 2Âº grado (diploma di istruzione liceale, diploma di istruzione tecnica, diploma di istruzione professionale)",2,1,1,2,4,3,1,1,3,3,3,5,5,5,6,6,8,6,8,7,8,7,7,5,1,1,1,1,1,1,1,1,4,4,0.017557,0.110585,0.110585,0.110585,0.018293,0.119837,0.119837,0.119837,8,0.280141216,0.555337816,0.413375646,0.407887088,0.257718734,0.999999998,0.99420315,1.34E-10,1.03E-05,0.004919894,1.41E-09,0.995080105,4,2,1,2,0,1,0,0,0,12,0.215118274,0.486045946,0.205872964,0.229696162,0.200392028,0.999999998,0.994245168,1.34E-10,1.02E-05,0.004923313,1.35E-09,0.995076686,6,3,2,4,1,1,1,1,0,3,0,5,1,0,0
20,2,0,7,0,3,1,4,0.002706842,0.010026511,0.915659907,0.071606739,0.166493524,0.304114215,0.052577503,0.476814758,NaN,NaN,NaN,NaN,NaN,NaN,NaN,NaN,NaN,NaN,NaN,NaN,NaN,NaN,NaN,NaN,NaN,NaN,20,2,1,2,3,4,1,1,5,5,5,6,7,8,1,5,1,5,1,5,1.777777778,4,1,5,1.777777778,4,2310,15340,14280,Scuola secondaria di 1Âº grado (Licenza media),"Scuola secondaria di 2Âº grado (diploma di istruzione liceale, diploma di istruzione tecnica, diploma di istruzione professionale)",2,3,4,3,4,3,3,4,3,3,3,6,7,8,6,8,8,6,8,5,6,8,3,2,0.019469538,0.01947,0.019672,0.019672,0.021729,0.021728649,0.022186591,0.022186591,0,0,0.000306,0.000351,0.000308,0.000275,0.000352,0.000455,0.00041,0.000367,0,0.898812731,0.799137247,0.798473225,0.798473267,0.499551811,0.999868576,0.004868986,0.000117831,0.216711024,6.20E-09,0.000545166,0.999452392,0,0,0,0,0,0,1,1,1,7,0.462286185,0.660965322,0.544060465,0.587708545,0.423182315,0.999868751,0.00489858,0.000117922,0.215742596,6.21E-09,0.000567576,0.99942959,3,0,2,2,0,1,1,1,0,2,0,3,0,0,0
20,3,2,3,0,3,1,2,0.110330007,0.068357878,0.110330007,0.710982107,0.632696695,0.365826623,0.00090283,0.000573852,NaN,NaN,NaN,NaN,NaN,NaN,NaN,NaN,NaN,NaN,NaN,NaN,NaN,NaN,NaN,NaN,NaN,NaN,20,3,1,2,3,4,1,2,1,5,5,6,7,8,2,4,5,1,1,5,1.592592593,4,1,5,1.111111111,4,2221,12413,17387,"Scuola secondaria di 2Âº grado (diploma di istruzione liceale, diploma di istruzione tecnica, diploma di istruzione professionale)","Scuola secondaria di 2Âº grado (diploma di istruzione liceale, diploma di istruzione tecnica, diploma di istruzione professionale)",2,3,4,3,4,4,1,4,4,4,4,5,5,5,6,6,7,5,5,5,6,6,1,1,0.002904536,0.003386,0.003071,0.003098,0.003666,0.004387326,0.004079551,0.00411772,2,1,0.002016,0.002034,0.00187,0.001831,0.002227,0.00232,0.002152,0.002088,2,0.885963947,0.798469517,0.797120174,0.797159566,0.411974411,0.002800567,1.03E-06,0.995630105,0.994109092,1.68E-12,0.998430741,0.001497461,2,0,0,1,0,0,1,1,1,3,0.893019879,0.796689298,0.795006676,0.795035813,0.497911888,0.002800497,1.04E-06,0.995689496,0.994104926,1.68E-12,0.998425346,0.001497025,0,1,2,0,1,3,1,1,1,5,1,6,3,0,1
20,4,8,8,1,3,1,1,0.218319826,0.473384136,0.193222006,0.115074033,0.065919504,0.41268303,0.279314848,0.242082618,NaN,NaN,NaN,NaN,NaN,NaN,NaN,NaN,NaN,NaN,NaN,NaN,NaN,NaN,NaN,NaN,NaN,NaN,20,4,1,2,3,4,1,4,1,1,5,6,7,8,1,5,2,2,1,4,1.285714286,3,1,5,1.2,4,2295,NaN,13584,,Scuola primaria (Licenza elementare),1,3,4,3,2,4,2,2,1,2,2,6,7,5,7,8,7,6,8,7,6,6,4,3,0.019469538,0.01947,0.019672,0.019672,0.021729,0.021728649,0.022186591,0.022186591,4,3,0.052765,0.207538,0.207538,0.207538,0.052802,0.213353,0.213353,0.213353,8,0.348499432,0.644392221,0.633477082,0.630149607,0.250162427,0.999999955,0.977104627,1.21E-09,3.63E-06,0.0659167,8.25E-09,0.934083292,6,2,0,2,0,0,0,0,1,8,0.30410336,0.599087957,0.502862037,0.516106895,0.306600372,0.999999956,0.977222025,1.21E-09,3.60E-06,0.065951363,8.68E-09,0.934048628,4,2,1,2,1,0,0,0,0,5,0,2,0,0,1
20,5,10,8,1,3,1,2,0.327107129,0.400501678,0.128351852,0.144039341,0.191633015,0.266417906,0.261127555,0.280821523,NaN,NaN,NaN,NaN,NaN,NaN,NaN,NaN,NaN,NaN,NaN,NaN,NaN,NaN,NaN,NaN,NaN,NaN,20,5,1,2,3,4,5,5,4,4,5,6,7,8,5,5,4,4,4,5,0.074074074,1,4,5,0.074074074,1,NaN,NaN,NaN,,,1,1,1,2,4,4,1,2,3,2,2,6,5,8,7,8,7,6,6,5,7,8,6,5,0.052765352,0.207538,0.207538,0.207538,0.052802,0.213352685,0.213352685,0.213352685,5,4,0.064213,0.064213,0.207538,0.207538,0.066126,0.066126,0.213353,0.213353,10,0.28250954,0.590873964,0.525049252,0.520482589,0.278854083,0.999999969,0.993930166,5.03E-10,7.03E-07,0.290338076,2.54E-09,0.709661921,5,2,1,3,1,0,1,1,0,8,0.21869506,0.281223137,0.252448351,0.33350917,0.201594795,0.99999997,0.993965464,5.03E-10,6.94E-07,0.290429754,2.55E-09,0.709570244,3,1,3,1,0,1,0,0,0,4,0,9,2,1,0
20,6,13,10,0,3,1,1,0.279330943,0.189107694,0.287992139,0.243569223,0.277760785,0.361082764,0.230696752,0.130459699,NaN,NaN,NaN,NaN,NaN,NaN,NaN,NaN,NaN,NaN,NaN,NaN,NaN,NaN,NaN,NaN,NaN,NaN,20,6,1,2,3,4,3,5,3,4,5,6,7,8,1,5,3,4,3,5,0.244444444,2,1,5,0.897435897,4,2232,13176,18387,"Scuola secondaria di 2Âº grado (diploma di istruzione liceale, diploma di istruzione tecnica, diploma di istruzione professionale)",Scuola secondaria di 1Âº grado (Licenza media),2,1,4,2,2,4,1,1,3,4,3,5,7,5,6,6,7,5,6,8,7,6,6,4,0.264142056,0.264142,0.264142,0.264142,0.269542,0.269541779,0.269541779,0.269541779,8,5,1,1,1,1,1,1,1,1,13,0.222277476,0.335695696,0.214949237,0.214520824,0.219050863,0.999999587,0.907414443,2.48E-07,0.002015457,0.00110258,1.34E-06,0.998896071,6,3,2,4,1,1,1,1,0,10,0.222352022,0.367838646,0.295161759,0.30952594,0.204807692,0.99999959,0.907856459,2.48E-07,0.001998072,0.001103402,1.21E-06,0.998895387,5,1,2,3,0,0,0,1,0,8,1,5,1,0,0
20,7,0,0,1,3,1,4,0.915659907,0.071606739,0.010026511,0.002706842,0.915659907,0.071606739,0.010026511,0.002706842,NaN,NaN,NaN,NaN,NaN,NaN,NaN,NaN,NaN,NaN,NaN,NaN,NaN,NaN,NaN,NaN,NaN,NaN,20,7,1,2,3,4,5,4,1,3,5,6,7,8,5,4,4,3,1,5,0.897435897,4,3,5,0.166666667,2,NaN,NaN,NaN,,,1,1,1,2,2,3,1,1,1,2,1,5,5,5,6,6,7,5,5,5,6,5,0,0,0.000306152,0.000351,0.000308,0.000275,0.000352,0.000455359,0.000410313,0.000367235,0,0,0.000306,0.000351,0.000308,0.000275,0.000352,0.000455,0.00041,0.000367,0,0.899555009,0.799529066,0.799230456,0.799061092,0.549426574,1,0.999999424,8.38E-15,1.20E-10,0.993718325,1.14E-15,0.006281675,0,0,0,0,0,0,1,1,1,0,0.899296996,0.799380705,0.798929519,0.798925727,0.497488442,1,0.999999429,8.41E-15,1.19E-10,0.993719185,1.03E-15,0.006280815,0,0,0,0,0,0,1,1,1,2,1,1,0,0,1
20,8,0,1,0,3,1,3,0.071606739,0.002706842,0.010026511,0.915659907,0.000977198,0.101048593,0.796442413,0.101531796,NaN,NaN,NaN,NaN,NaN,NaN,NaN,NaN,NaN,NaN,NaN,NaN,NaN,NaN,NaN,NaN,NaN,NaN,20,8,1,2,3,4,5,5,5,5,5,6,7,8,5,5,5,5,5,5,0,0,5,5,0,0,2274,18158,17315,"Scuola secondaria di 2Âº grado (diploma di istruzione liceale, diploma di istruzione tecnica, diploma di istruzione professionale)",Laurea specialistica,1,1,4,3,4,4,1,4,4,4,4,6,7,8,7,6,7,7,8,7,7,7,1,1,0.000957953,0.000969,0.00086,0.00081,0.001126,0.001204491,0.001092811,0.001025973,0,0,0.000306,0.000351,0.000308,0.000275,0.000352,0.000455,0.00041,0.000367,0,0.898888497,0.799350397,0.797684547,0.797696998,0.460720507,0.009961383,6.25E-06,0.988480558,0.994103904,3.35E-11,0.994769874,0.00515859,0,0,0,0,0,0,1,1,1,1,0.896269817,0.798548775,0.796683504,0.797073719,0.455976276,0.009961122,6.28E-06,0.988539714,0.994099714,3.35E-11,0.994760075,0.005162581,1,0,0,1,0,0,1,1,1,6,0,7,0,0,0
21,1,6,7,0,3,1,6,0.127235913,0.309173618,0.517758854,0.045831615,0.125306068,0.440812683,0.151488858,0.282392391,NaN,NaN,NaN,NaN,NaN,NaN,NaN,NaN,NaN,NaN,NaN,NaN,NaN,NaN,NaN,NaN,NaN,NaN,21,1,1,2,3,4,1,5,5,5,5,6,7,8,3,4,2,5,1,5,1,4,2,5,0.476190476,3,2187,15772,13951,"Scuola secondaria di 2Âº grado (diploma di istruzione liceale, diploma di istruzione tecnica, diploma di istruzione professionale)","Scuola secondaria di 2Âº grado (diploma di istruzione liceale, diploma di istruzione tecnica, diploma di istruzione professionale)",2,3,4,3,2,3,3,1,3,3,2,5,7,8,6,6,8,6,6,7,6,8,3,3,0.021014721,0.06231,0.110585,0.110585,0.022436,0.067072428,0.119836818,0.119836818,3,2,0.01947,0.01947,0.019672,0.019672,0.021729,0.021729,0.022187,0.022187,6,0.501862773,0.688872255,0.545918757,0.545936796,0.458625936,0.999999993,0.87243824,3.72E-10,9.81E-05,9.18E-05,3.73E-09,0.999908216,2,1,3,1,1,3,1,1,1,7,0.379082683,0.616495874,0.547228964,0.577654541,0.257892369,0.999999993,0.873168255,3.72E-10,9.71E-05,9.19E-05,3.88E-09,0.999908129,3,1,3,1,0,3,0,0,1,4,0,4,2,0,0
21,2,10,9,0,3,1,2,0.153884517,0.230763505,0.230763505,0.384588474,0.192258759,0.38400487,0.177839617,0.245896753,NaN,NaN,NaN,NaN,NaN,NaN,NaN,NaN,NaN,NaN,NaN,NaN,NaN,NaN,NaN,NaN,NaN,NaN,21,2,1,2,3,4,4,5,5,3,5,6,7,8,4,5,3,2,3,5,0.215686275,2,2,5,0.476190476,3,2129,15193,16213,Laurea specialistica,"Scuola secondaria di 2Âº grado (diploma di istruzione liceale, diploma di istruzione tecnica, diploma di istruzione professionale)",2,1,1,2,4,4,3,2,3,4,4,6,5,8,6,6,7,5,6,7,6,8,5,3,0.064212664,0.064213,0.207538,0.207538,0.066126,0.066125904,0.213352685,0.213352685,5,4,0.264142,0.264142,0.264142,0.264142,0.269542,0.269542,0.269542,0.269542,10,0.242274236,0.588211041,0.539933009,0.541784189,0.246952275,0.999879943,0.495520365,0.00011845,0.253357363,4.43E-05,0.000480437,0.99947521,5,1,2,2,0,1,0,1,0,9,0.2216449,0.346956009,0.309759765,0.360759781,0.216642012,0.999879938,0.497675864,0.000118485,0.251438124,4.44E-05,0.000464748,0.999490857,2,2,3,1,1,1,0,0,0,8,3,4,1,0,1
21,3,6,9,0,3,1,1,0.175420683,0.301654629,0.086905368,0.43601932,0.142190162,0.349654174,0.303960283,0.204195381,NaN,NaN,NaN,NaN,NaN,NaN,NaN,NaN,NaN,NaN,NaN,NaN,NaN,NaN,NaN,NaN,NaN,NaN,21,3,1,2,3,4,4,5,4,5,5,6,7,8,4,4,5,5,4,5,0.074074074,1,4,5,0.074074074,1,NaN,NaN,NaN,,,2,1,4,3,4,4,2,2,1,4,4,5,7,5,6,6,7,7,6,7,6,8,5,3,0.264142056,0.264142,0.264142,0.264142,0.269542,0.269541779,0.269541779,0.269541779,3,3,0.021015,0.06231,0.110585,0.110585,0.022436,0.067072,0.119837,0.119837,6,0.544329617,0.741769622,0.728278582,0.729096551,0.321109221,0.993204208,0.044715464,0.006701425,0.25339755,1.62E-05,0.022494072,0.977488133,3,0,2,2,0,1,0,0,0,9,0.244940033,0.451372526,0.388849758,0.403414924,0.234130658,0.993204311,0.044906173,0.006703127,0.252568245,1.62E-05,0.022413236,0.977568828,2,3,3,1,0,2,0,1,0,2,0,7,2,0,0
21,4,5,4,1,3,1,2,0.546046116,0.323387295,0.130165912,0.000400677,0.176169753,0.537065465,0.060719584,0.226045198,NaN,NaN,NaN,NaN,NaN,NaN,NaN,NaN,NaN,NaN,NaN,NaN,NaN,NaN,NaN,NaN,NaN,NaN,21,4,1,2,3,4,5,5,5,1,5,6,7,8,5,5,1,1,1,5,1,4,1,5,1.777777778,4,2254,11424,11163,"Scuola secondaria di 2Âº grado (diploma di istruzione liceale, diploma di istruzione tecnica, diploma di istruzione professionale)","Scuola secondaria di 2Âº grado (diploma di istruzione liceale, diploma di istruzione tecnica, diploma di istruzione professionale)",1,1,1,2,2,3,2,1,1,3,1,6,7,5,6,6,8,6,6,5,8,6,2,2,0.002506334,0.021473,0.022494,0.022494,0.002578,0.023612653,0.025096525,0.025096525,2,2,0.009316,0.010101,0.009699,0.011409,0.011178,0.012377,0.012055,0.014129,5,0.863740376,0.791277726,0.784875487,0.781042436,0.588664216,1,0.999996666,5.97E-14,1.48E-09,0.944525972,6.85E-14,0.055474028,2,0,1,2,0,0,1,1,0,4,0.831094426,0.780138084,0.772694772,0.773518623,0.378370571,1,0.999996696,5.99E-14,1.46E-09,0.944539984,6.51E-14,0.055460016,2,0,1,1,0,0,0,0,0,3,0,2,0,0,0
21,5,6,10,0,3,1,5,0.422085658,0.080793334,0.290999001,0.206122008,0.203787547,0.235544672,0.155834477,0.404833304,NaN,NaN,NaN,NaN,NaN,NaN,NaN,NaN,NaN,NaN,NaN,NaN,NaN,NaN,NaN,NaN,NaN,NaN,21,5,1,2,3,4,1,5,4,5,5,6,7,8,5,5,5,5,1,5,0.955555556,4,5,5,0,0,2273,13184,15407,"Scuola secondaria di 2Âº grado (diploma di istruzione liceale, diploma di istruzione tecnica, diploma di istruzione professionale)","Scuola secondaria di 2Âº grado (diploma di istruzione liceale, diploma di istruzione tecnica, diploma di istruzione professionale)",1,3,1,2,4,4,1,1,3,4,1,5,5,5,6,6,8,6,8,7,8,8,5,4,0.264142056,0.264142,0.264142,0.264142,0.269542,0.269541779,0.269541779,0.269541779,3,2,0.00256,0.022301,0.022941,0.056604,0.002575,0.024443,0.025315,0.061467,6,0.380879724,0.609052493,0.580991398,0.581013185,0.411422956,0.999999498,0.605397586,1.76E-07,0.001587983,0.000429596,1.31E-06,0.999569088,2,1,1,0,0,0,0,0,0,10,0.215078912,0.513797418,0.254177938,0.337111223,0.208668831,0.999999503,0.606982936,1.77E-07,0.001579782,0.000429927,1.09E-06,0.999568972,6,2,1,4,1,0,1,1,0,7,3,8,0,0,0
21,6,5,11,1,3,1,5,0.546046116,0.323387295,0.130165912,0.000400677,0.275386023,0.197429337,0.197429337,0.329755303,NaN,NaN,NaN,NaN,NaN,NaN,NaN,NaN,NaN,NaN,NaN,NaN,NaN,NaN,NaN,NaN,NaN,NaN,21,6,1,2,3,4,5,5,4,3,5,6,7,8,5,5,3,5,3,5,0.215686275,2,3,5,0.222222222,2,2348,11899,13131,"Scuola secondaria di 2Âº grado (diploma di istruzione liceale, diploma di istruzione tecnica, diploma di istruzione professionale)","Scuola secondaria di 2Âº grado (diploma di istruzione liceale, diploma di istruzione tecnica, diploma di istruzione professionale)",1,1,1,2,2,3,2,1,1,3,1,6,5,8,6,6,8,5,5,8,8,7,6,4,1,1,1,1,1,1,1,1,2,2,0.009316,0.010101,0.009699,0.011409,0.011178,0.012377,0.012055,0.014129,5,0.863740376,0.791277726,0.784875487,0.781042436,0.588664216,1,0.999996666,5.97E-14,1.48E-09,0.944525972,6.85E-14,0.055474028,2,0,1,2,0,0,1,1,0,11,0.209809891,0.382681366,0.223650168,0.249541937,0.202669027,1,0.999996696,5.99E-14,1.46E-09,0.944539984,6.51E-14,0.055460016,4,3,3,3,1,2,1,1,0,1,0,4,0,0,0
21,7,0,3,1,3,1,4,0.915659907,0.071606739,0.010026511,0.002706842,0.365826623,0.632696695,0.00090283,0.000573852,NaN,NaN,NaN,NaN,NaN,NaN,NaN,NaN,NaN,NaN,NaN,NaN,NaN,NaN,NaN,NaN,NaN,NaN,21,7,1,2,3,4,5,5,2,2,5,6,7,8,5,5,1,2,2,5,0.857142857,3,1,5,1.307692308,4,2590,14416,NaN,"Scuola secondaria di 2Âº grado (diploma di istruzione liceale, diploma di istruzione tecnica, diploma di istruzione professionale)",,1,1,1,2,2,3,1,1,1,2,1,6,5,5,6,6,7,6,6,5,6,5,1,1,0.002904536,0.003386,0.003071,0.003098,0.003666,0.004387326,0.004079551,0.00411772,0,0,0.000306,0.000351,0.000308,0.000275,0.000352,0.000455,0.00041,0.000367,0,0.899555009,0.799529066,0.799230456,0.799061092,0.549426574,1,0.999999424,8.38E-15,1.20E-10,0.993718325,1.14E-15,0.006281675,0,0,0,0,0,0,1,1,1,3,0.886777603,0.793204008,0.792402386,0.792408696,0.493321863,1,0.999999429,8.41E-15,1.19E-10,0.993719185,1.03E-15,0.006280815,0,1,2,0,1,3,1,1,1,2,0,3,1,0,0
21,8,0,0,1,3,1,0,0.915659907,0.071606739,0.010026511,0.002706842,0.915659907,0.071606739,0.010026511,0.002706842,NaN,NaN,NaN,NaN,NaN,NaN,NaN,NaN,NaN,NaN,NaN,NaN,NaN,NaN,NaN,NaN,NaN,NaN,21,8,1,2,3,4,5,1,1,3,5,6,7,8,5,1,3,2,1,5,1.466666667,4,1,5,1.060606061,4,2187,17102,16872,Laurea specialistica,"Scuola secondaria di 2Âº grado (diploma di istruzione liceale, diploma di istruzione tecnica, diploma di istruzione professionale)",1,1,1,2,2,3,1,1,1,2,1,5,5,5,6,6,7,5,5,5,6,5,0,0,0.000306152,0.000351,0.000308,0.000275,0.000352,0.000455359,0.000410313,0.000367235,0,0,0.000306,0.000351,0.000308,0.000275,0.000352,0.000455,0.00041,0.000367,0,0.899555009,0.799529066,0.799230456,0.799061092,0.549426574,1,0.999999424,8.38E-15,1.20E-10,0.993718325,1.14E-15,0.006281675,0,0,0,0,0,0,1,1,1,0,0.899296996,0.799380705,0.798929519,0.798925727,0.497488442,1,0.999999429,8.41E-15,1.19E-10,0.993719185,1.03E-15,0.006280815,0,0,0,0,0,0,1,1,1,5,2,4,2,0,1
21,9,9,8,0,3,1,2,0.133956952,0.377904325,0.133956952,0.35418177,0.211874288,0.2046562,0.41491325,0.168556263,NaN,NaN,NaN,NaN,NaN,NaN,NaN,NaN,NaN,NaN,NaN,NaN,NaN,NaN,NaN,NaN,NaN,NaN,21,9,1,2,3,4,5,5,5,5,5,6,7,8,4,4,5,3,5,5,0,0,3,5,0.166666667,2,2280,10100,10695,Scuola secondaria di 1Âº grado (Licenza media),Scuola secondaria di 1Âº grado (Licenza media),2,3,4,2,2,3,2,4,1,2,4,6,7,5,7,6,7,5,6,8,7,7,4,2,0.052765352,0.207538,0.207538,0.207538,0.052802,0.213352685,0.213352685,0.213352685,5,3,0.048477,0.048477,0.048477,0.048477,0.050972,0.050972,0.050972,0.050972,9,0.24535819,0.632483758,0.381957928,0.370189234,0.313773172,0.999999225,0.99438422,7.68E-07,0.002805998,0.002826833,4.78E-06,0.997168384,3,2,2,2,1,1,1,1,0,8,0.374266466,0.728073465,0.468907741,0.478997026,0.304976015,0.999999224,0.994416851,7.69E-07,0.002789619,0.002828869,5.05E-06,0.997166078,4,0,2,2,0,0,1,1,0,9,0,2,0,0,1
21,10,9,6,0,3,1,1,0.089427585,0.326302446,0.369462107,0.214807862,0.08863159,0.48914215,0.145161268,0.277064992,NaN,NaN,NaN,NaN,NaN,NaN,NaN,NaN,NaN,NaN,NaN,NaN,NaN,NaN,NaN,NaN,NaN,NaN,21,10,1,2,3,4,5,5,5,5,5,6,7,8,5,5,5,5,5,5,0,0,5,5,0,0,2218,14244,15371,"Scuola secondaria di 2Âº grado (diploma di istruzione liceale, diploma di istruzione tecnica, diploma di istruzione professionale)","Scuola secondaria di 2Âº grado (diploma di istruzione liceale, diploma di istruzione tecnica, diploma di istruzione professionale)",1,3,4,3,2,3,3,2,3,4,2,6,7,5,6,6,8,6,6,7,6,8,3,2,0.019315757,0.020129,0.020129,0.051007,0.020958,0.022410321,0.022410321,0.055774414,4,3,0.104602,0.104602,0.104602,0.104602,0.114425,0.114425,0.114425,0.114425,9,0.277177336,0.472550402,0.362529162,0.362750802,0.258976823,0.999999955,0.791670005,2.38E-08,0.001639374,3.43E-05,1.60E-07,0.99996558,3,2,2,1,1,1,0,0,0,6,0.388639884,0.644584256,0.582753523,0.606068849,0.354228682,0.999999956,0.792735165,2.38E-08,0.001619091,3.43E-05,1.70E-07,0.999965537,1,2,3,0,1,3,0,0,1,6,0,6,0,0,0
21,11,0,0,0,3,1,4,0.002706842,0.071606739,0.010026511,0.915659907,0.010026511,0.002706842,0.071606739,0.915659907,NaN,NaN,NaN,NaN,NaN,NaN,NaN,NaN,NaN,NaN,NaN,NaN,NaN,NaN,NaN,NaN,NaN,NaN,21,11,1,2,3,4,4,4,5,4,5,6,7,8,3,5,4,4,4,5,0.058823529,1,3,5,0.166666667,2,2269,10410,9787,"Scuola secondaria di 2Âº grado (diploma di istruzione liceale, diploma di istruzione tecnica, diploma di istruzione professionale)",Scuola secondaria di 1Âº grado (Licenza media),2,3,4,2,4,4,2,4,4,4,4,5,7,8,7,8,8,7,8,8,8,8,0,0,0.000306152,0.000351,0.000308,0.000275,0.000352,0.000455359,0.000410313,0.000367235,0,0,0.000306,0.000351,0.000308,0.000275,0.000352,0.000455,0.00041,0.000367,0,0.899193323,0.799722883,0.799169438,0.799178538,0.487675641,0.003100637,5.13E-06,0.995334411,0.996018099,4.45E-11,0.998263016,0.001665198,0,0,0,0,0,0,1,1,1,0,0.899116397,0.798261758,0.797564226,0.798371181,0.480995445,0.003100356,5.15E-06,0.995393929,0.996014586,4.46E-11,0.998255347,0.001667037,0,0,0,0,0,0,1,1,1,7,2,7,3,0,0
21,12,11,13,0,3,1,3,0.192582404,0.283065144,0.247095769,0.277256683,0.189107694,0.243569223,0.287992139,0.279330943,NaN,NaN,NaN,NaN,NaN,NaN,NaN,NaN,NaN,NaN,NaN,NaN,NaN,NaN,NaN,NaN,NaN,NaN,21,12,1,2,3,4,4,4,4,4,5,6,7,8,4,5,4,4,4,4,0,0,4,5,0.058823529,1,2061,15394,17275,"Scuola secondaria di 2Âº grado (diploma di istruzione liceale, diploma di istruzione tecnica, diploma di istruzione professionale)",Scuola secondaria di 1Âº grado (Licenza media),2,3,1,3,2,4,1,4,4,3,2,5,5,5,6,6,8,6,8,8,7,7,8,5,1,1,1,1,1,1,1,1,7,5,1,1,1,1,1,1,1,1,11,0.221784148,0.308048959,0.244779655,0.245630551,0.206784372,0.999999143,0.913009159,8.12E-07,0.008419808,0.000118788,4.53E-06,0.999876642,6,1,3,2,0,1,0,0,0,13,0.214749571,0.473470787,0.205760284,0.23338691,0.200267559,0.999999144,0.913608487,8.12E-07,0.008340039,0.000118892,4.90E-06,0.999876168,6,3,2,4,1,1,1,1,0,10,0,8,0,0,0
22,4,0,0,0,3,2,6,0.002706842,0.010026511,0.071606739,0.915659907,0.002706842,0.010026511,0.071606739,0.915659907,NaN,NaN,NaN,NaN,NaN,NaN,NaN,NaN,NaN,NaN,NaN,NaN,NaN,NaN,NaN,NaN,NaN,NaN,22,4,1,2,3,4,2,1,3,5,5,6,7,8,3,4,5,5,1,5,1.060606061,4,3,5,0.215686275,2,2471,16415,17796,"Scuola secondaria di 2Âº grado (diploma di istruzione liceale, diploma di istruzione tecnica, diploma di istruzione professionale)","Scuola secondaria di 2Âº grado (diploma di istruzione liceale, diploma di istruzione tecnica, diploma di istruzione professionale)",2,3,4,3,4,4,3,4,4,4,4,6,7,8,7,8,8,7,8,8,8,8,0,0,0.000306152,0.000351,0.000308,0.000275,0.000352,0.000455359,0.000410313,0.000367235,0,0,0.000306,0.000351,0.000308,0.000275,0.000352,0.000455,0.00041,0.000367,0,0.899657266,0.799910991,0.799788756,0.799791181,0.489622761,0.000805806,1.21E-07,0.997627817,0.998416509,5.35E-14,0.999484418,0.000443708,0,0,0,0,0,0,1,1,1,0,0.899050835,0.798112755,0.795772565,0.796665679,0.499713462,0.000805842,1.22E-07,0.997687119,0.998414528,5.35E-14,0.999478799,0.00044349,0,0,0,0,0,0,1,1,1,2,1,1,0,0,1
22,5,1,0,0,3,2,5,0.000977198,0.101048593,0.101531796,0.796442413,0.002706842,0.071606739,0.915659907,0.010026511,NaN,NaN,NaN,NaN,NaN,NaN,NaN,NaN,NaN,NaN,NaN,NaN,NaN,NaN,NaN,NaN,NaN,NaN,22,5,1,2,3,4,3,5,4,5,5,6,7,8,4,3,4,3,3,5,0.215686275,2,3,4,0.095238095,1,NaN,NaN,NaN,,,2,3,4,2,4,4,3,4,4,4,4,6,7,8,7,6,7,7,6,7,7,7,0,0,0.000306152,0.000351,0.000308,0.000275,0.000352,0.000455359,0.000410313,0.000367235,1,1,0.000958,0.000969,0.00086,0.00081,0.001126,0.001204,0.001093,0.001026,1,0.897522513,0.799610431,0.79877787,0.798788482,0.432269269,0.001562939,8.12E-07,0.996871871,0.99841582,1.52E-12,0.99908185,0.000846305,1,0,0,1,0,0,1,1,1,0,0.899032073,0.799495974,0.798733223,0.79879813,0.487653354,0.001562903,8.16E-07,0.996931199,0.998413835,1.52E-12,0.999075847,0.000846473,0,0,0,0,0,0,1,1,1,2,0,6,2,0,0
22,6,0,0,1,3,2,6,0.071606739,0.915659907,0.010026511,0.002706842,0.071606739,0.915659907,0.002706842,0.010026511,NaN,NaN,NaN,NaN,NaN,NaN,NaN,NaN,NaN,NaN,NaN,NaN,NaN,NaN,NaN,NaN,NaN,NaN,22,6,1,2,3,4,5,5,4,3,5,6,7,8,4,5,2,3,3,5,0.215686275,2,2,5,0.476190476,3,2721,12872,12546,"Scuola secondaria di 2Âº grado (diploma di istruzione liceale, diploma di istruzione tecnica, diploma di istruzione professionale)",Scuola secondaria di 1Âº grado (Licenza media),2,1,1,2,2,3,2,2,1,2,2,6,5,5,6,6,8,6,6,5,6,6,0,0,0.000306152,0.000351,0.000308,0.000275,0.000352,0.000455359,0.000410313,0.000367235,0,0,0.000306,0.000351,0.000308,0.000275,0.000352,0.000455,0.00041,0.000367,0,0.89920837,0.799527005,0.797852205,0.779980765,0.5011577,1,0.99999966,3.51E-14,5.39E-11,0.999042559,5.05E-16,0.000957441,0,0,0,0,0,0,1,1,1,0,0.898982328,0.798860794,0.798608006,0.798633227,0.489002097,1,0.999999663,3.51E-14,5.32E-11,0.999042646,5.41E-16,0.000957354,0,0,0,0,0,0,1,1,1,1,0,0,0,1,1
22,7,11,12,1,3,2,5,0.402448265,0.201911436,0.152960636,0.242679663,0.236003028,0.29533125,0.334843262,0.133822461,NaN,NaN,NaN,NaN,NaN,NaN,NaN,NaN,NaN,NaN,NaN,NaN,NaN,NaN,NaN,NaN,NaN,NaN,22,7,1,2,3,4,5,5,4,1,5,6,7,8,5,5,3,2,1,5,0.955555556,4,2,5,0.6,3,2399,11534,13278,Scuola secondaria di 1Âº grado (Licenza media),Scuola secondaria di 1Âº grado (Licenza media),2,3,1,3,4,4,1,4,1,2,1,6,5,5,6,6,7,7,8,5,6,7,6,3,0.064212664,0.064213,0.207538,0.207538,0.066126,0.066125904,0.213352685,0.213352685,5,4,0.264142,0.264142,0.264142,0.264142,0.269542,0.269542,0.269542,0.269542,11,0.224014118,0.333947841,0.304326304,0.304039987,0.209788099,0.999999533,0.852867115,2.53E-07,0.00123654,0.000688286,1.84E-06,0.999309866,6,2,1,2,0,0,0,0,0,12,0.228808365,0.364899405,0.281122044,0.313354479,0.205652401,0.999999536,0.853660396,2.54E-07,0.001231749,0.000688807,1.69E-06,0.999309492,4,2,2,2,1,0,1,1,0,6,2,3,0,0,0
22,8,9,9,1,3,2,4,0.358824644,0.086426069,0.329097443,0.225651844,0.335127897,0.401443708,0.110474811,0.152953584,NaN,NaN,NaN,NaN,NaN,NaN,NaN,NaN,NaN,NaN,NaN,NaN,NaN,NaN,NaN,NaN,NaN,NaN,22,8,1,2,3,4,4,5,5,4,5,6,7,8,5,4,4,5,4,5,0.074074074,1,4,5,0.074074074,1,NaN,NaN,NaN,,,1,1,4,2,4,3,3,1,3,4,1,5,5,5,7,6,8,6,5,8,6,6,4,4,0.021014721,0.06231,0.110585,0.110585,0.022436,0.067072428,0.119836818,0.119836818,5,4,0.104602,0.104602,0.104602,0.104602,0.114425,0.114425,0.114425,0.114425,9,0.221995538,0.453664892,0.271518621,0.271582568,0.240615427,0.999998909,0.517436052,5.26E-07,0.007352973,4.63E-05,3.99E-06,0.999949729,5,1,2,2,0,1,0,0,0,9,0.345721678,0.666399402,0.611698749,0.616292546,0.25829041,0.999998917,0.51876366,5.28E-07,0.007318869,4.63E-05,3.54E-06,0.999950144,4,2,1,2,1,0,0,0,0,7,2,5,1,0,0
22,9,3,2,1,3,2,5,0.632956231,0.000903195,0.36556655,0.000574023,0.110330007,0.710982107,0.068357878,0.110330007,NaN,NaN,NaN,NaN,NaN,NaN,NaN,NaN,NaN,NaN,NaN,NaN,NaN,NaN,NaN,NaN,NaN,NaN,22,9,1,2,3,4,5,3,5,1,5,6,7,8,4,5,3,4,1,5,1.047619048,4,3,5,0.166666667,2,2524,12674,13434,"Scuola secondaria di 2Âº grado (diploma di istruzione liceale, diploma di istruzione tecnica, diploma di istruzione professionale)",Scuola secondaria di 1Âº grado (Licenza media),1,1,1,3,2,3,1,1,3,3,1,6,5,5,6,6,7,6,6,8,6,6,2,1,0.002016214,0.002034,0.00187,0.001831,0.002227,0.002320115,0.002151938,0.002087662,1,1,0.002905,0.003386,0.003071,0.003098,0.003666,0.004387,0.00408,0.004118,3,0.894591536,0.796508103,0.795804722,0.795784809,0.589050935,1,0.999839332,1.56E-13,5.20E-08,0.071321463,2.55E-12,0.928678537,1,0,1,1,0,1,1,1,0,2,0.849786677,0.784826002,0.783448728,0.783892281,0.404575448,1,0.99984087,1.57E-13,5.13E-08,0.071357937,2.40E-12,0.928642063,2,0,0,1,0,0,1,1,1,1,0,3,0,0,1
22,10,9,10,0,3,2,4,0.232922972,0.078222954,0.283240126,0.405613948,0.231265573,0.275708455,0.203427012,0.28959896,NaN,NaN,NaN,NaN,NaN,NaN,NaN,NaN,NaN,NaN,NaN,NaN,NaN,NaN,NaN,NaN,NaN,NaN,22,10,1,2,3,4,3,5,2,4,5,6,7,8,2,5,4,4,2,5,0.476190476,3,2,5,0.422222222,3,NaN,NaN,NaN,,,1,1,4,2,4,4,3,1,4,4,3,6,5,5,6,8,7,5,8,8,7,6,6,5,0.264142056,0.264142,0.264142,0.264142,0.269542,0.269541779,0.269541779,0.269541779,4,3,0.104602,0.104602,0.104602,0.104602,0.114425,0.114425,0.114425,0.114425,9,0.395398653,0.741524263,0.54843144,0.548438205,0.308696446,0.990306562,0.008134616,0.0093677,0.522366679,6.71E-07,0.031769057,0.968088303,3,3,2,2,1,1,1,1,0,10,0.210287455,0.270369433,0.22726601,0.258387897,0.200498176,0.990303782,0.008178614,0.009379343,0.521502827,6.74E-07,0.028954325,0.970900755,5,1,3,2,0,1,0,0,0,8,4,5,2,0,0
22,11,1,11,1,3,2,4,0.796442413,0.101531796,0.101048593,0.000977198,0.196211092,0.311707469,0.196211092,0.295870347,NaN,NaN,NaN,NaN,NaN,NaN,NaN,NaN,NaN,NaN,NaN,NaN,NaN,NaN,NaN,NaN,NaN,NaN,22,11,1,2,3,4,5,4,4,4,5,6,7,8,4,5,5,3,4,5,0.058823529,1,3,5,0.215686275,2,2540,14453,16226,Scuola secondaria di 1Âº grado (Licenza media),Scuola primaria (Licenza elementare),1,1,1,3,2,3,1,1,1,2,1,5,7,8,6,8,8,6,8,5,7,6,6,4,1,1,1,1,1,1,1,1,1,1,0.000958,0.000969,0.00086,0.00081,0.001126,0.001204,0.001093,0.001026,1,0.897471607,0.798528266,0.798258881,0.798126662,0.606072635,1,0.999996147,1.63E-14,8.00E-10,0.913973832,2.97E-14,0.086026168,1,0,0,1,0,0,1,1,1,11,0.211656761,0.33559396,0.22566166,0.261877529,0.202648416,1,0.999996184,1.63E-14,7.93E-10,0.913995786,2.70E-14,0.086004214,5,2,2,2,1,0,0,0,0,4,0,8,3,0,1
22,12,0,0,1,3,2,6,0.071606739,0.915659907,0.010026511,0.002706842,0.915659907,0.002706842,0.071606739,0.010026511,NaN,NaN,NaN,NaN,NaN,NaN,NaN,NaN,NaN,NaN,NaN,NaN,NaN,NaN,NaN,NaN,NaN,NaN,22,12,1,2,3,4,5,5,3,3,5,6,7,8,5,3,5,3,3,5,0.333333333,2,3,5,0.333333333,2,2592,16171,17188,Scuola secondaria di 1Âº grado (Licenza media),"Scuola secondaria di 2Âº grado (diploma di istruzione liceale, diploma di istruzione tecnica, diploma di istruzione professionale)",2,1,1,2,2,3,2,2,1,2,2,5,5,5,7,8,7,5,5,5,7,5,0,0,0.000306152,0.000351,0.000308,0.000275,0.000352,0.000455359,0.000410313,0.000367235,0,0,0.000306,0.000351,0.000308,0.000275,0.000352,0.000455,0.00041,0.000367,0,0.89920837,0.799527005,0.797852205,0.779980765,0.5011577,1,0.99999966,3.51E-14,5.39E-11,0.999042559,5.05E-16,0.000957441,0,0,0,0,0,0,1,1,1,0,0.897810787,0.798122539,0.7975203,0.79678175,0.495201965,1,0.999999663,3.51E-14,5.32E-11,0.999042646,5.41E-16,0.000957354,0,0,0,0,0,0,1,1,1,2,0,2,0,0,0
22,13,9,11,0,3,2,5,0.209723333,0.15616755,0.364533504,0.269575613,0.229823708,0.373837765,0.245623492,0.150715035,NaN,NaN,NaN,NaN,NaN,NaN,NaN,NaN,NaN,NaN,NaN,NaN,NaN,NaN,NaN,NaN,NaN,NaN,22,13,1,2,3,4,3,3,5,5,5,6,7,8,3,5,5,4,3,5,0.333333333,2,3,5,0.215686275,2,2498,12942,14535,"Scuola secondaria di 2Âº grado (diploma di istruzione liceale, diploma di istruzione tecnica, diploma di istruzione professionale)","Scuola secondaria di 2Âº grado (diploma di istruzione liceale, diploma di istruzione tecnica, diploma di istruzione professionale)",1,3,1,2,2,4,3,1,3,3,4,6,7,8,6,8,7,7,5,5,6,6,5,4,0.264142056,0.264142,0.264142,0.264142,0.269542,0.269541779,0.269541779,0.269541779,5,3,0.052765,0.207538,0.207538,0.207538,0.052802,0.213353,0.213353,0.213353,9,0.238455357,0.404949649,0.362866018,0.363849835,0.209121216,0.999999982,0.97659131,1.45E-08,0.002088274,0.000198579,1.12E-07,0.999801309,4,2,3,1,0,3,0,0,1,11,0.2259934,0.381880462,0.323342859,0.342716793,0.205536923,0.999999982,0.97677575,1.45E-08,0.002062988,0.000198749,1.08E-07,0.999801142,6,1,2,3,0,1,0,1,0,5,1,3,1,0,0
23,4,0,0,0,3,2,5,0.002706842,0.010026511,0.071606739,0.915659907,0.010026511,0.002706842,0.915659907,0.071606739,NaN,NaN,NaN,NaN,NaN,NaN,NaN,NaN,NaN,NaN,NaN,NaN,NaN,NaN,NaN,NaN,NaN,NaN,23,4,1,2,3,4,3,5,4,5,5,6,7,8,3,5,5,4,3,5,0.215686275,2,3,5,0.215686275,2,1914,11805,12885,"Scuola secondaria di 2Âº grado (diploma di istruzione liceale, diploma di istruzione tecnica, diploma di istruzione professionale)",Scuola secondaria di 1Âº grado (Licenza media),2,3,4,3,4,4,3,4,4,4,4,5,7,8,7,8,7,7,8,7,7,7,0,0,0.000306152,0.000351,0.000308,0.000275,0.000352,0.000455359,0.000410313,0.000367235,0,0,0.000306,0.000351,0.000308,0.000275,0.000352,0.000455,0.00041,0.000367,0,0.899657266,0.799910991,0.799788756,0.799791181,0.489622761,0.000805806,1.21E-07,0.997627817,0.998416509,5.35E-14,0.999484418,0.000443708,0,0,0,0,0,0,1,1,1,0,0.898765554,0.798885186,0.798743706,0.798997535,0.480549041,0.000805842,1.22E-07,0.997687119,0.998414528,5.35E-14,0.999478799,0.00044349,0,0,0,0,0,0,1,1,1,3,1,5,2,0,0
23,5,9,11,0,3,2,5,0.245896753,0.38400487,0.177839617,0.192258759,0.198691244,0.238169454,0.364448059,0.198691244,NaN,NaN,NaN,NaN,NaN,NaN,NaN,NaN,NaN,NaN,NaN,NaN,NaN,NaN,NaN,NaN,NaN,NaN,23,5,1,2,3,4,4,4,5,3,5,6,7,8,3,5,4,4,3,5,0.166666667,2,3,5,0.166666667,2,2410,11992,11950,Nessun titolo di studio,Nessun titolo di studio,2,3,1,2,2,4,2,2,3,4,1,5,5,5,6,6,7,7,6,7,7,8,6,4,1,1,1,1,1,1,1,1,5,3,0.064213,0.064213,0.207538,0.207538,0.066126,0.066126,0.213353,0.213353,9,0.253503841,0.473535428,0.365623987,0.360100167,0.24009687,0.999999995,0.996696645,2.24E-09,1.63E-05,0.065916699,1.65E-08,0.934083284,2,2,3,1,1,1,0,0,0,11,0.238373799,0.421699276,0.330353264,0.328661633,0.208328037,0.999999995,0.996719945,2.24E-09,1.61E-05,0.065951363,1.52E-08,0.934048622,5,3,3,4,1,3,1,1,1,5,1,5,1,0,0
23,6,12,8,0,3,2,6,0.179947212,0.240961046,0.323597037,0.255494705,0.063837816,0.222438858,0.286117915,0.42760541,NaN,NaN,NaN,NaN,NaN,NaN,NaN,NaN,NaN,NaN,NaN,NaN,NaN,NaN,NaN,NaN,NaN,NaN,23,6,1,2,3,4,1,4,2,5,5,6,7,8,5,1,3,5,1,5,1.111111111,4,1,5,1.047619048,4,NaN,NaN,NaN,,,2,3,1,2,4,4,2,1,4,3,3,5,7,8,7,6,8,6,8,8,8,7,4,3,0.104602065,0.104602,0.104602,0.104602,0.114425,0.114424833,0.114424833,0.114424833,7,4,0.064213,0.064213,0.207538,0.207538,0.066126,0.066126,0.213353,0.213353,12,0.227080482,0.318552977,0.239822209,0.239440156,0.248101661,0.999996903,0.476367348,2.16E-06,0.017552511,0.000118787,1.29E-05,0.999868248,4,2,2,1,0,0,0,0,0,8,0.281715162,0.559197268,0.5168201,0.544179962,0.262975148,0.999996915,0.477817624,2.16E-06,0.017432455,0.000118891,1.22E-05,0.999868806,4,1,3,1,0,3,0,0,1,5,0,4,1,0,0
23,7,7,7,1,3,2,4,0.319839674,0.092228795,0.355957631,0.2319739,0.430769074,0.342613591,0.099036525,0.127580811,NaN,NaN,NaN,NaN,NaN,NaN,NaN,NaN,NaN,NaN,NaN,NaN,NaN,NaN,NaN,NaN,NaN,NaN,23,7,1,2,3,4,4,5,4,5,5,6,7,8,2,3,5,4,4,5,0.074074074,1,2,5,0.476190476,3,NaN,NaN,NaN,,,1,3,1,2,4,4,3,1,1,4,3,6,5,5,7,8,8,6,5,5,6,5,4,3,0.019315757,0.020129,0.020129,0.051007,0.020958,0.022410321,0.022410321,0.055774414,4,3,0.019316,0.020129,0.020129,0.051007,0.020958,0.02241,0.02241,0.055774,7,0.240344451,0.441899341,0.387781617,0.387784776,0.326583856,0.999998064,0.652908994,1.46E-06,0.025219105,4.63E-05,9.62E-06,0.999944086,2,2,2,0,0,1,0,0,0,7,0.379337221,0.690267381,0.674044695,0.673858285,0.275475888,0.99999807,0.654386548,1.47E-06,0.02504635,4.63E-05,8.41E-06,0.999945249,4,1,1,1,0,1,0,0,0,10,4,10,4,0,0
23,8,11,11,1,3,2,1,0.288148456,0.309514186,0.191915989,0.21042137,0.333288902,0.333288902,0.200034657,0.133387539,NaN,NaN,NaN,NaN,NaN,NaN,NaN,NaN,NaN,NaN,NaN,NaN,NaN,NaN,NaN,NaN,NaN,NaN,23,8,1,2,3,4,3,4,5,2,5,6,7,8,1,5,4,3,2,5,0.476190476,3,1,5,0.897435897,4,NaN,NaN,NaN,,,1,3,4,3,2,3,1,4,1,2,2,5,5,8,7,6,8,6,5,5,7,6,6,4,0.064212664,0.064213,0.207538,0.207538,0.066126,0.066125904,0.213352685,0.213352685,6,5,0.264142,0.264142,0.264142,0.264142,0.269542,0.269542,0.269542,0.269542,11,0.239879017,0.378036709,0.30025492,0.300136981,0.207015823,0.999999995,0.993600405,2.94E-09,3.35E-05,0.002948639,2.41E-08,0.997051336,5,2,2,3,1,1,0,0,0,11,0.217855777,0.370666377,0.319866294,0.33235718,0.203828645,0.999999995,0.993643426,2.94E-09,3.33E-05,0.002950746,2.59E-08,0.997049228,5,2,2,2,0,1,0,0,0,6,3,7,2,0,0
23,9,5,12,1,3,2,3,0.19473078,0.504946566,0.073652105,0.226670549,0.274897705,0.194642818,0.217675946,0.312783531,NaN,NaN,NaN,NaN,NaN,NaN,NaN,NaN,NaN,NaN,NaN,NaN,NaN,NaN,NaN,NaN,NaN,NaN,23,9,1,2,3,4,5,5,5,5,5,6,7,8,1,4,5,5,5,5,0,0,1,5,0.955555556,4,NaN,NaN,NaN,,,2,1,1,2,2,3,2,4,1,2,2,5,5,5,6,8,7,5,6,7,8,8,6,4,0.264142056,0.264142,0.264142,0.264142,0.269542,0.269541779,0.269541779,0.269541779,2,1,0.00256,0.022301,0.022941,0.056604,0.002575,0.024443,0.025315,0.061467,5,0.857440034,0.792171205,0.766905988,0.750121956,0.517708671,1,0.9999986,8.32E-12,1.09E-08,0.96317584,3.55E-12,0.03682416,2,0,1,1,0,0,1,1,0,12,0.20944777,0.382972866,0.219267031,0.300884735,0.201712926,1,0.999998611,8.32E-12,1.08E-08,0.963185124,3.74E-12,0.036814876,4,2,2,2,1,0,0,0,0,6,0,8,3,0,0
23,10,11,8,1,3,2,3,0.281159204,0.244283244,0.230274309,0.244283244,0.118452518,0.432814535,0.150795755,0.297937192,NaN,NaN,NaN,NaN,NaN,NaN,NaN,NaN,NaN,NaN,NaN,NaN,NaN,NaN,NaN,NaN,NaN,NaN,23,10,1,2,3,4,5,5,5,5,5,6,7,8,5,5,5,5,5,5,0,0,5,5,0,0,2545,16718,12819,Scuola secondaria di 1Âº grado (Licenza media),Scuola secondaria di 1Âº grado (Licenza media),1,1,4,3,4,3,2,2,4,3,1,5,7,8,7,6,8,6,8,8,6,6,3,3,0.019315757,0.020129,0.020129,0.051007,0.020958,0.022410321,0.022410321,0.055774414,7,4,0.264142,0.264142,0.264142,0.264142,0.269542,0.269542,0.269542,0.269542,11,0.226962872,0.321681716,0.228816862,0.228321827,0.205281442,0.999998523,0.329850759,7.11E-07,0.003462583,7.41E-05,4.87E-06,0.999920975,5,1,3,2,0,1,0,1,0,8,0.377598917,0.618421378,0.59409758,0.605808845,0.236360687,0.999998534,0.330970148,7.12E-07,0.003440388,7.42E-05,5.13E-06,0.999920644,4,2,1,1,0,1,0,0,0,9,0,6,0,0,0
23,11,3,9,1,3,2,3,0.579982908,0.186983808,0.000400536,0.232632748,0.17926607,0.344059285,0.137338402,0.339336243,NaN,NaN,NaN,NaN,NaN,NaN,NaN,NaN,NaN,NaN,NaN,NaN,NaN,NaN,NaN,NaN,NaN,NaN,23,11,1,2,3,4,5,2,1,3,5,6,7,8,2,5,5,4,1,5,1.060606061,4,2,5,0.5,3,2620,14539,14747,Scuola secondaria di 1Âº grado (Licenza media),Scuola secondaria di 1Âº grado (Licenza media),1,1,4,2,2,4,1,1,1,2,1,6,7,8,7,6,8,6,5,8,6,8,4,3,0.052765352,0.207538,0.207538,0.207538,0.052802,0.213352685,0.213352685,0.213352685,1,1,0.001107,0.007361,0.006785,0.007864,0.001221,0.009058,0.008537,0.00985,3,0.890471494,0.794270079,0.791642041,0.791552246,0.497019688,0.999999996,0.999292369,6.42E-11,1.47E-07,0.703430703,2.07E-10,0.296569297,2,1,0,1,0,0,0,1,1,9,0.23912653,0.492661634,0.354840122,0.418313487,0.216365222,0.999999996,0.999296539,6.44E-11,1.46E-07,0.703498909,1.85E-10,0.296501091,4,1,2,2,0,1,0,1,0,2,1,3,1,0,1
23,12,3,3,0,3,2,2,0.000903062,0.000573961,0.365661362,0.632861616,0.000574023,0.000903195,0.632956231,0.36556655,NaN,NaN,NaN,NaN,NaN,NaN,NaN,NaN,NaN,NaN,NaN,NaN,NaN,NaN,NaN,NaN,NaN,NaN,23,12,1,2,3,4,5,3,4,5,5,6,7,8,4,5,5,5,3,5,0.215686275,2,4,5,0.052631579,1,2691,13431,2691,Scuola secondaria di 1Âº grado (Licenza media),Scuola secondaria di 1Âº grado (Licenza media),1,3,4,3,4,4,3,4,3,4,4,6,7,8,7,8,7,7,8,8,7,7,1,1,0.002904536,0.003386,0.003071,0.003098,0.003666,0.004387326,0.004079551,0.00411772,1,1,0.002905,0.003386,0.003071,0.003098,0.003666,0.004387,0.00408,0.004118,3,0.896911448,0.799508481,0.797703675,0.797710482,0.495540676,0.054325406,2.27E-06,0.944029665,0.980310609,5.20E-12,0.974125667,0.025804282,1,0,1,1,0,1,1,1,0,3,0.894648005,0.797097166,0.795760031,0.796559952,0.496534079,0.054325978,2.28E-06,0.94408798,0.98025554,5.36E-12,0.97335614,0.02656818,1,0,1,1,0,1,1,1,0,3,1,3,0,0,0
23,13,1,7,0,3,2,4,0.101048593,0.101531796,0.000977198,0.796442413,0.405298986,0.210306874,0.082664787,0.301729353,NaN,NaN,NaN,NaN,NaN,NaN,NaN,NaN,NaN,NaN,NaN,NaN,NaN,NaN,NaN,NaN,NaN,NaN,23,13,1,2,3,4,1,4,1,5,5,6,7,8,5,1,1,1,1,5,1.545454545,4,1,5,2,4,NaN,NaN,NaN,,,1,1,4,2,4,4,2,4,4,4,4,5,5,8,6,6,7,5,5,5,6,8,4,2,0.019315757,0.020129,0.020129,0.051007,0.020958,0.022410321,0.022410321,0.055774414,1,1,0.000958,0.000969,0.00086,0.00081,0.001126,0.001204,0.001093,0.001026,1,0.893949993,0.798363155,0.786433025,0.786476481,0.413316525,0.011020228,3.10E-05,0.987427252,0.99599232,8.88E-10,0.994194434,0.005734071,1,0,0,1,0,0,1,1,1,7,0.37424676,0.681978815,0.663623666,0.673124548,0.342948026,0.011019222,3.11E-05,0.987487024,0.995988701,8.91E-10,0.994176219,0.005746481,2,2,3,0,0,3,0,0,1,2,0,4,0,0,1
23,14,0,0,0,3,2,0,0.002706842,0.071606739,0.010026511,0.915659907,0.002706842,0.071606739,0.010026511,0.915659907,NaN,NaN,NaN,NaN,NaN,NaN,NaN,NaN,NaN,NaN,NaN,NaN,NaN,NaN,NaN,NaN,NaN,NaN,23,14,1,2,3,4,3,5,4,5,5,6,7,8,2,5,3,5,3,5,0.215686275,2,2,5,0.6,3,2723,16972,19126,"Scuola secondaria di 2Âº grado (diploma di istruzione liceale, diploma di istruzione tecnica, diploma di istruzione professionale)","Scuola secondaria di 2Âº grado (diploma di istruzione liceale, diploma di istruzione tecnica, diploma di istruzione professionale)",2,3,4,2,4,4,2,4,4,4,4,6,7,8,6,8,8,6,8,8,8,8,0,0,0.000306152,0.000351,0.000308,0.000275,0.000352,0.000455359,0.000410313,0.000367235,0,0,0.000306,0.000351,0.000308,0.000275,0.000352,0.000455,0.00041,0.000367,0,0.899193323,0.799722883,0.799169438,0.799178538,0.487675641,0.003100637,5.13E-06,0.995334411,0.996018099,4.45E-11,0.998263016,0.001665198,0,0,0,0,0,0,1,1,1,0,0.896866109,0.794115494,0.787371238,0.790166252,0.480835153,0.003100356,5.15E-06,0.995393929,0.996014586,4.46E-11,0.998255347,0.001667037,0,0,0,0,0,0,1,1,1,1,0,1,0,0,0
24,6,9,11,0,4,4,5,0.376355627,0.106254861,0.135761499,0.381628013,0.14310764,0.275374285,0.329737789,0.251780286,0,0,1,1,0,0,2,0,1,1,NaN,NaN,NaN,NaN,NaN,NaN,NaN,0,24,6,1,2,3,4,5,2,5,5,5,6,7,8,4,3,5,3,2,5,0.529411765,3,3,5,0.244444444,2,3258,14944,16141,"Scuola secondaria di 2Âº grado (diploma di istruzione liceale, diploma di istruzione tecnica, diploma di istruzione professionale)",Laurea triennale,1,1,1,3,2,3,1,1,4,4,4,6,5,5,7,6,7,7,8,7,8,6,6,4,0.264142056,0.264142,0.264142,0.264142,0.269542,0.269541779,0.269541779,0.269541779,4,3,0.019316,0.020129,0.020129,0.051007,0.020958,0.02241,0.02241,0.055774,9,0.296573893,0.592269286,0.568858768,0.569974418,0.230108316,0.999999834,0.991249094,1.66E-07,0.007058916,0.000429596,1.26E-06,0.999569139,4,3,1,2,1,1,1,1,0,11,0.232854112,0.491929059,0.272133412,0.293514791,0.21647344,0.999999833,0.991334458,1.66E-07,0.00698842,0.000429927,1.23E-06,0.999568843,6,1,3,3,0,2,0,1,0,4,0,5,1,0,1
24,7,0,4,1,4,4,8,0.915659907,0.010026511,0.002706842,0.071606739,0.499564322,0.000497891,0.499192247,0.000745539,0,0,1,0,0,1,5,0,1,1,0,1,0,0,0,1,4,1,24,7,1,2,3,4,4,3,2,4,5,6,7,8,4,3,4,4,2,4,0.282051282,2,3,4,0.066666667,1,3324,NaN,NaN,"Scuola secondaria di 2Âº grado (diploma di istruzione liceale, diploma di istruzione tecnica, diploma di istruzione professionale)",Laurea specialistica,1,1,1,2,4,4,1,1,1,4,1,5,7,5,7,8,7,7,5,5,7,5,2,2,0.002904536,0.003386,0.003071,0.003098,0.003666,0.004387326,0.004079551,0.00411772,0,0,0.000306,0.000351,0.000308,0.000275,0.000352,0.000455,0.00041,0.000367,0,0.896598115,0.795617449,0.793570648,0.793569409,0.50283051,0.999999935,0.986197029,2.59E-08,5.11E-05,0.035772898,2.25E-07,0.964226876,0,0,0,0,0,0,1,1,1,4,0.821100898,0.785020714,0.781235128,0.765383695,0.494198863,0.999999935,0.986287885,2.60E-08,5.08E-05,0.035790498,1.90E-07,0.964209311,1,1,1,1,1,1,1,1,0,1,0,4,0,0,0
24,8,3,0,1,4,4,4,0.365661362,0.632861616,0.000903062,0.000573961,0.915659907,0.071606739,0.002706842,0.010026511,0,0,1,0,1,0,1,0,1,1,0,1,0,1,0,0,5,1,24,8,1,2,3,4,4,5,4,3,5,6,7,8,5,4,3,2,3,5,0.166666667,2,2,5,0.476190476,3,3349,17080,17726,Laurea specialistica,Dottorato di ricerca,2,1,1,2,2,3,1,2,1,2,2,5,5,5,6,6,8,5,5,5,6,5,0,0,0.000306152,0.000351,0.000308,0.000275,0.000352,0.000455359,0.000410313,0.000367235,1,1,0.002905,0.003386,0.003071,0.003098,0.003666,0.004387,0.00408,0.004118,3,0.894662236,0.798293578,0.791873075,0.774529954,0.50187961,1,0.999999625,2.00E-14,3.99E-11,0.998466504,4.71E-16,0.001533496,1,0,1,1,0,1,1,1,0,0,0.899376629,0.799427965,0.797364969,0.797356977,0.504583747,1,0.999999629,2.00E-14,3.94E-11,0.998466661,5.05E-16,0.001533339,0,0,0,0,0,0,1,1,1,1,0,2,1,0,1
24,9,0,1,0,4,4,6,0.002706842,0.010026511,0.071606739,0.915659907,0.000977198,0.101531796,0.796442413,0.101048593,0,0,1,0,1,0,3,0,1,1,0,1,0,0,1,0,4,1,24,9,1,2,3,4,1,5,4,5,5,6,7,8,3,5,5,4,1,5,0.955555556,4,3,5,0.215686275,2,3360,14947,16318,"Scuola secondaria di 2Âº grado (diploma di istruzione liceale, diploma di istruzione tecnica, diploma di istruzione professionale)","Scuola secondaria di 2Âº grado (diploma di istruzione liceale, diploma di istruzione tecnica, diploma di istruzione professionale)",2,3,4,3,4,4,3,4,4,4,4,6,7,8,7,8,7,7,6,7,7,7,1,1,0.000957953,0.000969,0.00086,0.00081,0.001126,0.001204491,0.001092811,0.001025973,0,0,0.000306,0.000351,0.000308,0.000275,0.000352,0.000455,0.00041,0.000367,0,0.899657266,0.799910991,0.799788756,0.799791181,0.489622761,0.000805806,1.21E-07,0.997627817,0.998416509,5.35E-14,0.999484418,0.000443708,0,0,0,0,0,0,1,1,1,1,0.895498811,0.798573955,0.797885401,0.798252138,0.456250349,0.000805842,1.22E-07,0.997687119,0.998414528,5.35E-14,0.999478799,0.00044349,1,0,0,1,0,0,1,1,1,3,1,2,0,0,0
24,10,0,1,0,4,4,5,0.010026511,0.002706842,0.071606739,0.915659907,0.101531796,0.000977198,0.796442413,0.101048593,0,0,1,0,0,1,3,0,1,1,0,1,0,1,0,0,7,1,24,10,1,2,3,4,3,3,4,5,5,6,7,8,2,3,5,4,3,5,0.244444444,2,2,5,0.476190476,3,3268,13945,14617,"Scuola secondaria di 2Âº grado (diploma di istruzione liceale, diploma di istruzione tecnica, diploma di istruzione professionale)","Scuola secondaria di 2Âº grado (diploma di istruzione liceale, diploma di istruzione tecnica, diploma di istruzione professionale)",1,3,4,3,4,4,3,4,4,4,4,5,7,8,7,8,7,7,5,7,7,7,1,1,0.000957953,0.000969,0.00086,0.00081,0.001126,0.001204491,0.001092811,0.001025973,0,0,0.000306,0.000351,0.000308,0.000275,0.000352,0.000455,0.00041,0.000367,0,0.899577289,0.79989544,0.799435219,0.799437349,0.484898621,0.001001689,1.03E-07,0.997432241,0.998416528,4.11E-14,0.999381237,0.000546896,0,0,0,0,0,0,1,1,1,1,0.887693598,0.796813852,0.796415825,0.792319758,0.414992052,0.001001743,1.04E-07,0.997491513,0.998414546,4.12E-14,0.999375617,0.000546679,1,0,0,1,0,0,1,1,1,1,0,3,1,0,1
24,11,0,0,1,4,4,6,0.010026511,0.915659907,0.071606739,0.002706842,0.010026511,0.915659907,0.071606739,0.002706842,0,0,1,0,1,0,2,0,1,1,0,0,1,0,0,1,2,1,24,11,1,2,3,4,4,5,4,1,5,6,7,8,4,5,3,2,1,5,0.857142857,4,2,5,0.476190476,3,3266,18102,19163,"Scuola secondaria di 2Âº grado (diploma di istruzione liceale, diploma di istruzione tecnica, diploma di istruzione professionale)","Scuola secondaria di 2Âº grado (diploma di istruzione liceale, diploma di istruzione tecnica, diploma di istruzione professionale)",2,3,1,2,2,3,2,2,3,2,2,6,7,5,6,6,7,6,6,7,6,6,0,0,0.000306152,0.000351,0.000308,0.000275,0.000352,0.000455359,0.000410313,0.000367235,0,0,0.000306,0.000351,0.000308,0.000275,0.000352,0.000455,0.00041,0.000367,0,0.896118658,0.797352194,0.792687284,0.789337034,0.554502546,1,0.999984188,2.39E-13,2.73E-09,0.923592536,2.26E-13,0.076407464,0,0,0,0,0,0,1,1,1,0,0.897355818,0.798026291,0.797209173,0.797269583,0.508980094,1,0.999984313,2.39E-13,2.69E-09,0.923617229,2.40E-13,0.076382771,0,0,0,0,0,0,1,1,1,1,0,2,1,0,1
24,12,0,3,1,4,4,7,0.071606739,0.010026511,0.002706842,0.915659907,0.000903062,0.365661362,0.000573961,0.632861616,0,1,0,0,1,0,4,0,1,0,NaN,NaN,NaN,NaN,NaN,NaN,NaN,0,24,12,1,2,3,4,3,2,3,5,5,6,7,8,2,4,3,5,2,5,0.487179487,3,2,5,0.476190476,3,3364,NaN,NaN,"Scuola secondaria di 2Âº grado (diploma di istruzione liceale, diploma di istruzione tecnica, diploma di istruzione professionale)","Scuola secondaria di 2Âº grado (diploma di istruzione liceale, diploma di istruzione tecnica, diploma di istruzione professionale)",1,1,4,2,4,4,1,4,4,4,4,6,5,8,6,8,8,6,6,8,8,8,1,1,0.002904536,0.003386,0.003071,0.003098,0.003666,0.004387326,0.004079551,0.00411772,0,0,0.000306,0.000351,0.000308,0.000275,0.000352,0.000455,0.00041,0.000367,0,0.898710787,0.799105215,0.791770666,0.791787816,0.471980926,0.019156145,4.18E-05,0.979300266,0.994068545,9.47E-10,0.990131515,0.009797282,0,0,0,0,0,0,1,1,1,3,0.881953678,0.785944753,0.782162037,0.78697047,0.491447353,0.019154382,4.20E-05,0.979360375,0.994064209,9.49E-10,0.990111482,0.009811534,1,0,1,1,0,1,1,1,0,3,1,2,1,0,1
24,13,0,0,1,4,4,5,0.915659907,0.071606739,0.002706842,0.010026511,0.915659907,0.071606739,0.002706842,0.010026511,0,1,0,0,1,0,2,0,1,0,0,1,0,1,0,0,2,1,24,13,1,2,3,4,5,4,1,3,5,6,7,8,5,4,3,4,1,5,0.897435897,4,3,5,0.166666667,2,3179,12012,13021,Scuola secondaria di 1Âº grado (Licenza media),"Scuola secondaria di 2Âº grado (diploma di istruzione liceale, diploma di istruzione tecnica, diploma di istruzione professionale)",1,1,1,2,2,4,1,1,1,2,1,5,5,5,6,6,8,5,5,5,6,5,0,0,0.000306152,0.000351,0.000308,0.000275,0.000352,0.000455359,0.000410313,0.000367235,0,0,0.000306,0.000351,0.000308,0.000275,0.000352,0.000455,0.00041,0.000367,0,0.898788368,0.798550063,0.79826998,0.798178304,0.504072501,1,0.999990495,4.67E-13,1.97E-09,0.983345455,1.17E-13,0.016654545,0,0,0,0,0,0,1,1,1,0,0.899376629,0.799427965,0.797364969,0.797356977,0.504583747,1,0.999990573,4.68E-13,1.96E-09,0.983348197,1.03E-13,0.016651803,0,0,0,0,0,0,1,1,1,0,0,1,0,1,1
24,14,0,5,0,4,4,6,0.002706842,0.071606739,0.010026511,0.915659907,0.546062142,0.323484475,0.13005268,0.000400703,0,0,1,0,0,1,4,0,1,1,1,0,0,0,0,1,4,1,24,14,1,2,3,4,1,3,2,4,5,6,7,8,5,4,5,3,1,4,0.666666667,3,3,5,0.215686275,2,3368,15285,14445,"Scuola secondaria di 2Âº grado (diploma di istruzione liceale, diploma di istruzione tecnica, diploma di istruzione professionale)",Scuola secondaria di 1Âº grado (Licenza media),2,3,4,2,4,4,2,4,4,4,4,5,5,5,7,6,7,6,5,5,6,5,2,2,0.009315631,0.010101,0.009699,0.011409,0.011178,0.012376918,0.012055149,0.014129339,0,0,0.000306,0.000351,0.000308,0.000275,0.000352,0.000455,0.00041,0.000367,0,0.899193323,0.799722883,0.799169438,0.799178538,0.487675641,0.003100637,5.13E-06,0.995334411,0.996018099,4.45E-11,0.998263016,0.001665198,0,0,0,0,0,0,1,1,1,5,0.844051792,0.786651329,0.778883671,0.778825495,0.473372677,0.003100356,5.15E-06,0.995393929,0.996014586,4.46E-11,0.998255347,0.001667037,3,0,1,2,0,1,1,1,0,0,0,3,1,1,1
24,15,0,0,1,4,4,5,0.915659907,0.071606739,0.010026511,0.002706842,0.915659907,0.010026511,0.002706842,0.071606739,0,0,1,0,1,0,1,0,1,1,0,0,1,1,0,0,2,1,24,15,1,2,3,4,5,4,3,1,5,6,7,8,5,3,1,3,1,5,0.897435897,4,1,5,0.888888889,4,3161,16258,16609,"Scuola secondaria di 2Âº grado (diploma di istruzione liceale, diploma di istruzione tecnica, diploma di istruzione professionale)","Scuola secondaria di 2Âº grado (diploma di istruzione liceale, diploma di istruzione tecnica, diploma di istruzione professionale)",1,1,1,2,2,3,1,1,1,2,1,5,5,5,6,8,8,5,5,5,8,5,0,0,0.000306152,0.000351,0.000308,0.000275,0.000352,0.000455359,0.000410313,0.000367235,0,0,0.000306,0.000351,0.000308,0.000275,0.000352,0.000455,0.00041,0.000367,0,0.899555009,0.799529066,0.799230456,0.799061092,0.549426574,1,0.999999424,8.38E-15,1.20E-10,0.993718325,1.14E-15,0.006281675,0,0,0,0,0,0,1,1,1,0,0.898227759,0.798248968,0.787500987,0.782274542,0.494216878,1,0.999999429,8.41E-15,1.19E-10,0.993719185,1.03E-15,0.006280815,0,0,0,0,0,0,1,1,1,0,0,1,0,1,1
24,16,1,0,1,4,4,7,0.101531796,0.796442413,0.000977198,0.101048593,0.915659907,0.010026511,0.071606739,0.002706842,0,1,0,0,1,0,2,0,1,0,NaN,NaN,NaN,NaN,NaN,NaN,NaN,0,24,16,1,2,3,4,4,5,1,2,5,6,7,8,5,4,3,1,1,5,1.111111111,4,1,5,0.897435897,4,3263,14241,16339,Scuola secondaria di 1Âº grado (Licenza media),"Scuola secondaria di 2Âº grado (diploma di istruzione liceale, diploma di istruzione tecnica, diploma di istruzione professionale)",2,1,4,2,2,4,2,2,1,2,2,5,5,5,7,6,7,5,5,5,7,5,0,0,0.000306152,0.000351,0.000308,0.000275,0.000352,0.000455359,0.000410313,0.000367235,1,1,0.000958,0.000969,0.00086,0.00081,0.001126,0.001204,0.001093,0.001026,1,0.891471085,0.796993589,0.796179725,0.790255977,0.487823798,0.99999999,0.999582641,2.69E-10,6.62E-08,0.939922373,1.22E-10,0.060077627,1,0,0,1,0,0,1,1,1,0,0.897630619,0.797953895,0.796047082,0.795696735,0.522902771,0.99999999,0.999584543,2.69E-10,6.56E-08,0.939938168,1.28E-10,0.060061832,0,0,0,0,0,0,1,1,1,1,0,2,1,0,1
24,17,0,0,1,4,4,6,0.915659907,0.071606739,0.010026511,0.002706842,0.915659907,0.071606739,0.002706842,0.010026511,0,0,1,0,0,1,2,0,1,1,0,1,0,0,1,0,4,1,24,17,1,2,3,4,5,4,3,2,5,6,7,8,5,4,2,3,2,5,0.476190476,3,2,5,0.476190476,3,3122,NaN,NaN,"Scuola secondaria di 2Âº grado (diploma di istruzione liceale, diploma di istruzione tecnica, diploma di istruzione professionale)",Laurea specialistica,1,1,1,2,2,3,1,1,1,2,1,5,5,5,6,6,8,5,5,5,6,5,0,0,0.000306152,0.000351,0.000308,0.000275,0.000352,0.000455359,0.000410313,0.000367235,0,0,0.000306,0.000351,0.000308,0.000275,0.000352,0.000455,0.00041,0.000367,0,0.899555009,0.799529066,0.799230456,0.799061092,0.549426574,1,0.999999424,8.38E-15,1.20E-10,0.993718325,1.14E-15,0.006281675,0,0,0,0,0,0,1,1,1,0,0.899376629,0.799427965,0.797364969,0.797356977,0.504583747,1,0.999999429,8.41E-15,1.19E-10,0.993719185,1.03E-15,0.006280815,0,0,0,0,0,0,1,1,1,0,0,0,0,1,1
24,18,0,0,0,4,4,3,0.010026511,0.002706842,0.071606739,0.915659907,0.915659907,0.071606739,0.002706842,0.010026511,0,1,0,1,0,0,6,0,1,0,0,0,1,0,0,1,3,1,24,18,1,2,3,4,4,1,4,5,5,6,7,8,5,4,3,4,1,5,0.857142857,4,3,5,0.166666667,2,3110,14267,14479,Laurea specialistica,Dottorato di ricerca,1,3,4,3,4,4,3,4,4,4,4,5,5,5,6,6,8,5,5,5,6,5,0,0,0.000306152,0.000351,0.000308,0.000275,0.000352,0.000455359,0.000410313,0.000367235,0,0,0.000306,0.000351,0.000308,0.000275,0.000352,0.000455,0.00041,0.000367,0,0.899577289,0.79989544,0.799435219,0.799437349,0.484898621,0.001001689,1.03E-07,0.997432241,0.998416528,4.11E-14,0.999381237,0.000546896,0,0,0,0,0,0,1,1,1,0,0.899376629,0.799427965,0.797364969,0.797356977,0.504583747,0.001001743,1.04E-07,0.997491513,0.998414546,4.12E-14,0.999375617,0.000546679,0,0,0,0,0,0,1,1,1,1,0,1,0,0,1
24,19,0,5,1,4,4,7,0.915659907,0.010026511,0.071606739,0.002706842,0.201706528,0.527005439,0.000371259,0.270916774,0,0,1,0,1,0,2,0,1,1,0,0,1,0,0,1,3,1,24,19,1,2,3,4,5,3,4,2,5,6,7,8,5,4,3,4,2,5,0.476190476,3,3,5,0.166666667,2,3364,NaN,NaN,,,1,1,1,3,2,3,1,1,1,3,1,6,5,5,6,6,8,6,6,5,6,8,2,1,0.009315631,0.010101,0.009699,0.011409,0.011178,0.012376918,0.012055149,0.014129339,0,0,0.000306,0.000351,0.000308,0.000275,0.000352,0.000455,0.00041,0.000367,0,0.899273202,0.799108707,0.798927354,0.798906785,0.591917401,1,0.99997541,6.61E-14,7.31E-09,0.416412904,8.02E-13,0.583587096,0,0,0,0,0,0,1,1,1,5,0.8400389,0.780745338,0.775542421,0.777584042,0.447326317,1,0.999975649,6.63E-14,7.24E-09,0.416515167,7.62E-13,0.583484833,0,2,3,0,1,3,1,1,1,0,0,3,1,1,1
24,20,1,0,0,4,4,6,0.000977198,0.101531796,0.796442413,0.101048593,0.915659907,0.002706842,0.071606739,0.010026511,0,0,1,1,0,0,1,0,1,1,0,0,1,0,0,1,5,1,24,20,1,2,3,4,3,5,5,4,5,6,7,8,5,4,5,4,3,5,0.215686275,2,4,5,0.074074074,1,3448,17295,15549,"Scuola secondaria di 2Âº grado (diploma di istruzione liceale, diploma di istruzione tecnica, diploma di istruzione professionale)","Scuola secondaria di 2Âº grado (diploma di istruzione liceale, diploma di istruzione tecnica, diploma di istruzione professionale)",2,3,4,3,4,3,3,2,3,3,3,5,5,5,7,8,7,5,5,5,7,5,0,0,0.000306152,0.000351,0.000308,0.000275,0.000352,0.000455359,0.000410313,0.000367235,1,1,0.000958,0.000969,0.00086,0.00081,0.001126,0.001204,0.001093,0.001026,1,0.883974745,0.795381906,0.792496264,0.792495469,0.497161346,0.999996272,0.024819641,4.97E-07,0.005456582,2.48E-07,2.98E-06,0.999996758,1,0,0,1,0,0,1,1,1,0,0.897810787,0.798122539,0.7975203,0.79678175,0.495201965,0.999996324,0.024938224,4.98E-07,0.005404762,2.48E-07,3.16E-06,0.999996578,0,0,0,0,0,0,1,1,1,2,0,2,0,0,0
24,21,4,5,0,4,4,5,0.000745539,0.499254044,0.000497891,0.499502525,0.000400677,0.130165912,0.546046116,0.323387295,0,0,1,1,0,0,7,0,1,1,NaN,NaN,NaN,NaN,NaN,NaN,NaN,0,24,21,1,2,3,4,2,5,3,5,5,6,7,8,3,4,5,4,2,5,0.6,3,3,5,0.166666667,2,3229,17004,17207,Laurea triennale,"Scuola secondaria di 2Âº grado (diploma di istruzione liceale, diploma di istruzione tecnica, diploma di istruzione professionale)",2,1,4,2,2,4,2,2,4,4,4,6,7,8,7,8,7,7,6,7,8,7,2,2,0.009315631,0.010101,0.009699,0.011409,0.011178,0.012376918,0.012055149,0.014129339,2,2,0.002905,0.003386,0.003071,0.003098,0.003666,0.004387,0.00408,0.004118,4,0.849995523,0.791765885,0.788753956,0.788901529,0.493872831,0.998020723,0.443674409,0.00197483,0.465535616,0.000392267,0.006310099,0.993297181,1,1,1,1,1,1,1,1,0,5,0.834181948,0.786824266,0.780896592,0.783918072,0.456695259,0.998021321,0.445697596,0.001974372,0.463480423,0.00039249,0.006521668,0.993085335,2,0,1,2,0,0,1,1,0,4,1,1,0,0,1
25,1,0,7,1,4,1,2,0.071606739,0.915659907,0.010026511,0.002706842,0.405298986,0.082664787,0.210306874,0.301729353,NaN,NaN,NaN,NaN,NaN,NaN,NaN,NaN,NaN,NaN,NaN,NaN,NaN,NaN,NaN,NaN,NaN,NaN,25,1,1,2,3,4,1,5,1,1,5,6,7,8,5,5,1,2,1,5,2,4,1,5,1.307692308,4,2047,14058,13612,Laurea specialistica,"Scuola secondaria di 2Âº grado (diploma di istruzione liceale, diploma di istruzione tecnica, diploma di istruzione professionale)",2,1,1,2,2,3,2,2,1,2,2,5,5,5,7,6,7,5,8,8,7,5,4,2,0.019315757,0.020129,0.020129,0.051007,0.020958,0.022410321,0.022410321,0.055774414,0,0,0.000306,0.000351,0.000308,0.000275,0.000352,0.000455,0.00041,0.000367,0,0.89920837,0.799527005,0.797852205,0.779980765,0.5011577,1,0.99999966,3.51E-14,5.39E-11,0.999042559,5.05E-16,0.000957441,0,0,0,0,0,0,1,1,1,7,0.276277858,0.617394684,0.472153666,0.471354881,0.410157721,1,0.999999663,3.51E-14,5.32E-11,0.999042646,5.41E-16,0.000957354,4,0,2,2,0,1,1,1,0,3,0,6,2,0,1
25,2,7,3,0,4,1,4,0.044771305,0.139191532,0.425958572,0.39007859,0.000574131,0.633121317,0.365401124,0.000903428,NaN,NaN,NaN,NaN,NaN,NaN,NaN,NaN,NaN,NaN,NaN,NaN,NaN,NaN,NaN,NaN,NaN,NaN,25,2,1,2,3,4,5,2,5,4,5,6,7,8,1,5,5,4,2,5,0.5,3,1,5,0.955555556,4,2467,11212,11160,"Scuola secondaria di 2Âº grado (diploma di istruzione liceale, diploma di istruzione tecnica, diploma di istruzione professionale)",Scuola secondaria di 1Âº grado (Licenza media),1,3,4,3,4,4,3,2,3,3,4,6,7,8,7,6,7,6,6,7,6,6,1,1,0.002904536,0.003386,0.003071,0.003098,0.003666,0.004387326,0.004079551,0.00411772,4,3,0.01947,0.01947,0.019672,0.019672,0.021729,0.021729,0.022187,0.022187,7,0.56095711,0.772093016,0.720936,0.721129253,0.472677656,0.998422632,0.000781447,0.00127406,0.074683307,2.14E-08,0.004547585,0.995452067,4,0,3,3,0,3,1,1,1,3,0.862116411,0.788868575,0.783328458,0.783823527,0.505139875,0.998427905,0.000784954,0.001273938,0.074128804,2.15E-08,0.004776078,0.995223529,2,1,0,2,1,0,1,1,1,5,1,1,0,0,0
25,3,0,0,1,4,1,4,0.010026511,0.915659907,0.071606739,0.002706842,0.071606739,0.915659907,0.002706842,0.010026511,NaN,NaN,NaN,NaN,NaN,NaN,NaN,NaN,NaN,NaN,NaN,NaN,NaN,NaN,NaN,NaN,NaN,NaN,25,3,1,2,3,4,1,5,1,1,5,6,7,8,1,5,1,1,1,5,2,4,1,5,2,4,2239,14873,15585,"Scuola secondaria di 2Âº grado (diploma di istruzione liceale, diploma di istruzione tecnica, diploma di istruzione professionale)","Scuola secondaria di 2Âº grado (diploma di istruzione liceale, diploma di istruzione tecnica, diploma di istruzione professionale)",2,3,1,2,2,3,2,2,3,2,2,6,5,5,6,6,8,6,6,5,6,6,0,0,0.000306152,0.000351,0.000308,0.000275,0.000352,0.000455359,0.000410313,0.000367235,0,0,0.000306,0.000351,0.000308,0.000275,0.000352,0.000455,0.00041,0.000367,0,0.896118658,0.797352194,0.792687284,0.789337034,0.554502546,1,0.999984188,2.39E-13,2.73E-09,0.923592536,2.26E-13,0.076407464,0,0,0,0,0,0,1,1,1,0,0.898982328,0.798860794,0.798608006,0.798633227,0.489002097,1,0.999984313,2.39E-13,2.69E-09,0.923617229,2.40E-13,0.076382771,0,0,0,0,0,0,1,1,1,3,0,3,0,0,1
25,4,0,0,1,4,1,6,0.071606739,0.915659907,0.010026511,0.002706842,0.071606739,0.010026511,0.915659907,0.002706842,NaN,NaN,NaN,NaN,NaN,NaN,NaN,NaN,NaN,NaN,NaN,NaN,NaN,NaN,NaN,NaN,NaN,NaN,25,4,1,2,3,4,4,5,1,1,5,6,7,8,4,1,5,1,1,5,1.545454545,4,1,5,1.545454545,4,2334,15432,14231,Laurea specialistica,"Scuola secondaria di 2Âº grado (diploma di istruzione liceale, diploma di istruzione tecnica, diploma di istruzione professionale)",2,1,1,2,2,3,2,2,1,2,2,5,7,5,7,6,7,7,5,7,7,7,0,0,0.000306152,0.000351,0.000308,0.000275,0.000352,0.000455359,0.000410313,0.000367235,0,0,0.000306,0.000351,0.000308,0.000275,0.000352,0.000455,0.00041,0.000367,0,0.89920837,0.799527005,0.797852205,0.779980765,0.5011577,1,0.99999966,3.51E-14,5.39E-11,0.999042559,5.05E-16,0.000957441,0,0,0,0,0,0,1,1,1,0,0.891494905,0.799153601,0.79767892,0.773250751,0.540876282,1,0.999999663,3.51E-14,5.32E-11,0.999042646,5.41E-16,0.000957354,0,0,0,0,0,0,1,1,1,1,0,1,0,0,1
25,5,9,6,0,4,1,2,0.133956952,0.133956952,0.35418177,0.377904325,0.299594592,0.045822947,0.529090228,0.125492233,NaN,NaN,NaN,NaN,NaN,NaN,NaN,NaN,NaN,NaN,NaN,NaN,NaN,NaN,NaN,NaN,NaN,NaN,25,5,1,2,3,4,1,1,5,2,5,6,7,8,1,1,4,5,1,5,1.592592593,4,1,5,1.545454545,4,2281,15180,17056,"Scuola secondaria di 2Âº grado (diploma di istruzione liceale, diploma di istruzione tecnica, diploma di istruzione professionale)","Scuola secondaria di 2Âº grado (diploma di istruzione liceale, diploma di istruzione tecnica, diploma di istruzione professionale)",2,3,4,2,4,4,1,4,4,3,3,5,7,5,7,6,7,7,8,5,7,7,3,2,0.019469538,0.01947,0.019672,0.019672,0.021729,0.021728649,0.022186591,0.022186591,5,3,0.048477,0.048477,0.048477,0.048477,0.050972,0.050972,0.050972,0.050972,9,0.274588551,0.69531871,0.592970945,0.592990429,0.36236891,0.946040786,0.00169192,0.052606823,0.486176882,1.03E-07,0.137741319,0.861643041,4,2,2,2,1,1,1,1,0,6,0.604065683,0.757364688,0.702222961,0.697560106,0.423079576,0.946069143,0.001700652,0.0526211,0.485277464,1.03E-07,0.141446969,0.857848262,3,0,1,2,0,0,1,1,0,3,0,6,2,0,0
25,6,8,0,1,4,1,1,0.30891034,0.381870601,0.30891034,0.00030872,0.915659907,0.071606739,0.010026511,0.002706842,NaN,NaN,NaN,NaN,NaN,NaN,NaN,NaN,NaN,NaN,NaN,NaN,NaN,NaN,NaN,NaN,NaN,NaN,25,6,1,2,3,4,3,5,1,1,5,6,7,8,5,1,1,1,1,5,1.466666667,4,1,5,2,4,2216,14189,15683,,Laurea specialistica,2,3,1,2,2,3,1,2,1,2,3,5,5,5,6,6,7,5,5,5,6,5,0,0,0.000306152,0.000351,0.000308,0.000275,0.000352,0.000455359,0.000410313,0.000367235,4,3,0.050472,0.050472,0.050472,0.050472,0.061277,0.061277,0.061277,0.061277,8,0.405712787,0.730703502,0.615266865,0.499712345,0.407111165,1,0.999993433,2.35E-13,6.19E-09,0.824762742,5.60E-13,0.175237258,3,1,3,2,1,2,1,1,0,0,0.899296996,0.799380705,0.798929519,0.798925727,0.497488442,1,0.999993488,2.35E-13,6.11E-09,0.824816729,5.73E-13,0.175183271,0,0,0,0,0,0,1,1,1,2,0,3,0,0,1
25,7,2,9,1,4,1,4,0.110330007,0.710982107,0.110330007,0.068357878,0.356214844,0.366928479,0.060152662,0.216704015,NaN,NaN,NaN,NaN,NaN,NaN,NaN,NaN,NaN,NaN,NaN,NaN,NaN,NaN,NaN,NaN,NaN,NaN,25,7,1,2,3,4,1,5,3,1,5,6,7,8,5,3,1,3,1,5,1.466666667,4,1,5,0.888888889,4,2295,13128,13214,"Scuola secondaria di 2Âº grado (diploma di istruzione liceale, diploma di istruzione tecnica, diploma di istruzione professionale)",Laurea specialistica,2,3,4,2,2,3,2,2,1,2,2,5,5,5,6,8,7,6,6,8,6,5,5,4,0.104602065,0.104602,0.104602,0.104602,0.114425,0.114424833,0.114424833,0.114424833,2,1,0.002016,0.002034,0.00187,0.001831,0.002227,0.00232,0.002152,0.002088,2,0.858449918,0.791734047,0.780173706,0.765885607,0.465216772,0.999999999,0.99981975,1.39E-11,2.86E-08,0.818564313,2.65E-11,0.181435687,2,0,0,1,0,0,1,1,1,9,0.239049208,0.557467641,0.486187003,0.486720655,0.248975206,0.999999999,0.9998208,1.39E-11,2.83E-08,0.818620702,2.90E-11,0.181379298,6,0,3,3,0,3,0,0,1,3,0,3,0,0,1
25,8,11,11,1,4,1,3,0.322893422,0.162115593,0.372450697,0.142540287,0.150806817,0.336952681,0.288827561,0.223412942,NaN,NaN,NaN,NaN,NaN,NaN,NaN,NaN,NaN,NaN,NaN,NaN,NaN,NaN,NaN,NaN,NaN,NaN,25,8,1,2,3,4,5,3,1,3,5,6,7,8,3,5,1,1,1,5,0.888888889,4,1,5,1.466666667,4,2441,13535,15474,"Scuola secondaria di 2Âº grado (diploma di istruzione liceale, diploma di istruzione tecnica, diploma di istruzione professionale)",Scuola secondaria di 1Âº grado (Licenza media),1,1,1,3,2,3,1,2,3,4,3,5,5,8,7,6,8,7,8,7,6,6,6,5,0.264142056,0.264142,0.264142,0.264142,0.269542,0.269541779,0.269541779,0.269541779,5,4,0.064213,0.064213,0.207538,0.207538,0.066126,0.066126,0.213353,0.213353,11,0.254544878,0.440828048,0.377254265,0.375335371,0.242708832,1,0.999448531,7.01E-11,9.94E-06,0.004919894,6.31E-10,0.995080106,4,1,2,3,1,0,1,1,0,11,0.220280766,0.311413199,0.266438537,0.296489268,0.20065406,1,0.999453472,7.01E-11,9.78E-06,0.004923313,6.27E-10,0.995076686,5,2,2,2,0,1,0,0,0,6,2,7,2,0,0
25,9,0,0,0,4,1,4,0.010026511,0.915659907,0.002706842,0.071606739,0.071606739,0.002706842,0.915659907,0.010026511,NaN,NaN,NaN,NaN,NaN,NaN,NaN,NaN,NaN,NaN,NaN,NaN,NaN,NaN,NaN,NaN,NaN,NaN,25,9,1,2,3,4,5,3,4,1,5,6,7,8,5,4,5,4,1,5,0.897435897,4,4,5,0.074074074,1,NaN,NaN,NaN,,,2,1,4,2,2,4,2,2,4,2,2,5,7,5,7,8,7,7,5,7,7,7,0,0,0.000306152,0.000351,0.000308,0.000275,0.000352,0.000455359,0.000410313,0.000367235,0,0,0.000306,0.000351,0.000308,0.000275,0.000352,0.000455,0.00041,0.000367,0,0.897846929,0.798294477,0.797802644,0.797637956,0.49557102,0.99999989,0.995339651,3.64E-08,1.05E-05,0.385935607,1.21E-07,0.614064271,0,0,0,0,0,0,1,1,1,0,0.895455717,0.798959481,0.798495248,0.791134676,0.490583768,0.999999892,0.995359214,3.64E-08,1.04E-05,0.386039707,1.30E-07,0.613960162,0,0,0,0,0,0,1,1,1,8,4,2,0,0,0
25,10,11,11,1,4,1,2,0.406428848,0.200528835,0.232685084,0.160357233,0.246712838,0.276984765,0.282806743,0.193495654,NaN,NaN,NaN,NaN,NaN,NaN,NaN,NaN,NaN,NaN,NaN,NaN,NaN,NaN,NaN,NaN,NaN,NaN,25,10,1,2,3,4,4,2,1,3,5,6,7,8,2,1,5,3,1,4,0.666666667,3,1,5,1.060606061,4,2107,15334,13924,Laurea specialistica,Laurea specialistica,2,1,4,2,2,4,1,1,3,3,1,6,5,5,6,6,8,5,6,8,7,7,7,4,0.264142056,0.264142,0.264142,0.264142,0.269542,0.269541779,0.269541779,0.269541779,5,4,0.264142,0.264142,0.264142,0.264142,0.269542,0.269542,0.269542,0.269542,11,0.261050063,0.54085159,0.473376983,0.47201094,0.228891512,0.999999972,0.975535588,7.66E-10,7.91E-06,0.026742114,6.67E-09,0.973257879,7,2,1,4,1,1,1,1,0,11,0.221008305,0.34808762,0.231090809,0.266000723,0.202549085,0.999999972,0.97566839,7.68E-10,7.85E-06,0.026757382,6.15E-09,0.973242612,4,3,2,3,1,0,1,1,0,5,2,7,1,0,1
26,2,7,4,0,4,1,1,0.306292199,0.00030216,0.374349857,0.319055784,0.000745539,0.000497891,0.499192247,0.499564322,NaN,NaN,NaN,NaN,NaN,NaN,NaN,NaN,NaN,NaN,NaN,NaN,NaN,NaN,NaN,NaN,NaN,NaN,26,2,1,2,3,4,1,1,1,5,5,6,7,8,1,1,4,2,1,5,2,4,1,4,1,3,NaN,NaN,NaN,,,1,3,4,3,4,4,3,1,3,4,1,5,7,8,7,8,7,7,8,8,7,8,2,2,0.002904536,0.003386,0.003071,0.003098,0.003666,0.004387326,0.004079551,0.00411772,4,3,0.050472,0.050472,0.050472,0.050472,0.061277,0.061277,0.061277,0.061277,7,0.425882395,0.725600966,0.631588342,0.631605422,0.288152345,0.999660501,0.001362023,0.000163841,0.01521655,1.25E-07,0.00083333,0.999161704,2,2,2,2,1,1,1,1,0,4,0.864416898,0.785186453,0.783499081,0.788694556,0.494267022,0.99966318,0.001368114,0.000164216,0.015187663,1.25E-07,0.000711156,0.999283957,1,1,1,1,1,1,1,1,0,5,0,2,0,0,0
26,3,10,10,1,4,1,3,0.173260421,0.269062529,0.148812026,0.408865025,0.356428489,0.313094225,0.201029059,0.129448228,NaN,NaN,NaN,NaN,NaN,NaN,NaN,NaN,NaN,NaN,NaN,NaN,NaN,NaN,NaN,NaN,NaN,NaN,26,3,1,2,3,4,4,5,2,1,5,6,7,8,5,5,4,5,1,5,1.111111111,4,4,5,0.052631579,1,2284,13543,11863,"Scuola secondaria di 2Âº grado (diploma di istruzione liceale, diploma di istruzione tecnica, diploma di istruzione professionale)","Scuola secondaria di 2Âº grado (diploma di istruzione liceale, diploma di istruzione tecnica, diploma di istruzione professionale)",1,3,1,2,4,3,2,2,4,4,4,6,5,5,7,8,8,6,5,7,6,5,6,4,0.264142056,0.264142,0.264142,0.264142,0.269542,0.269541779,0.269541779,0.269541779,4,4,0.052765,0.207538,0.207538,0.207538,0.052802,0.213353,0.213353,0.213353,10,0.295843255,0.648894544,0.632094448,0.633615472,0.234722179,0.999857458,0.476458472,0.000142222,0.438101772,4.43E-05,0.000688386,0.999267256,6,2,1,2,0,1,0,0,0,10,0.219061012,0.384931508,0.332414113,0.333160436,0.203992141,0.999857337,0.479101619,0.000142352,0.435549621,4.43E-05,0.000713544,0.999242052,6,1,2,2,0,1,0,0,0,8,4,6,0,0,0
26,4,0,8,1,4,1,5,0.071606739,0.915659907,0.010026511,0.002706842,0.381838018,0.000308677,0.236074211,0.381779094,NaN,NaN,NaN,NaN,NaN,NaN,NaN,NaN,NaN,NaN,NaN,NaN,NaN,NaN,NaN,NaN,NaN,NaN,26,4,1,2,3,4,4,5,3,3,5,6,7,8,5,3,4,4,3,5,0.244444444,2,3,5,0.166666667,2,2470,15151,15199,Laurea specialistica,Laurea specialistica,2,1,1,2,2,3,2,2,1,2,2,5,5,5,7,8,7,5,5,8,7,8,4,2,0.009315631,0.010101,0.009699,0.011409,0.011178,0.012376918,0.012055149,0.014129339,0,0,0.000306,0.000351,0.000308,0.000275,0.000352,0.000455,0.00041,0.000367,0,0.89920837,0.799527005,0.797852205,0.779980765,0.5011577,1,0.99999966,3.51E-14,5.39E-11,0.999042559,5.05E-16,0.000957441,0,0,0,0,0,0,1,1,1,8,0.272846445,0.569492608,0.502361481,0.504661187,0.429836804,1,0.999999663,3.51E-14,5.32E-11,0.999042646,5.41E-16,0.000957354,2,2,2,1,1,1,1,1,0,1,0,3,0,0,1
26,5,0,3,1,4,1,3,0.915659907,0.071606739,0.010026511,0.002706842,0.632956231,0.36556655,0.000574023,0.000903195,NaN,NaN,NaN,NaN,NaN,NaN,NaN,NaN,NaN,NaN,NaN,NaN,NaN,NaN,NaN,NaN,NaN,NaN,26,5,1,2,3,4,4,3,2,1,5,6,7,8,4,3,2,1,1,4,0.666666667,3,1,4,0.666666667,3,2294,18738,22076,Laurea specialistica,Laurea specialistica,1,1,1,2,2,3,1,1,1,2,1,5,5,5,6,6,8,6,5,5,6,5,1,1,0.002904536,0.003386,0.003071,0.003098,0.003666,0.004387326,0.004079551,0.00411772,0,0,0.000306,0.000351,0.000308,0.000275,0.000352,0.000455,0.00041,0.000367,0,0.899555009,0.799529066,0.799230456,0.799061092,0.549426574,1,0.999999424,8.38E-15,1.20E-10,0.993718325,1.14E-15,0.006281675,0,0,0,0,0,0,1,1,1,3,0.89387416,0.797096692,0.789262276,0.789263243,0.50511151,1,0.999999429,8.41E-15,1.19E-10,0.993719185,1.03E-15,0.006280815,1,0,1,1,0,1,1,1,0,0,0,2,1,1,1
26,6,0,0,0,4,1,2,0.002706842,0.010026511,0.071606739,0.915659907,0.002706842,0.010026511,0.915659907,0.071606739,NaN,NaN,NaN,NaN,NaN,NaN,NaN,NaN,NaN,NaN,NaN,NaN,NaN,NaN,NaN,NaN,NaN,NaN,26,6,1,2,3,4,5,5,5,5,5,6,7,8,5,5,5,5,5,5,0,0,5,5,0,0,2400,13283,16019,Laurea triennale,"Scuola secondaria di 2Âº grado (diploma di istruzione liceale, diploma di istruzione tecnica, diploma di istruzione professionale)",2,3,4,3,4,4,3,4,4,4,4,6,7,8,7,8,7,7,8,7,7,7,0,0,0.000306152,0.000351,0.000308,0.000275,0.000352,0.000455359,0.000410313,0.000367235,0,0,0.000306,0.000351,0.000308,0.000275,0.000352,0.000455,0.00041,0.000367,0,0.899657266,0.799910991,0.799788756,0.799791181,0.489622761,0.000805806,1.21E-07,0.997627817,0.998416509,5.35E-14,0.999484418,0.000443708,0,0,0,0,0,0,1,1,1,0,0.899259628,0.799366178,0.799054432,0.799247696,0.484790148,0.000805842,1.22E-07,0.997687119,0.998414528,5.35E-14,0.999478799,0.00044349,0,0,0,0,0,0,1,1,1,6,0,6,0,0,0
26,7,7,10,0,4,1,7,0.174650373,0.230512111,0.121514539,0.473322977,0.12126723,0.237850759,0.212126737,0.428755274,NaN,NaN,NaN,NaN,NaN,NaN,NaN,NaN,NaN,NaN,NaN,NaN,NaN,NaN,NaN,NaN,NaN,NaN,26,7,1,2,3,4,4,5,3,5,5,6,7,8,1,5,5,4,3,5,0.215686275,2,1,5,0.955555556,4,2307,14661,15161,Laurea specialistica,"Scuola secondaria di 2Âº grado (diploma di istruzione liceale, diploma di istruzione tecnica, diploma di istruzione professionale)",1,3,4,3,4,4,1,4,4,4,2,5,5,8,7,8,8,6,6,7,8,8,5,3,0.264142056,0.264142,0.264142,0.264142,0.269542,0.269541779,0.269541779,0.269541779,4,2,0.048477,0.048477,0.048477,0.048477,0.050972,0.050972,0.050972,0.050972,7,0.43253486,0.753366317,0.681062332,0.68123803,0.35806952,0.439936436,0.000246042,0.540221957,0.571772559,6.89E-09,0.746308337,0.247384406,1,3,3,1,1,3,1,1,1,10,0.221288054,0.404539955,0.313007939,0.432876599,0.222174164,0.440291363,0.000247188,0.540593047,0.571408428,6.81E-09,0.749151815,0.244121317,6,0,2,3,0,1,1,1,0,5,1,7,2,0,0
26,8,11,12,0,4,1,6,0.370480049,0.170337126,0.226364463,0.232818362,0.259734398,0.227862202,0.191275779,0.321127622,NaN,NaN,NaN,NaN,NaN,NaN,NaN,NaN,NaN,NaN,NaN,NaN,NaN,NaN,NaN,NaN,NaN,NaN,26,8,1,2,3,4,4,4,4,2,5,6,7,8,4,4,1,5,2,4,0.285714286,2,1,5,0.857142857,4,2298,NaN,NaN,,,1,3,1,2,4,4,3,4,1,2,1,5,7,5,7,8,7,6,5,8,6,8,7,4,0.264142056,0.264142,0.264142,0.264142,0.269542,0.269541779,0.269541779,0.269541779,5,4,0.064213,0.064213,0.207538,0.207538,0.066126,0.066126,0.213353,0.213353,11,0.220460521,0.338089273,0.269590757,0.269612217,0.222621832,0.999999454,0.935078617,3.65E-07,0.002040871,0.000688285,2.64E-06,0.99930906,4,1,2,2,0,0,0,0,0,12,0.212522085,0.266828746,0.21160206,0.328626244,0.200974572,0.999999456,0.935453657,3.66E-07,0.002030595,0.000688807,2.43E-06,0.999308752,6,2,2,3,1,1,1,1,0,7,2,5,0,0,0
26,9,0,7,1,4,1,4,0.071606739,0.915659907,0.010026511,0.002706842,0.392365379,0.36321841,0.000322673,0.244093538,NaN,NaN,NaN,NaN,NaN,NaN,NaN,NaN,NaN,NaN,NaN,NaN,NaN,NaN,NaN,NaN,NaN,NaN,26,9,1,2,3,4,5,5,5,4,5,6,7,8,4,5,4,5,4,5,0.052631579,1,4,5,0.074074074,1,NaN,NaN,NaN,,,2,1,1,2,2,3,2,2,1,2,2,5,5,5,6,6,8,5,6,5,6,8,3,2,0.050472327,0.050472,0.050472,0.050472,0.061277,0.06127748,0.06127748,0.06127748,0,0,0.000306,0.000351,0.000308,0.000275,0.000352,0.000455,0.00041,0.000367,0,0.89920837,0.799527005,0.797852205,0.779980765,0.5011577,1,0.99999966,3.51E-14,5.39E-11,0.999042559,5.05E-16,0.000957441,0,0,0,0,0,0,1,1,1,7,0.621914253,0.751790051,0.655645032,0.659691744,0.448721992,1,0.999999663,3.51E-14,5.32E-11,0.999042646,5.41E-16,0.000957354,1,2,3,1,1,2,1,1,0,3,0,6,2,0,0
26,10,0,1,0,4,1,1,0.002706842,0.010026511,0.071606739,0.915659907,0.000977198,0.101531796,0.101048593,0.796442413,NaN,NaN,NaN,NaN,NaN,NaN,NaN,NaN,NaN,NaN,NaN,NaN,NaN,NaN,NaN,NaN,NaN,NaN,26,10,1,2,3,4,3,3,2,5,5,6,7,8,1,3,3,5,2,5,0.487179487,3,1,5,0.888888889,4,2170,14343,15707,"Scuola secondaria di 2Âº grado (diploma di istruzione liceale, diploma di istruzione tecnica, diploma di istruzione professionale)",Scuola secondaria di 1Âº grado (Licenza media),2,3,4,3,4,4,3,4,4,4,4,6,7,8,7,8,8,6,8,8,8,8,1,1,0.000957953,0.000969,0.00086,0.00081,0.001126,0.001204491,0.001092811,0.001025973,0,0,0.000306,0.000351,0.000308,0.000275,0.000352,0.000455,0.00041,0.000367,0,0.899657266,0.799910991,0.799788756,0.799791181,0.489622761,0.000805806,1.21E-07,0.997627817,0.998416509,5.35E-14,0.999484418,0.000443708,0,0,0,0,0,0,1,1,1,1,0.891568627,0.791300394,0.783588849,0.787697552,0.433472558,0.000805842,1.22E-07,0.997687119,0.998414528,5.35E-14,0.999478799,0.00044349,1,0,0,1,0,0,1,1,1,5,2,2,0,1,1
27,30,5,1,0,4,1,2,0.073652105,0.226670549,0.19473078,0.504946566,0.101048593,0.101531796,0.796442413,0.000977198,NaN,NaN,NaN,NaN,NaN,NaN,NaN,NaN,NaN,NaN,NaN,NaN,NaN,NaN,NaN,NaN,NaN,NaN,27,30,1,2,3,4,3,1,5,5,5,6,7,8,1,4,5,1,1,5,1.047619048,4,1,5,1.545454545,4,2297,13089,22157,"Scuola secondaria di 2Âº grado (diploma di istruzione liceale, diploma di istruzione tecnica, diploma di istruzione professionale)",Laurea specialistica,1,3,4,3,4,4,3,4,4,2,4,5,7,5,7,6,7,7,6,7,7,7,1,1,0.000957953,0.000969,0.00086,0.00081,0.001126,0.001204491,0.001092811,0.001025973,2,1,0.00256,0.022301,0.022941,0.056604,0.002575,0.024443,0.025315,0.061467,5,0.874107578,0.79750908,0.790164065,0.790205279,0.448784427,0.189711069,2.06E-05,0.808756582,0.973232968,2.69E-10,0.910331984,0.089602552,2,0,1,1,0,0,1,1,0,1,0.887235138,0.798260916,0.795142485,0.786973112,0.488637934,0.189750725,2.07E-05,0.808769444,0.97320195,2.64E-10,0.911909145,0.088019952,1,0,0,1,0,0,1,1,1,1,0,2,0,0,1
27,31,0,0,0,4,1,4,0.010026511,0.071606739,0.915659907,0.002706842,0.915659907,0.010026511,0.071606739,0.002706842,NaN,NaN,NaN,NaN,NaN,NaN,NaN,NaN,NaN,NaN,NaN,NaN,NaN,NaN,NaN,NaN,NaN,NaN,27,31,1,2,3,4,4,4,5,3,5,6,7,8,5,4,4,3,3,5,0.166666667,2,3,5,0.166666667,2,2204,15922,18811,Laurea triennale,Laurea triennale,2,3,1,3,2,3,3,2,3,3,3,5,5,5,7,6,7,5,5,5,7,5,0,0,0.000306152,0.000351,0.000308,0.000275,0.000352,0.000455359,0.000410313,0.000367235,0,0,0.000306,0.000351,0.000308,0.000275,0.000352,0.000455,0.00041,0.000367,0,0.887138241,0.796215566,0.793438734,0.793426012,0.498844863,1,0.995908936,1.52E-11,2.29E-05,0.000245866,1.64E-10,0.999754133,0,0,0,0,0,0,1,1,1,0,0.897630619,0.797953895,0.796047082,0.795696735,0.522902771,1,0.995943798,1.52E-11,2.25E-05,0.000246092,1.74E-10,0.999753908,0,0,0,0,0,0,1,1,1,1,0,1,0,0,1
27,33,3,0,1,4,1,3,0.232710978,0.187015799,0.000400471,0.579872752,0.010026511,0.002706842,0.071606739,0.915659907,NaN,NaN,NaN,NaN,NaN,NaN,NaN,NaN,NaN,NaN,NaN,NaN,NaN,NaN,NaN,NaN,NaN,NaN,27,33,1,2,3,4,1,5,1,5,5,6,7,8,1,1,5,5,1,5,1.777777778,4,1,5,1.777777778,4,2199,15140,15654,Laurea specialistica,Laurea specialistica,2,1,4,2,4,4,2,4,1,4,4,5,7,8,7,8,8,7,8,8,8,8,0,0,0.000306152,0.000351,0.000308,0.000275,0.000352,0.000455359,0.000410313,0.000367235,1,1,0.001107,0.007361,0.006785,0.007864,0.001221,0.009058,0.008537,0.00985,3,0.890171378,0.796512331,0.792407211,0.792486516,0.480972509,0.547951362,0.005489897,0.451258892,0.941744515,1.93E-06,0.688143939,0.31180465,1,0,1,1,0,0,1,1,0,0,0.899116397,0.798261758,0.797564226,0.798371181,0.480995445,0.547838921,0.005508936,0.451399377,0.941706873,1.96E-06,0.683429619,0.316515286,0,0,0,0,0,0,1,1,1,2,0,2,0,0,0
27,34,0,1,1,4,1,1,0.071606739,0.915659907,0.010026511,0.002706842,0.05739948,0.723287369,0.086983114,0.132330037,NaN,NaN,NaN,NaN,NaN,NaN,NaN,NaN,NaN,NaN,NaN,NaN,NaN,NaN,NaN,NaN,NaN,NaN,27,34,1,2,3,4,4,5,4,4,5,6,7,8,4,4,5,4,4,5,0.058823529,1,4,5,0.058823529,1,NaN,NaN,NaN,,,2,1,1,2,2,3,2,2,1,2,2,6,5,8,6,6,7,6,6,8,6,6,1,1,0.000693828,0.00159,0.001395,0.001327,0.000752,0.001852859,0.001653838,0.001554939,0,0,0.000306,0.000351,0.000308,0.000275,0.000352,0.000455,0.00041,0.000367,0,0.89920837,0.799527005,0.797852205,0.779980765,0.5011577,1,0.99999966,3.51E-14,5.39E-11,0.999042559,5.05E-16,0.000957441,0,0,0,0,0,0,1,1,1,1,0.86862442,0.785216713,0.783900029,0.784435529,0.38686513,1,0.999999663,3.51E-14,5.32E-11,0.999042646,5.41E-16,0.000957354,1,0,0,0,0,0,0,0,1,3,0,9,3,0,1
27,35,1,8,1,4,1,2,0.101531796,0.796442413,0.101048593,0.000977198,0.305223476,0.31847008,0.376005391,0.000301053,NaN,NaN,NaN,NaN,NaN,NaN,NaN,NaN,NaN,NaN,NaN,NaN,NaN,NaN,NaN,NaN,NaN,NaN,27,35,1,2,3,4,5,5,4,1,5,6,7,8,5,5,5,1,1,5,0.955555556,4,1,5,1,4,2091,12291,14053,"Scuola secondaria di 2Âº grado (diploma di istruzione liceale, diploma di istruzione tecnica, diploma di istruzione professionale)",Scuola secondaria di 1Âº grado (Licenza media),2,3,1,2,2,3,2,2,1,2,2,5,5,5,6,6,7,6,5,7,7,7,4,3,0.050472327,0.050472,0.050472,0.050472,0.061277,0.06127748,0.06127748,0.06127748,1,1,0.000958,0.000969,0.00086,0.00081,0.001126,0.001204,0.001093,0.001026,1,0.893901399,0.797799915,0.794019266,0.778798427,0.517007206,1,0.99999758,1.01E-13,3.84E-10,0.991174449,1.31E-14,0.008825551,1,0,0,1,0,0,1,1,1,8,0.325334457,0.60931315,0.557707699,0.564278298,0.316954496,1,0.9999976,1.01E-13,3.79E-10,0.991176376,1.40E-14,0.008823624,3,2,1,3,1,0,1,1,0,2,0,3,0,0,0
27,36,1,1,1,4,1,4,0.101048593,0.796442413,0.000977198,0.101531796,0.723287369,0.132330037,0.086983114,0.05739948,NaN,NaN,NaN,NaN,NaN,NaN,NaN,NaN,NaN,NaN,NaN,NaN,NaN,NaN,NaN,NaN,NaN,NaN,27,36,1,2,3,4,3,4,1,2,5,6,7,8,4,3,1,2,1,4,0.666666667,3,1,4,0.666666667,3,2267,16334,20308,Laurea specialistica,Scuola secondaria di 1Âº grado (Licenza media),2,1,1,2,2,4,2,2,4,2,2,5,5,5,7,6,8,5,5,5,6,5,1,1,0.000693828,0.00159,0.001395,0.001327,0.000752,0.001852859,0.001653838,0.001554939,1,1,0.000958,0.000969,0.00086,0.00081,0.001126,0.001204,0.001093,0.001026,1,0.891200044,0.796155946,0.793784848,0.792273845,0.485707664,0.999999999,0.999937159,2.64E-10,1.41E-07,0.939922373,1.20E-10,0.060077627,1,0,0,1,0,0,1,1,1,1,0.894380408,0.797395056,0.795008641,0.794810742,0.474786857,0.999999999,0.999937564,2.64E-10,1.40E-07,0.939938168,1.26E-10,0.060061832,1,0,0,0,0,0,0,0,1,1,0,0,0,1,1
27,37,0,0,0,4,1,3,0.071606739,0.915659907,0.010026511,0.002706842,0.915659907,0.010026511,0.071606739,0.002706842,NaN,NaN,NaN,NaN,NaN,NaN,NaN,NaN,NaN,NaN,NaN,NaN,NaN,NaN,NaN,NaN,NaN,NaN,27,37,1,2,3,4,5,3,4,4,5,6,7,8,4,5,5,3,3,5,0.166666667,2,3,5,0.215686275,2,2204,15922,18811,Laurea triennale,Laurea triennale,2,1,1,2,2,3,2,2,1,2,2,5,5,5,7,6,7,5,5,5,7,5,0,0,0.000306152,0.000351,0.000308,0.000275,0.000352,0.000455359,0.000410313,0.000367235,0,0,0.000306,0.000351,0.000308,0.000275,0.000352,0.000455,0.00041,0.000367,0,0.89920837,0.799527005,0.797852205,0.779980765,0.5011577,1,0.99999966,3.51E-14,5.39E-11,0.999042559,5.05E-16,0.000957441,0,0,0,0,0,0,1,1,1,0,0.897630619,0.797953895,0.796047082,0.795696735,0.522902771,1,0.999999663,3.51E-14,5.32E-11,0.999042646,5.41E-16,0.000957354,0,0,0,0,0,0,1,1,1,7,3,5,2,0,0
27,38,0,0,1,4,1,3,0.915659907,0.071606739,0.002706842,0.010026511,0.915659907,0.071606739,0.002706842,0.010026511,NaN,NaN,NaN,NaN,NaN,NaN,NaN,NaN,NaN,NaN,NaN,NaN,NaN,NaN,NaN,NaN,NaN,NaN,27,38,1,2,3,4,5,4,5,1,5,6,7,8,4,5,2,2,1,5,0.955555556,4,2,5,0.692307692,3,2208,17326,16467,Laurea specialistica,"Scuola secondaria di 2Âº grado (diploma di istruzione liceale, diploma di istruzione tecnica, diploma di istruzione professionale)",1,1,1,2,2,4,1,1,1,2,1,5,5,5,6,6,8,5,5,5,6,5,0,0,0.000306152,0.000351,0.000308,0.000275,0.000352,0.000455359,0.000410313,0.000367235,0,0,0.000306,0.000351,0.000308,0.000275,0.000352,0.000455,0.00041,0.000367,0,0.898788368,0.798550063,0.79826998,0.798178304,0.504072501,1,0.999990495,4.67E-13,1.97E-09,0.983345455,1.17E-13,0.016654545,0,0,0,0,0,0,1,1,1,0,0.899376629,0.799427965,0.797364969,0.797356977,0.504583747,1,0.999990573,4.68E-13,1.96E-09,0.983348197,1.03E-13,0.016651803,0,0,0,0,0,0,1,1,1,5,2,3,1,0,0
28,2,11,10,1,4,1,1,0.276163947,0.354174399,0.278787342,0.090874311,0.233644085,0.146525901,0.338572911,0.281257103,NaN,NaN,NaN,NaN,NaN,NaN,NaN,NaN,NaN,NaN,NaN,NaN,NaN,NaN,NaN,NaN,NaN,NaN,28,2,1,2,3,4,2,5,5,4,5,6,7,8,2,5,4,4,2,5,0.5,3,2,5,0.422222222,3,2125,13945,14617,"Scuola secondaria di 2Âº grado (diploma di istruzione liceale, diploma di istruzione tecnica, diploma di istruzione professionale)","Scuola secondaria di 2Âº grado (diploma di istruzione liceale, diploma di istruzione tecnica, diploma di istruzione professionale)",1,3,1,3,4,3,1,2,3,2,2,5,7,8,7,8,8,6,8,7,7,5,5,3,0.264142056,0.264142,0.264142,0.264142,0.269542,0.269541779,0.269541779,0.269541779,5,4,0.104602,0.104602,0.104602,0.104602,0.114425,0.114425,0.114425,0.114425,11,0.265204455,0.401131423,0.382598477,0.380752563,0.224635982,0.999999997,0.982670512,5.05E-11,2.01E-06,0.007861241,4.87E-10,0.992138759,5,3,1,3,1,0,1,1,0,10,0.225230203,0.40869204,0.31510835,0.31736229,0.218603935,0.999999997,0.982796128,5.06E-11,1.98E-06,0.007866596,5.08E-10,0.992133403,4,2,3,3,1,1,1,1,0,3,1,7,3,0,0
28,3,0,3,0,4,1,0,0.915659907,0.002706842,0.010026511,0.071606739,0.000400471,0.579872752,0.187015799,0.232710978,NaN,NaN,NaN,NaN,NaN,NaN,NaN,NaN,NaN,NaN,NaN,NaN,NaN,NaN,NaN,NaN,NaN,NaN,28,3,1,2,3,4,5,1,1,1,5,6,7,8,1,5,5,5,1,5,2,4,1,5,1,4,2326,14754,16886,Laurea specialistica,Laurea specialistica,1,1,1,3,4,4,1,1,1,4,1,6,7,8,6,6,7,6,8,7,6,6,1,1,0.001106908,0.007361,0.006785,0.007864,0.001221,0.009058014,0.008536963,0.009850282,0,0,0.000306,0.000351,0.000308,0.000275,0.000352,0.000455,0.00041,0.000367,0,0.896702235,0.795735299,0.792429422,0.79242954,0.500000788,0.999999873,0.914406431,5.03E-08,0.000316807,0.002485474,4.44E-07,0.997514079,0,0,0,0,0,0,1,1,1,3,0.860769644,0.785619223,0.780213919,0.78099313,0.517414132,0.999999874,0.914949431,5.04E-08,0.000315036,0.00248709,3.75E-07,0.997512532,1,0,1,1,0,0,1,1,0,3,0,3,0,0,1
28,4,0,0,1,4,1,3,0.915659907,0.071606739,0.010026511,0.002706842,0.915659907,0.071606739,0.002706842,0.010026511,NaN,NaN,NaN,NaN,NaN,NaN,NaN,NaN,NaN,NaN,NaN,NaN,NaN,NaN,NaN,NaN,NaN,NaN,28,4,1,2,3,4,5,3,2,1,5,6,7,8,4,3,1,2,1,5,1.060606061,4,1,4,0.666666667,3,2075,15563,16545,"Scuola secondaria di 2Âº grado (diploma di istruzione liceale, diploma di istruzione tecnica, diploma di istruzione professionale)","Scuola secondaria di 2Âº grado (diploma di istruzione liceale, diploma di istruzione tecnica, diploma di istruzione professionale)",1,1,1,2,2,3,1,1,1,2,1,5,5,5,6,6,8,5,5,5,6,5,0,0,0.000306152,0.000351,0.000308,0.000275,0.000352,0.000455359,0.000410313,0.000367235,0,0,0.000306,0.000351,0.000308,0.000275,0.000352,0.000455,0.00041,0.000367,0,0.899555009,0.799529066,0.799230456,0.799061092,0.549426574,1,0.999999424,8.38E-15,1.20E-10,0.993718325,1.14E-15,0.006281675,0,0,0,0,0,0,1,1,1,0,0.899376629,0.799427965,0.797364969,0.797356977,0.504583747,1,0.999999429,8.41E-15,1.19E-10,0.993719185,1.03E-15,0.006280815,0,0,0,0,0,0,1,1,1,0,0,0,0,1,1
28,5,8,5,1,4,1,4,0.270549152,0.430801341,0.221490923,0.077158584,0.148970585,0.465363819,0.337760278,0.047905318,NaN,NaN,NaN,NaN,NaN,NaN,NaN,NaN,NaN,NaN,NaN,NaN,NaN,NaN,NaN,NaN,NaN,NaN,28,5,1,2,3,4,5,5,1,1,5,6,7,8,4,1,4,4,1,5,1.777777778,4,1,4,0.692307692,3,2779,15831,18620,Scuola primaria (Licenza elementare),Scuola primaria (Licenza elementare),1,1,4,2,2,3,3,2,1,2,2,5,7,8,6,6,7,6,6,7,6,7,2,2,0.006549687,0.015764,0.015539,0.022999,0.007361,0.018002243,0.017922379,0.026258429,4,3,0.104602,0.104602,0.104602,0.104602,0.114425,0.114425,0.114425,0.114425,8,0.395807617,0.699080813,0.670526084,0.658809727,0.335131649,1,0.999926616,7.72E-12,2.99E-08,0.637242349,3.02E-11,0.362757651,4,1,1,1,0,0,0,0,0,5,0.74440127,0.760861666,0.756979466,0.760871931,0.445848662,1,0.99992707,7.72E-12,2.96E-08,0.637335582,3.30E-11,0.362664418,2,1,2,0,0,3,0,0,1,2,0,9,3,0,0
28,6,1,0,1,4,1,3,0.101048593,0.796442413,0.101531796,0.000977198,0.010026511,0.915659907,0.071606739,0.002706842,NaN,NaN,NaN,NaN,NaN,NaN,NaN,NaN,NaN,NaN,NaN,NaN,NaN,NaN,NaN,NaN,NaN,NaN,28,6,1,2,3,4,3,5,2,1,5,6,7,8,3,5,2,1,1,5,1.060606061,4,1,5,1.060606061,4,2249,14848,13278,"Scuola secondaria di 2Âº grado (diploma di istruzione liceale, diploma di istruzione tecnica, diploma di istruzione professionale)",Laurea triennale,2,1,1,2,2,3,2,2,3,2,2,6,7,5,6,6,7,6,6,7,6,6,0,0,0.000306152,0.000351,0.000308,0.000275,0.000352,0.000455359,0.000410313,0.000367235,1,1,0.000958,0.000969,0.00086,0.00081,0.001126,0.001204,0.001093,0.001026,1,0.893905243,0.797840438,0.791685888,0.775938021,0.514852963,1,0.99999778,8.29E-14,3.83E-10,0.991174449,9.31E-15,0.008825551,1,0,0,1,0,0,1,1,1,0,0.897355818,0.798026291,0.797209173,0.797269583,0.508980094,1,0.999997798,8.29E-14,3.77E-10,0.991176376,9.87E-15,0.008823624,0,0,0,0,0,0,1,1,1,1,0,2,1,0,1
28,7,0,8,1,4,1,3,0.915659907,0.071606739,0.002706842,0.010026511,0.375963239,0.174684874,0.167678089,0.281673798,NaN,NaN,NaN,NaN,NaN,NaN,NaN,NaN,NaN,NaN,NaN,NaN,NaN,NaN,NaN,NaN,NaN,NaN,28,7,1,2,3,4,5,4,1,4,5,6,7,8,5,4,5,5,1,5,0.857142857,4,4,5,0.052631579,1,2199,13394,13520,"Scuola secondaria di 2Âº grado (diploma di istruzione liceale, diploma di istruzione tecnica, diploma di istruzione professionale)","Scuola secondaria di 2Âº grado (diploma di istruzione liceale, diploma di istruzione tecnica, diploma di istruzione professionale)",1,1,1,2,2,4,1,1,1,2,1,5,5,5,7,8,8,5,6,5,7,8,4,3,0.052765352,0.207538,0.207538,0.207538,0.052802,0.213352685,0.213352685,0.213352685,0,0,0.000306,0.000351,0.000308,0.000275,0.000352,0.000455,0.00041,0.000367,0,0.898788368,0.798550063,0.79826998,0.798178304,0.504072501,1,0.999990495,4.67E-13,1.97E-09,0.983345455,1.17E-13,0.016654545,0,0,0,0,0,0,1,1,1,8,0.230470048,0.50256667,0.350099134,0.354020354,0.250533373,1,0.999990573,4.68E-13,1.96E-09,0.983348197,1.03E-13,0.016651803,3,1,3,2,1,1,1,1,0,1,0,3,0,0,1
28,8,0,0,1,4,1,3,0.915659907,0.071606739,0.010026511,0.002706842,0.071606739,0.002706842,0.915659907,0.010026511,NaN,NaN,NaN,NaN,NaN,NaN,NaN,NaN,NaN,NaN,NaN,NaN,NaN,NaN,NaN,NaN,NaN,NaN,28,8,1,2,3,4,5,5,5,5,5,6,7,8,3,2,5,4,5,5,0,0,2,5,0.476190476,3,2211,14353,NaN,Laurea triennale,"Scuola secondaria di 2Âº grado (diploma di istruzione liceale, diploma di istruzione tecnica, diploma di istruzione professionale)",1,1,1,2,2,3,1,1,1,2,1,5,7,5,7,8,7,7,5,7,7,7,0,0,0.000306152,0.000351,0.000308,0.000275,0.000352,0.000455359,0.000410313,0.000367235,0,0,0.000306,0.000351,0.000308,0.000275,0.000352,0.000455,0.00041,0.000367,0,0.899555009,0.799529066,0.799230456,0.799061092,0.549426574,1,0.999999424,8.38E-15,1.20E-10,0.993718325,1.14E-15,0.006281675,0,0,0,0,0,0,1,1,1,0,0.895455717,0.798959481,0.798495248,0.791134676,0.490583768,1,0.999999429,8.41E-15,1.19E-10,0.993719185,1.03E-15,0.006280815,0,0,0,0,0,0,1,1,1,6,0,2,1,0,1
28,9,4,0,1,4,1,1,0.499254044,0.499502525,0.000745539,0.000497891,0.071606739,0.915659907,0.002706842,0.010026511,NaN,NaN,NaN,NaN,NaN,NaN,NaN,NaN,NaN,NaN,NaN,NaN,NaN,NaN,NaN,NaN,NaN,NaN,28,9,1,2,3,4,4,5,5,3,5,6,7,8,4,5,3,4,3,5,0.215686275,2,3,5,0.166666667,2,2776,14968,15595,Laurea triennale,Laurea triennale,1,1,1,2,2,3,1,2,1,2,2,6,5,5,6,6,8,6,6,5,6,6,0,0,0.000306152,0.000351,0.000308,0.000275,0.000352,0.000455359,0.000410313,0.000367235,2,2,0.002905,0.003386,0.003071,0.003098,0.003666,0.004387,0.00408,0.004118,4,0.876172475,0.795397527,0.791145078,0.780512036,0.518535754,1,0.999999559,1.61E-14,4.70E-11,0.997544712,6.12E-16,0.002455288,1,1,1,1,1,1,1,1,0,0,0.898982328,0.798860794,0.798608006,0.798633227,0.489002097,1,0.999999563,1.61E-14,4.64E-11,0.997544991,6.56E-16,0.002455009,0,0,0,0,0,0,1,1,1,4,1,1,0,0,1
28,10,5,8,1,4,1,2,0.347155361,0.483113246,0.169381669,0.000349724,0.376279849,0.222930411,0.064160145,0.336629595,NaN,NaN,NaN,NaN,NaN,NaN,NaN,NaN,NaN,NaN,NaN,NaN,NaN,NaN,NaN,NaN,NaN,NaN,28,10,1,2,3,4,5,5,3,2,5,6,7,8,4,2,3,5,2,5,0.6,3,2,5,0.476190476,3,2093,11647,13625,Scuola secondaria di 1Âº grado (Licenza media),Scuola secondaria di 1Âº grado (Licenza media),2,1,1,2,2,3,2,2,1,3,1,5,5,5,7,8,8,5,8,5,8,6,4,2,0.104602065,0.104602,0.104602,0.104602,0.114425,0.114424833,0.114424833,0.114424833,2,2,0.009316,0.010101,0.009699,0.011409,0.011178,0.012377,0.012055,0.014129,5,0.862342503,0.793764825,0.770125616,0.706183264,0.498661537,1,0.999997602,1.03E-13,8.76E-10,0.977642974,4.00E-14,0.022357026,1,1,2,1,1,1,1,1,0,8,0.256310689,0.664936675,0.555457943,0.3304677,0.359573929,1,0.999997622,1.03E-13,8.65E-10,0.977648303,4.12E-14,0.022351697,1,3,3,1,1,2,1,1,0,1,0,3,1,0,0
29,1,7,5,0,4,2,7,0.212746063,0.303687166,0.420894601,0.06267217,0.045782784,0.548549669,0.1224219,0.283245647,NaN,NaN,NaN,NaN,NaN,NaN,NaN,NaN,NaN,NaN,NaN,NaN,NaN,NaN,NaN,NaN,NaN,NaN,29,1,1,2,3,4,4,5,5,5,5,6,7,8,5,5,5,4,4,5,0.052631579,1,4,5,0.052631579,1,2663,14761,15951,Laurea specialistica,"Scuola secondaria di 2Âº grado (diploma di istruzione liceale, diploma di istruzione tecnica, diploma di istruzione professionale)",2,3,4,3,2,3,1,2,3,2,3,6,5,8,6,6,8,6,8,7,6,6,3,2,0.019469538,0.01947,0.019672,0.019672,0.021729,0.021728649,0.022186591,0.022186591,3,2,0.017557,0.110585,0.110585,0.110585,0.018293,0.119837,0.119837,0.119837,7,0.418743569,0.654529278,0.460063181,0.457252442,0.381828482,0.999999996,0.979063059,1.48E-10,2.15E-05,0.001364844,1.20E-09,0.998635155,3,0,2,2,0,1,1,1,0,5,0.520649007,0.698221652,0.662535796,0.66777467,0.390305173,0.999999996,0.97919316,1.48E-10,2.12E-05,0.00136594,1.24E-09,0.998634058,3,0,1,2,0,0,1,1,0,3,0,7,1,0,0
29,2,0,0,1,4,2,3,0.071606739,0.915659907,0.002706842,0.010026511,0.002706842,0.071606739,0.915659907,0.010026511,NaN,NaN,NaN,NaN,NaN,NaN,NaN,NaN,NaN,NaN,NaN,NaN,NaN,NaN,NaN,NaN,NaN,NaN,29,2,1,2,3,4,4,5,1,1,5,6,7,8,1,1,5,3,1,5,1.545454545,4,1,5,1.466666667,4,2802,14137,17571,"Scuola secondaria di 2Âº grado (diploma di istruzione liceale, diploma di istruzione tecnica, diploma di istruzione professionale)","Scuola secondaria di 2Âº grado (diploma di istruzione liceale, diploma di istruzione tecnica, diploma di istruzione professionale)",2,1,1,2,2,4,2,2,1,2,2,6,7,8,7,6,7,7,6,7,7,7,0,0,0.000306152,0.000351,0.000308,0.000275,0.000352,0.000455359,0.000410313,0.000367235,0,0,0.000306,0.000351,0.000308,0.000275,0.000352,0.000455,0.00041,0.000367,0,0.898465058,0.799027736,0.798302045,0.79063163,0.499681915,1,0.999994396,1.95E-12,8.89E-10,0.997438886,5.27E-14,0.002561114,0,0,0,0,0,0,1,1,1,0,0.899032073,0.799495974,0.798733223,0.79879813,0.487653354,1,0.999994434,1.95E-12,8.79E-10,0.997439193,5.43E-14,0.002560807,0,0,0,0,0,0,1,1,1,1,0,3,1,0,1
29,3,7,4,1,4,2,5,0.43119704,0.297907016,0.210130491,0.060765453,0.060604973,0.172121066,0.552346983,0.214926978,NaN,NaN,NaN,NaN,NaN,NaN,NaN,NaN,NaN,NaN,NaN,NaN,NaN,NaN,NaN,NaN,NaN,NaN,29,3,1,2,3,4,4,4,3,1,5,6,7,8,4,3,4,3,1,4,0.666666667,3,3,4,0.095238095,1,2663,13588,13665,Laurea triennale,Laurea specialistica,1,3,1,3,2,4,1,1,1,2,2,5,7,8,7,6,8,7,6,7,7,7,2,2,0.002506334,0.021473,0.022494,0.022494,0.002578,0.023612653,0.025096525,0.025096525,3,3,0.017557,0.110585,0.110585,0.110585,0.018293,0.119837,0.119837,0.119837,7,0.5350369,0.705278074,0.701301013,0.700905435,0.347665165,1,0.999590743,3.62E-12,5.28E-08,0.406170165,2.63E-11,0.593829835,3,2,2,1,0,3,0,0,1,4,0.845246557,0.7908377,0.789407239,0.789678076,0.387797618,1,0.999594074,3.62E-12,5.23E-08,0.406273148,2.51E-11,0.593726852,3,1,0,1,0,0,0,0,1,3,1,6,2,0,0
29,4,6,11,1,4,2,3,0.442290829,0.412316996,0.1450415,0.000350676,0.329734332,0.275371967,0.262508576,0.132385124,NaN,NaN,NaN,NaN,NaN,NaN,NaN,NaN,NaN,NaN,NaN,NaN,NaN,NaN,NaN,NaN,NaN,NaN,29,4,1,2,3,4,4,5,4,1,5,6,7,8,3,5,3,4,1,5,0.857142857,4,3,5,0.244444444,2,2628,12531,16229,"Scuola secondaria di 2Âº grado (diploma di istruzione liceale, diploma di istruzione tecnica, diploma di istruzione professionale)","Scuola secondaria di 2Âº grado (diploma di istruzione liceale, diploma di istruzione tecnica, diploma di istruzione professionale)",1,1,1,2,2,3,2,2,1,3,1,5,7,5,6,8,8,5,6,5,6,7,6,4,0.264142056,0.264142,0.264142,0.264142,0.269542,0.269541779,0.269541779,0.269541779,3,3,0.009316,0.010101,0.009699,0.011409,0.011178,0.012377,0.012055,0.014129,6,0.756754293,0.782754094,0.767047174,0.727768198,0.534393243,1,0.999997175,8.28E-14,1.03E-09,0.964647242,5.13E-14,0.035352758,3,0,2,3,0,1,1,1,0,11,0.21978361,0.404605443,0.282915784,0.301342041,0.202981614,1,0.9999972,8.29E-14,1.02E-09,0.964655959,5.28E-14,0.035344041,5,2,3,2,0,2,0,0,0,2,0,6,2,0,0
29,5,0,0,1,4,2,4,0.071606739,0.915659907,0.002706842,0.010026511,0.002706842,0.010026511,0.915659907,0.071606739,NaN,NaN,NaN,NaN,NaN,NaN,NaN,NaN,NaN,NaN,NaN,NaN,NaN,NaN,NaN,NaN,NaN,NaN,29,5,1,2,3,4,5,5,1,2,5,6,7,8,1,4,5,3,1,5,1.307692308,4,1,5,0.897435897,4,2904,11067,12024,"Scuola secondaria di 2Âº grado (diploma di istruzione liceale, diploma di istruzione tecnica, diploma di istruzione professionale)","Scuola secondaria di 2Âº grado (diploma di istruzione liceale, diploma di istruzione tecnica, diploma di istruzione professionale)",2,1,1,2,2,4,2,2,1,2,2,6,7,8,7,8,7,7,8,7,7,7,0,0,0.000306152,0.000351,0.000308,0.000275,0.000352,0.000455359,0.000410313,0.000367235,0,0,0.000306,0.000351,0.000308,0.000275,0.000352,0.000455,0.00041,0.000367,0,0.898465058,0.799027736,0.798302045,0.79063163,0.499681915,1,0.999994396,1.95E-12,8.89E-10,0.997438886,5.27E-14,0.002561114,0,0,0,0,0,0,1,1,1,0,0.899259628,0.799366178,0.799054432,0.799247696,0.484790148,1,0.999994434,1.95E-12,8.79E-10,0.997439193,5.43E-14,0.002560807,0,0,0,0,0,0,1,1,1,1,0,2,1,0,1
29,6,10,11,0,4,2,2,0.129448228,0.201029059,0.313094225,0.356428489,0.329755303,0.23640768,0.23640768,0.197429337,NaN,NaN,NaN,NaN,NaN,NaN,NaN,NaN,NaN,NaN,NaN,NaN,NaN,NaN,NaN,NaN,NaN,NaN,29,6,1,2,3,4,5,5,5,5,5,6,7,8,5,5,5,5,5,5,0,0,5,5,0,0,2779,15831,18620,Scuola primaria (Licenza elementare),Scuola primaria (Licenza elementare),1,1,4,2,4,3,3,2,4,3,4,5,7,5,6,6,7,5,6,5,7,8,6,4,1,1,1,1,1,1,1,1,6,4,0.264142,0.264142,0.264142,0.264142,0.269542,0.269542,0.269542,0.269542,10,0.22305543,0.578418668,0.379220086,0.38187908,0.223667079,0.999762308,0.1588218,0.000234806,0.431864979,2.97E-06,0.001057529,0.99893942,6,1,2,2,0,1,0,0,0,11,0.218980755,0.357216002,0.274172452,0.301032166,0.205897543,0.999762234,0.159889036,0.000234935,0.429906179,2.98E-06,0.00118834,0.99880859,4,3,3,3,0,1,0,1,0,9,0,7,0,0,0
29,7,8,10,0,4,2,2,0.165988921,0.173163537,0.303536612,0.35731093,0.256346246,0.300602162,0.137373071,0.305678521,NaN,NaN,NaN,NaN,NaN,NaN,NaN,NaN,NaN,NaN,NaN,NaN,NaN,NaN,NaN,NaN,NaN,NaN,29,7,1,2,3,4,3,5,2,5,5,6,7,8,3,4,5,5,2,5,0.6,3,3,5,0.215686275,2,NaN,NaN,NaN,,,2,1,1,3,4,4,3,2,4,4,3,6,7,8,6,8,7,6,5,5,6,8,6,4,0.264142056,0.264142,0.264142,0.264142,0.269542,0.269541779,0.269541779,0.269541779,4,4,0.052765,0.207538,0.207538,0.207538,0.052802,0.213353,0.213353,0.213353,8,0.424470076,0.727293738,0.714308104,0.714313771,0.246544628,0.999762542,0.12276215,0.000229892,0.419787434,2.98E-06,0.000916362,0.999076567,3,2,2,1,0,1,0,0,0,10,0.210946256,0.310614679,0.233862982,0.331302484,0.209507386,0.999762702,0.123699593,0.000229945,0.417861296,2.98E-06,0.000887062,0.99910554,5,1,3,2,0,2,0,1,0,5,2,4,1,0,0
29,8,8,8,0,4,2,6,0.149044086,0.2845761,0.333658764,0.232721049,0.217833144,0.205949104,0.324144884,0.252072867,NaN,NaN,NaN,NaN,NaN,NaN,NaN,NaN,NaN,NaN,NaN,NaN,NaN,NaN,NaN,NaN,NaN,NaN,29,8,1,2,3,4,4,4,4,4,5,6,7,8,4,4,4,4,4,4,0,0,4,4,0,0,3038,12695,14546,,,1,1,4,3,2,4,3,2,4,2,3,5,7,5,6,8,8,6,5,7,8,7,5,4,0.008431472,0.072006,0.186683,0.186683,0.008098,0.07436182,0.19265144,0.19265144,5,4,0.052765,0.207538,0.207538,0.207538,0.052802,0.213353,0.213353,0.213353,8,0.234649717,0.380307244,0.306624779,0.30654799,0.205775801,0.999999255,0.810253019,4.59E-07,0.009262661,0.000118788,2.22E-06,0.999878978,3,2,2,1,0,1,0,0,0,8,0.228553423,0.426240762,0.272013817,0.300395805,0.20105543,0.99999926,0.811069547,4.58E-07,0.009166674,0.000118892,2.28E-06,0.99987882,2,2,2,0,0,0,0,0,0,6,0,6,0,0,0
29,9,9,9,1,4,2,6,0.252097488,0.350322966,0.129196161,0.268383386,0.242305315,0.077514352,0.291352403,0.38882793,NaN,NaN,NaN,NaN,NaN,NaN,NaN,NaN,NaN,NaN,NaN,NaN,NaN,NaN,NaN,NaN,NaN,NaN,29,9,1,2,3,4,5,5,4,1,5,6,7,8,4,5,4,5,1,5,0.955555556,4,4,5,0.074074074,1,2543,12590,13524,"Scuola secondaria di 2Âº grado (diploma di istruzione liceale, diploma di istruzione tecnica, diploma di istruzione professionale)",Laurea triennale,2,3,4,2,4,3,2,1,1,4,2,5,7,8,6,8,7,5,5,8,7,8,5,4,0.104602065,0.104602,0.104602,0.104602,0.114425,0.114424833,0.114424833,0.114424833,6,4,0.264142,0.264142,0.264142,0.264142,0.269542,0.269542,0.269542,0.269542,9,0.23897317,0.430076808,0.325131387,0.323936414,0.235115995,0.99999887,0.761444016,5.57E-07,0.000818131,0.001765799,4.11E-06,0.998230058,5,1,2,2,0,1,0,1,0,9,0.220284653,0.364495911,0.332972971,0.435316223,0.20676627,0.999998879,0.76230519,5.59E-07,0.000813922,0.001767094,3.99E-06,0.99822888,4,1,2,2,0,1,0,0,0,5,0,7,1,0,0
29,10,8,9,1,4,2,0,0.221577038,0.320042685,0.256873655,0.201506623,0.417129741,0.275322449,0.184728505,0.122819304,NaN,NaN,NaN,NaN,NaN,NaN,NaN,NaN,NaN,NaN,NaN,NaN,NaN,NaN,NaN,NaN,NaN,NaN,29,10,1,2,3,4,5,4,5,2,5,6,7,8,4,4,2,3,2,5,0.5,3,2,4,0.282051282,2,2539,14121,13656,"Scuola secondaria di 2Âº grado (diploma di istruzione liceale, diploma di istruzione tecnica, diploma di istruzione professionale)",Laurea specialistica,2,1,1,3,2,4,2,2,1,4,3,5,7,5,7,8,8,5,5,5,6,6,4,3,0.052765352,0.207538,0.207538,0.207538,0.052802,0.213352685,0.213352685,0.213352685,5,3,0.052765,0.207538,0.207538,0.207538,0.052802,0.213353,0.213353,0.213353,8,0.250878583,0.452461697,0.396259825,0.364143465,0.298317667,0.999999995,0.998921451,3.60E-09,2.65E-05,0.042176851,2.51E-08,0.957823124,2,2,3,0,0,1,0,0,0,9,0.312714602,0.637585167,0.61263819,0.608722625,0.229053146,0.999999995,0.998929286,3.60E-09,2.61E-05,0.042200071,2.42E-08,0.957799904,4,3,2,2,0,3,0,1,1,7,3,1,0,0,0
29,11,0,1,0,4,2,7,0.002706842,0.071606739,0.010026511,0.915659907,0.05739948,0.086983114,0.723287369,0.132330037,NaN,NaN,NaN,NaN,NaN,NaN,NaN,NaN,NaN,NaN,NaN,NaN,NaN,NaN,NaN,NaN,NaN,NaN,29,11,1,2,3,4,1,3,2,4,5,6,7,8,2,3,5,3,1,4,0.666666667,3,2,5,0.487179487,3,2841,16306,17894,Laurea specialistica,"Scuola secondaria di 2Âº grado (diploma di istruzione liceale, diploma di istruzione tecnica, diploma di istruzione professionale)",2,3,4,2,4,4,2,4,4,4,4,5,7,8,7,6,7,7,8,7,7,7,1,1,0.000693828,0.00159,0.001395,0.001327,0.000752,0.001852859,0.001653838,0.001554939,0,0,0.000306,0.000351,0.000308,0.000275,0.000352,0.000455,0.00041,0.000367,0,0.899193323,0.799722883,0.799169438,0.799178538,0.487675641,0.003100637,5.13E-06,0.995334411,0.996018099,4.45E-11,0.998263016,0.001665198,0,0,0,0,0,0,1,1,1,1,0.886976977,0.796051296,0.794806553,0.794945647,0.392596109,0.003100356,5.15E-06,0.995393929,0.996014586,4.46E-11,0.998255347,0.001667037,1,0,0,0,0,0,0,0,1,0,0,3,1,1,1
29,12,0,0,0,4,2,6,0.010026511,0.002706842,0.071606739,0.915659907,0.002706842,0.071606739,0.010026511,0.915659907,NaN,NaN,NaN,NaN,NaN,NaN,NaN,NaN,NaN,NaN,NaN,NaN,NaN,NaN,NaN,NaN,NaN,NaN,29,12,1,2,3,4,4,1,4,4,5,6,7,8,1,2,1,4,1,4,0.692307692,3,1,4,1,3,2843,14419,15947,"Scuola secondaria di 2Âº grado (diploma di istruzione liceale, diploma di istruzione tecnica, diploma di istruzione professionale)","Scuola secondaria di 2Âº grado (diploma di istruzione liceale, diploma di istruzione tecnica, diploma di istruzione professionale)",1,3,4,3,4,4,3,4,4,4,4,6,7,8,6,8,8,6,8,8,8,8,0,0,0.000306152,0.000351,0.000308,0.000275,0.000352,0.000455359,0.000410313,0.000367235,0,0,0.000306,0.000351,0.000308,0.000275,0.000352,0.000455,0.00041,0.000367,0,0.899577289,0.79989544,0.799435219,0.799437349,0.484898621,0.001001689,1.03E-07,0.997432241,0.998416528,4.11E-14,0.999381237,0.000546896,0,0,0,0,0,0,1,1,1,0,0.896866109,0.794115494,0.787371238,0.790166252,0.480835153,0.001001743,1.04E-07,0.997491513,0.998414546,4.12E-14,0.999375617,0.000546679,0,0,0,0,0,0,1,1,1,3,0,1,0,0,1
29,13,7,8,1,4,2,1,0.451927815,0.303655974,0.244093538,0.000322673,0.404598194,0.249383437,0.270861221,0.075157148,NaN,NaN,NaN,NaN,NaN,NaN,NaN,NaN,NaN,NaN,NaN,NaN,NaN,NaN,NaN,NaN,NaN,NaN,29,13,1,2,3,4,5,5,5,3,5,6,7,8,5,5,5,5,3,5,0.222222222,2,5,5,0,0,2540,13650,13714,"Scuola secondaria di 2Âº grado (diploma di istruzione liceale, diploma di istruzione tecnica, diploma di istruzione professionale)","Scuola secondaria di 2Âº grado (diploma di istruzione liceale, diploma di istruzione tecnica, diploma di istruzione professionale)",1,3,1,2,2,3,1,1,1,3,2,5,5,5,7,6,8,5,6,5,6,7,4,3,0.104602065,0.104602,0.104602,0.104602,0.114425,0.114424833,0.114424833,0.114424833,3,3,0.050472,0.050472,0.050472,0.050472,0.061277,0.061277,0.061277,0.061277,7,0.689394225,0.763136055,0.750137102,0.749251387,0.571778295,1,0.99997632,1.36E-13,4.38E-09,0.646963695,8.37E-13,0.353036305,3,1,3,2,0,3,0,1,1,8,0.26116696,0.573040597,0.473904787,0.483125341,0.251162779,1,0.999976538,1.36E-13,4.32E-09,0.647054409,8.64E-13,0.352945591,2,2,3,1,1,2,0,0,0,3,0,6,0,0,0
29,14,7,0,1,4,2,5,0.307940145,0.444886586,0.246845627,0.000327642,0.915659907,0.010026511,0.071606739,0.002706842,NaN,NaN,NaN,NaN,NaN,NaN,NaN,NaN,NaN,NaN,NaN,NaN,NaN,NaN,NaN,NaN,NaN,NaN,29,14,1,2,3,4,4,5,5,4,5,6,7,8,5,3,3,4,4,5,0.074074074,1,3,5,0.244444444,2,3263,14241,16339,Scuola secondaria di 1Âº grado (Licenza media),"Scuola secondaria di 2Âº grado (diploma di istruzione liceale, diploma di istruzione tecnica, diploma di istruzione professionale)",2,1,1,2,2,3,3,1,1,2,2,5,5,5,7,6,7,5,5,5,7,5,0,0,0.000306152,0.000351,0.000308,0.000275,0.000352,0.000455359,0.000410313,0.000367235,3,2,0.050472,0.050472,0.050472,0.050472,0.061277,0.061277,0.061277,0.061277,7,0.683935291,0.771683899,0.694085576,0.681377719,0.480433379,1,0.999999013,5.03E-14,4.88E-10,0.977642974,1.98E-14,0.022357026,3,0,2,2,0,1,1,1,0,0,0.897630619,0.797953895,0.796047082,0.795696735,0.522902771,1,0.999999021,5.04E-14,4.83E-10,0.977648303,1.95E-14,0.022351697,0,0,0,0,0,0,1,1,1,4,1,5,2,0,1
29,15,4,7,1,4,2,2,0.499564322,0.499192247,0.000745539,0.000497891,0.250755572,0.41867802,0.072536225,0.258030184,NaN,NaN,NaN,NaN,NaN,NaN,NaN,NaN,NaN,NaN,NaN,NaN,NaN,NaN,NaN,NaN,NaN,NaN,29,15,1,2,3,4,5,5,4,3,5,6,7,8,4,5,4,4,3,5,0.215686275,2,4,5,0.058823529,1,2763,13745,14997,"Scuola secondaria di 2Âº grado (diploma di istruzione liceale, diploma di istruzione tecnica, diploma di istruzione professionale)","Scuola secondaria di 2Âº grado (diploma di istruzione liceale, diploma di istruzione tecnica, diploma di istruzione professionale)",2,1,1,2,2,3,1,2,1,2,1,6,5,8,6,6,7,5,8,5,6,6,4,3,0.017556646,0.110585,0.110585,0.110585,0.018293,0.119836818,0.119836818,0.119836818,2,2,0.002905,0.003386,0.003071,0.003098,0.003666,0.004387,0.00408,0.004118,4,0.87682333,0.795884135,0.781378578,0.741780483,0.518868573,1,0.999999586,1.44E-14,7.10E-11,0.997544712,6.42E-16,0.002455288,1,1,1,1,1,1,1,1,0,7,0.283353742,0.578188733,0.563109748,0.570303853,0.237691285,1,0.999999589,1.45E-14,7.02E-11,0.997544991,6.35E-16,0.002455009,3,0,2,2,0,1,0,0,0,2,0,5,0,1,1
30,7,0,0,1,4,2,4,0.071606739,0.010026511,0.915659907,0.002706842,0.915659907,0.071606739,0.002706842,0.010026511,NaN,NaN,NaN,NaN,NaN,NaN,NaN,NaN,NaN,NaN,NaN,NaN,NaN,NaN,NaN,NaN,NaN,NaN,30,7,1,2,3,4,2,4,5,1,5,6,7,8,4,5,2,1,1,5,1.111111111,4,1,5,1.111111111,4,2433,17684,18360,"Scuola secondaria di 2Âº grado (diploma di istruzione liceale, diploma di istruzione tecnica, diploma di istruzione professionale)","Scuola secondaria di 2Âº grado (diploma di istruzione liceale, diploma di istruzione tecnica, diploma di istruzione professionale)",1,3,1,3,2,3,3,1,3,3,3,5,5,5,6,6,8,5,5,5,6,5,0,0,0.000306152,0.000351,0.000308,0.000275,0.000352,0.000455359,0.000410313,0.000367235,0,0,0.000306,0.000351,0.000308,0.000275,0.000352,0.000455,0.00041,0.000367,0,0.898757351,0.79851284,0.798270561,0.798270295,0.500033341,1,0.994314664,8.82E-12,3.85E-05,9.57E-05,1.13E-10,0.999904254,0,0,0,0,0,0,1,1,1,0,0.899376629,0.799427965,0.797364969,0.797356977,0.504583747,1,0.994366922,8.84E-12,3.79E-05,9.58E-05,1.10E-10,0.999904164,0,0,0,0,0,0,1,1,1,2,1,4,2,0,1
30,8,0,1,0,4,2,3,0.010026511,0.002706842,0.071606739,0.915659907,0.132330037,0.723287369,0.086983114,0.05739948,NaN,NaN,NaN,NaN,NaN,NaN,NaN,NaN,NaN,NaN,NaN,NaN,NaN,NaN,NaN,NaN,NaN,NaN,30,8,1,2,3,4,1,1,1,5,5,6,7,8,5,5,1,1,1,5,2,4,1,5,1.777777778,4,2807,18490,20128,Scuola secondaria di 1Âº grado (Licenza media),Scuola secondaria di 1Âº grado (Licenza media),1,3,4,3,4,4,3,4,4,4,4,6,7,5,6,6,8,6,6,5,6,6,1,1,0.000693828,0.00159,0.001395,0.001327,0.000752,0.001852859,0.001653838,0.001554939,0,0,0.000306,0.000351,0.000308,0.000275,0.000352,0.000455,0.00041,0.000367,0,0.899577289,0.79989544,0.799435219,0.799437349,0.484898621,0.001001689,1.03E-07,0.997432241,0.998416528,4.11E-14,0.999381237,0.000546896,0,0,0,0,0,0,1,1,1,1,0.890416479,0.79510911,0.793482109,0.793615262,0.407713032,0.001001743,1.04E-07,0.997491513,0.998414546,4.12E-14,0.999375617,0.000546679,1,0,0,0,0,0,0,0,1,3,0,2,0,0,1
30,9,0,3,1,4,2,5,0.071606739,0.915659907,0.002706842,0.010026511,0.232632748,0.579982908,0.186983808,0.000400536,NaN,NaN,NaN,NaN,NaN,NaN,NaN,NaN,NaN,NaN,NaN,NaN,NaN,NaN,NaN,NaN,NaN,NaN,30,9,1,2,3,4,5,5,1,3,5,6,7,8,3,5,3,1,1,5,1.047619048,4,1,5,0.888888889,4,NaN,NaN,NaN,,,2,1,1,2,2,4,2,2,1,2,2,5,7,5,6,6,7,6,6,7,6,6,1,1,0.001106908,0.007361,0.006785,0.007864,0.001221,0.009058014,0.008536963,0.009850282,0,0,0.000306,0.000351,0.000308,0.000275,0.000352,0.000455,0.00041,0.000367,0,0.898465058,0.799027736,0.798302045,0.79063163,0.499681915,1,0.999994396,1.95E-12,8.89E-10,0.997438886,5.27E-14,0.002561114,0,0,0,0,0,0,1,1,1,3,0.883097779,0.792049362,0.791008543,0.791230449,0.534736408,1,0.999994434,1.95E-12,8.79E-10,0.997439193,5.43E-14,0.002560807,2,1,0,1,0,0,0,1,1,1,0,1,0,0,1
30,10,0,0,1,4,2,4,0.071606739,0.915659907,0.002706842,0.010026511,0.071606739,0.915659907,0.010026511,0.002706842,NaN,NaN,NaN,NaN,NaN,NaN,NaN,NaN,NaN,NaN,NaN,NaN,NaN,NaN,NaN,NaN,NaN,NaN,30,10,1,2,3,4,4,4,2,3,5,6,7,8,4,4,3,2,2,4,0.282051282,2,2,4,0.282051282,2,2554,14797,14572,"Scuola secondaria di 2Âº grado (diploma di istruzione liceale, diploma di istruzione tecnica, diploma di istruzione professionale)",Laurea triennale,2,1,1,2,2,4,2,2,1,2,2,6,5,5,6,6,7,6,6,5,6,6,0,0,0.000306152,0.000351,0.000308,0.000275,0.000352,0.000455359,0.000410313,0.000367235,0,0,0.000306,0.000351,0.000308,0.000275,0.000352,0.000455,0.00041,0.000367,0,0.898465058,0.799027736,0.798302045,0.79063163,0.499681915,1,0.999994396,1.95E-12,8.89E-10,0.997438886,5.27E-14,0.002561114,0,0,0,0,0,0,1,1,1,0,0.898268869,0.798118492,0.797944825,0.797978569,0.485760921,1,0.999994434,1.95E-12,8.79E-10,0.997439193,5.43E-14,0.002560807,0,0,0,0,0,0,1,1,1,1,0,1,0,0,0
30,11,1,3,0,4,2,2,0.000977198,0.796442413,0.101048593,0.101531796,0.000903195,0.632956231,0.000574023,0.36556655,NaN,NaN,NaN,NaN,NaN,NaN,NaN,NaN,NaN,NaN,NaN,NaN,NaN,NaN,NaN,NaN,NaN,NaN,30,11,1,2,3,4,3,5,4,4,5,6,7,8,3,5,3,4,3,5,0.166666667,2,3,5,0.244444444,2,2739,15116,19035,Laurea specialistica,Laurea specialistica,2,3,4,2,2,3,2,2,4,2,2,6,5,8,6,6,8,6,6,8,8,6,1,1,0.002904536,0.003386,0.003071,0.003098,0.003666,0.004387326,0.004079551,0.00411772,1,1,0.000958,0.000969,0.00086,0.00081,0.001126,0.001204,0.001093,0.001026,1,0.875755846,0.789553309,0.769307679,0.768416216,0.434138888,0.999999994,0.997982405,1.88E-09,4.54E-06,0.153431339,1.20E-08,0.846568649,1,0,0,1,0,0,1,1,1,3,0.874025391,0.785956602,0.780145631,0.780957895,0.485259158,0.999999994,0.997993449,1.88E-09,4.49E-06,0.153501393,1.34E-08,0.846498593,1,0,1,1,0,1,1,1,0,2,0,1,0,1,1
30,12,0,0,0,4,2,5,0.002706842,0.010026511,0.071606739,0.915659907,0.002706842,0.071606739,0.915659907,0.010026511,NaN,NaN,NaN,NaN,NaN,NaN,NaN,NaN,NaN,NaN,NaN,NaN,NaN,NaN,NaN,NaN,NaN,NaN,30,12,1,2,3,4,2,3,5,5,5,6,7,8,3,5,5,4,2,5,0.6,3,3,5,0.215686275,2,2733,NaN,NaN,"Scuola secondaria di 2Âº grado (diploma di istruzione liceale, diploma di istruzione tecnica, diploma di istruzione professionale)","Scuola secondaria di 2Âº grado (diploma di istruzione liceale, diploma di istruzione tecnica, diploma di istruzione professionale)",2,3,4,3,4,4,3,4,4,4,4,6,7,8,7,6,7,7,6,7,7,7,0,0,0.000306152,0.000351,0.000308,0.000275,0.000352,0.000455359,0.000410313,0.000367235,0,0,0.000306,0.000351,0.000308,0.000275,0.000352,0.000455,0.00041,0.000367,0,0.899657266,0.799910991,0.799788756,0.799791181,0.489622761,0.000805806,1.21E-07,0.997627817,0.998416509,5.35E-14,0.999484418,0.000443708,0,0,0,0,0,0,1,1,1,0,0.899032073,0.799495974,0.798733223,0.79879813,0.487653354,0.000805842,1.22E-07,0.997687119,0.998414528,5.35E-14,0.999478799,0.00044349,0,0,0,0,0,0,1,1,1,1,0,1,0,0,0
30,13,9,11,0,4,2,6,0.167512205,0.412560628,0.209963584,0.209963584,0.234709884,0.234709884,0.33436914,0.196211092,NaN,NaN,NaN,NaN,NaN,NaN,NaN,NaN,NaN,NaN,NaN,NaN,NaN,NaN,NaN,NaN,NaN,NaN,30,13,1,2,3,4,5,4,5,2,5,6,7,8,5,5,1,5,2,5,0.5,3,1,5,1,4,2755,13476,16297,Laurea triennale,"Scuola secondaria di 2Âº grado (diploma di istruzione liceale, diploma di istruzione tecnica, diploma di istruzione professionale)",2,1,4,2,4,4,2,2,1,2,3,6,7,5,7,6,8,7,8,7,6,5,6,4,1,1,1,1,1,1,1,1,5,3,0.264142,0.264142,0.264142,0.264142,0.269542,0.269542,0.269542,0.269542,9,0.270069611,0.598314688,0.532495415,0.449777047,0.306664007,0.999996116,0.883419987,2.60E-07,0.000163673,0.025662797,1.35E-06,0.974335847,3,3,3,3,1,3,1,1,1,11,0.238683248,0.50307462,0.252923193,0.251604852,0.205431923,0.999996177,0.883748789,2.60E-07,0.000162355,0.02567762,1.33E-06,0.974321045,4,2,3,1,0,1,0,0,0,7,2,10,3,0,0
31,4,0,0,1,4,2,3,0.002706842,0.915659907,0.071606739,0.010026511,0.071606739,0.915659907,0.010026511,0.002706842,NaN,NaN,NaN,NaN,NaN,NaN,NaN,NaN,NaN,NaN,NaN,NaN,NaN,NaN,NaN,NaN,NaN,NaN,31,4,1,2,3,4,4,5,4,4,5,6,7,8,5,5,4,3,4,5,0.058823529,1,3,5,0.215686275,2,2501,16950,16544,"Scuola secondaria di 2Âº grado (diploma di istruzione liceale, diploma di istruzione tecnica, diploma di istruzione professionale)",Laurea specialistica,2,3,4,2,2,3,2,2,3,2,2,6,5,5,6,6,7,6,6,5,6,6,0,0,0.000306152,0.000351,0.000308,0.000275,0.000352,0.000455359,0.000410313,0.000367235,0,0,0.000306,0.000351,0.000308,0.000275,0.000352,0.000455,0.00041,0.000367,0,0.887390395,0.790708401,0.77377337,0.770838768,0.487666623,0.999999999,0.998823288,3.29E-11,2.03E-07,0.326865092,1.97E-10,0.673134908,0,0,0,0,0,0,1,1,1,0,0.898268869,0.798118492,0.797944825,0.797978569,0.485760921,0.999999999,0.998829967,3.29E-11,2.01E-07,0.326977199,2.13E-10,0.673022801,0,0,0,0,0,0,1,1,1,3,0,1,0,0,1
31,5,0,0,1,4,2,6,0.010026511,0.915659907,0.071606739,0.002706842,0.915659907,0.071606739,0.010026511,0.002706842,NaN,NaN,NaN,NaN,NaN,NaN,NaN,NaN,NaN,NaN,NaN,NaN,NaN,NaN,NaN,NaN,NaN,NaN,31,5,1,2,3,4,2,5,3,1,5,6,7,8,5,4,1,2,1,5,1.060606061,4,1,5,1.111111111,4,2815,16118,18091,"Scuola secondaria di 2Âº grado (diploma di istruzione liceale, diploma di istruzione tecnica, diploma di istruzione professionale)","Scuola secondaria di 2Âº grado (diploma di istruzione liceale, diploma di istruzione tecnica, diploma di istruzione professionale)",2,3,1,2,2,3,2,2,3,2,2,5,5,5,6,6,7,5,5,5,6,5,0,0,0.000306152,0.000351,0.000308,0.000275,0.000352,0.000455359,0.000410313,0.000367235,0,0,0.000306,0.000351,0.000308,0.000275,0.000352,0.000455,0.00041,0.000367,0,0.896118658,0.797352194,0.792687284,0.789337034,0.554502546,1,0.999984188,2.39E-13,2.73E-09,0.923592536,2.26E-13,0.076407464,0,0,0,0,0,0,1,1,1,0,0.899296996,0.799380705,0.798929519,0.798925727,0.497488442,1,0.999984313,2.39E-13,2.69E-09,0.923617229,2.40E-13,0.076382771,0,0,0,0,0,0,1,1,1,0,0,2,1,1,1
31,6,10,1,0,4,2,6,0.204375195,0.339387918,0.316477075,0.139759811,0.000977198,0.101531796,0.796442413,0.101048593,NaN,NaN,NaN,NaN,NaN,NaN,NaN,NaN,NaN,NaN,NaN,NaN,NaN,NaN,NaN,NaN,NaN,NaN,31,6,1,2,3,4,4,2,3,5,5,6,7,8,1,3,5,4,2,5,0.476190476,3,1,5,0.897435897,4,2663,12053,14186,"Scuola secondaria di 2Âº grado (diploma di istruzione liceale, diploma di istruzione tecnica, diploma di istruzione professionale)",Scuola secondaria di 1Âº grado (Licenza media),2,3,4,2,4,3,3,2,3,2,1,6,7,8,7,8,7,7,6,7,7,7,1,1,0.000957953,0.000969,0.00086,0.00081,0.001126,0.001204491,0.001092811,0.001025973,5,3,0.264142,0.264142,0.264142,0.264142,0.269542,0.269542,0.269542,0.269542,10,0.255410667,0.434036622,0.285678542,0.28413775,0.234253978,0.999999567,0.708197922,1.12E-08,0.000208025,0.000509847,9.01E-08,0.999490062,3,3,3,2,0,2,0,1,0,1,0.895498811,0.798573955,0.797885401,0.798252138,0.456250349,0.999999573,0.709160461,1.12E-08,0.000206319,0.000510272,8.83E-08,0.999489639,1,0,0,1,0,0,1,1,1,11,5,1,0,0,1
31,7,0,0,0,4,2,4,0.010026511,0.002706842,0.915659907,0.071606739,0.010026511,0.915659907,0.071606739,0.002706842,NaN,NaN,NaN,NaN,NaN,NaN,NaN,NaN,NaN,NaN,NaN,NaN,NaN,NaN,NaN,NaN,NaN,NaN,31,7,1,2,3,4,2,3,5,4,5,6,7,8,2,5,4,3,2,5,0.476190476,3,2,5,0.476190476,3,2427,14209,14803,"Scuola secondaria di 2Âº grado (diploma di istruzione liceale, diploma di istruzione tecnica, diploma di istruzione professionale)",Laurea triennale,1,3,4,3,4,3,3,4,3,3,3,6,7,5,6,6,7,6,6,7,6,6,0,0,0.000306152,0.000351,0.000308,0.000275,0.000352,0.000455359,0.000410313,0.000367235,0,0,0.000306,0.000351,0.000308,0.000275,0.000352,0.000455,0.00041,0.000367,0,0.899139591,0.799278768,0.798844663,0.798844701,0.499884689,0.999894295,0.004136977,9.48E-05,0.216870435,3.87E-09,0.000442304,0.999555715,0,0,0,0,0,0,1,1,1,0,0.897355818,0.798026291,0.797209173,0.797269583,0.508980094,0.999894436,0.004163583,9.48E-05,0.215901947,3.88E-09,0.000460444,0.999537258,0,0,0,0,0,0,1,1,1,2,1,2,1,0,1
31,8,3,0,0,4,2,1,0.000903428,0.633121317,0.000574131,0.365401124,0.071606739,0.002706842,0.915659907,0.010026511,NaN,NaN,NaN,NaN,NaN,NaN,NaN,NaN,NaN,NaN,NaN,NaN,NaN,NaN,NaN,NaN,NaN,NaN,31,8,1,2,3,4,5,5,5,5,5,6,7,8,5,5,5,5,5,5,0,0,5,5,0,0,2537,14865,16314,,,2,1,4,2,4,4,2,2,4,2,2,5,7,5,7,8,7,7,5,7,7,7,0,0,0.000306152,0.000351,0.000308,0.000275,0.000352,0.000455359,0.000410313,0.000367235,1,1,0.002905,0.003386,0.003071,0.003098,0.003666,0.004387,0.00408,0.004118,3,0.88137623,0.793234898,0.79019695,0.790061558,0.495619423,0.999973968,0.6245716,8.65E-06,0.000844344,0.015509488,3.57E-05,0.984454557,2,1,0,2,1,0,1,1,1,0,0.895455717,0.798959481,0.798495248,0.791134676,0.490583768,0.999974269,0.625219249,8.64E-06,0.000838566,0.015518784,3.75E-05,0.984443343,0,0,0,0,0,0,1,1,1,6,0,6,0,0,0
31,9,5,8,0,4,2,6,0.000349726,0.34707699,0.169402642,0.483170642,0.257006731,0.119441377,0.459458282,0.164093611,NaN,NaN,NaN,NaN,NaN,NaN,NaN,NaN,NaN,NaN,NaN,NaN,NaN,NaN,NaN,NaN,NaN,NaN,31,9,1,2,3,4,3,3,4,5,5,6,7,8,5,4,4,3,3,5,0.244444444,2,3,5,0.166666667,2,2616,15005,16154,Laurea specialistica,Laurea specialistica,2,3,4,2,4,4,2,4,3,2,4,6,5,5,7,6,7,7,5,7,8,7,4,3,0.064212664,0.064213,0.207538,0.207538,0.066126,0.066125904,0.213352685,0.213352685,2,2,0.009316,0.010101,0.009699,0.011409,0.011178,0.012377,0.012055,0.014129,5,0.842417696,0.791312034,0.78128486,0.781407581,0.473806822,0.976329277,0.012107163,0.02341645,0.514342752,2.67E-06,0.064418079,0.935574617,2,0,2,2,0,1,1,1,0,8,0.396441974,0.702654557,0.580115077,0.587125374,0.29161227,0.976334211,0.01215582,0.023416543,0.513831406,2.68E-06,0.063680342,0.936312031,5,1,1,3,0,0,0,1,0,3,1,5,1,0,1
31,10,0,0,1,4,2,5,0.915659907,0.071606739,0.010026511,0.002706842,0.915659907,0.071606739,0.010026511,0.002706842,NaN,NaN,NaN,NaN,NaN,NaN,NaN,NaN,NaN,NaN,NaN,NaN,NaN,NaN,NaN,NaN,NaN,NaN,31,10,1,2,3,4,5,5,3,1,5,6,7,8,5,4,2,3,1,5,1.047619048,4,2,5,0.476190476,3,2710,14566,15079,Scuola secondaria di 1Âº grado (Licenza media),Scuola secondaria di 1Âº grado (Licenza media),1,1,1,2,2,3,1,1,1,2,1,5,5,5,6,6,7,5,5,5,6,5,0,0,0.000306152,0.000351,0.000308,0.000275,0.000352,0.000455359,0.000410313,0.000367235,0,0,0.000306,0.000351,0.000308,0.000275,0.000352,0.000455,0.00041,0.000367,0,0.899555009,0.799529066,0.799230456,0.799061092,0.549426574,1,0.999999424,8.38E-15,1.20E-10,0.993718325,1.14E-15,0.006281675,0,0,0,0,0,0,1,1,1,0,0.899296996,0.799380705,0.798929519,0.798925727,0.497488442,1,0.999999429,8.41E-15,1.19E-10,0.993719185,1.03E-15,0.006280815,0,0,0,0,0,0,1,1,1,1,0,2,1,0,1
31,11,4,0,1,4,2,3,0.499192247,0.499564322,0.000745539,0.000497891,0.915659907,0.071606739,0.002706842,0.010026511,NaN,NaN,NaN,NaN,NaN,NaN,NaN,NaN,NaN,NaN,NaN,NaN,NaN,NaN,NaN,NaN,NaN,NaN,31,11,1,2,3,4,3,5,2,1,5,6,7,8,5,2,2,3,1,5,1.060606061,4,2,5,0.666666667,3,2767,12978,13322,"Scuola secondaria di 2Âº grado (diploma di istruzione liceale, diploma di istruzione tecnica, diploma di istruzione professionale)","Scuola secondaria di 2Âº grado (diploma di istruzione liceale, diploma di istruzione tecnica, diploma di istruzione professionale)",1,1,1,2,2,3,2,1,1,2,2,5,5,5,6,6,8,5,5,5,6,5,0,0,0.000306152,0.000351,0.000308,0.000275,0.000352,0.000455359,0.000410313,0.000367235,2,2,0.002905,0.003386,0.003071,0.003098,0.003666,0.004387,0.00408,0.004118,4,0.873766458,0.794542825,0.790259332,0.779664584,0.518279805,1,0.999999528,2.04E-14,9.08E-11,0.997544712,8.94E-16,0.002455288,1,1,1,1,1,1,1,1,0,0,0.899376629,0.799427965,0.797364969,0.797356977,0.504583747,1,0.999999532,2.04E-14,8.99E-11,0.997544991,8.83E-16,0.002455009,0,0,0,0,0,0,1,1,1,1,0,3,1,0,1
32,5,1,5,0,4,3,4,0.101531796,0.000977198,0.101048593,0.796442413,0.275021669,0.447370877,0.199678406,0.077929048,0,0,1,1,0,0,5,0,1,1,0,1,0,0,1,0,4,1,32,5,1,2,3,4,1,1,1,5,5,6,7,8,2,5,2,1,1,5,2,4,1,5,1.2,4,3112,886,771,"Scuola secondaria di 2Âº grado (diploma di istruzione liceale, diploma di istruzione tecnica, diploma di istruzione professionale)","Scuola secondaria di 2Âº grado (diploma di istruzione liceale, diploma di istruzione tecnica, diploma di istruzione professionale)",1,3,4,3,4,4,1,4,4,4,4,5,7,8,6,6,7,6,5,7,6,6,3,2,0.00229459,0.014674,0.014372,0.02037,0.002381,0.016488846,0.016285998,0.022816324,1,1,0.000958,0.000969,0.00086,0.00081,0.001126,0.001204,0.001093,0.001026,1,0.897039883,0.799331246,0.797461723,0.797474034,0.404245324,0.003479667,8.78E-07,0.994952073,0.994109248,1.29E-12,0.998082971,0.001845256,1,0,0,1,0,0,1,1,1,5,0.547184477,0.712870801,0.704840102,0.707833075,0.346917358,0.003479614,8.82E-07,0.995011407,0.994105081,1.29E-12,0.998077503,0.001844894,2,1,1,0,0,0,0,0,0,4,0,2,0,0,1
32,6,1,2,0,4,3,7,0.000977198,0.101048593,0.796442413,0.101531796,0.110330007,0.710982107,0.068357878,0.110330007,1,0,0,0,0,1,7,0,1,0,0,1,0,0,1,0,6,1,32,6,1,2,3,4,3,3,5,4,5,6,7,8,4,5,4,3,3,5,0.244444444,2,3,5,0.166666667,2,3177,12025,12758,"Scuola secondaria di 2Âº grado (diploma di istruzione liceale, diploma di istruzione tecnica, diploma di istruzione professionale)","Scuola secondaria di 2Âº grado (diploma di istruzione liceale, diploma di istruzione tecnica, diploma di istruzione professionale)",2,3,4,3,2,3,3,4,3,3,3,6,5,5,6,6,7,6,6,8,6,6,2,1,0.002016214,0.002034,0.00187,0.001831,0.002227,0.002320115,0.002151938,0.002087662,1,1,0.000958,0.000969,0.00086,0.00081,0.001126,0.001204,0.001093,0.001026,1,0.886162434,0.796471805,0.786451162,0.786451128,0.497823208,0.999999447,0.385801974,4.96E-07,0.133754733,2.48E-07,2.97E-06,0.999996772,1,0,0,1,0,0,1,1,1,2,0.849786677,0.784826002,0.783448728,0.783892281,0.404575448,0.999999448,0.387593138,4.96E-07,0.132772644,2.48E-07,3.14E-06,0.999996592,2,0,0,1,0,0,1,1,1,2,0,3,0,0,1
32,7,0,0,0,4,3,6,0.071606739,0.010026511,0.915659907,0.002706842,0.071606739,0.915659907,0.002706842,0.010026511,0,1,0,1,0,0,4,0,1,0,0,0,1,1,0,0,3,1,32,7,1,2,3,4,5,3,5,1,5,6,7,8,5,5,1,1,1,5,1.047619048,4,1,5,1.777777778,4,2771,15895,15968,Laurea specialistica,Laurea specialistica,1,3,1,3,2,3,3,1,3,3,3,6,5,5,6,6,8,6,6,5,6,6,0,0,0.000306152,0.000351,0.000308,0.000275,0.000352,0.000455359,0.000410313,0.000367235,0,0,0.000306,0.000351,0.000308,0.000275,0.000352,0.000455,0.00041,0.000367,0,0.898757351,0.79851284,0.798270561,0.798270295,0.500033341,1,0.994314664,8.82E-12,3.85E-05,9.57E-05,1.13E-10,0.999904254,0,0,0,0,0,0,1,1,1,0,0.898982328,0.798860794,0.798608006,0.798633227,0.489002097,1,0.994366922,8.84E-12,3.79E-05,9.58E-05,1.10E-10,0.999904164,0,0,0,0,0,0,1,1,1,1,0,2,0,0,0
32,8,1,0,1,4,3,5,0.796442413,0.101048593,0.101531796,0.000977198,0.915659907,0.071606739,0.002706842,0.010026511,0,0,1,1,0,0,1,0,1,1,0,1,0,0,0,1,4,1,32,8,1,2,3,4,5,4,3,1,5,6,7,8,4,3,1,5,1,5,0.897435897,4,1,5,0.897435897,4,NaN,NaN,NaN,,,1,1,1,2,2,3,1,1,1,3,1,5,5,5,6,6,8,5,5,5,6,5,0,0,0.000306152,0.000351,0.000308,0.000275,0.000352,0.000455359,0.000410313,0.000367235,1,1,0.000958,0.000969,0.00086,0.00081,0.001126,0.001204,0.001093,0.001026,1,0.897485158,0.798542675,0.797586761,0.797451812,0.606182022,1,0.999996323,3.41E-14,1.09E-09,0.913973832,6.19E-14,0.086026168,1,0,0,1,0,0,1,1,1,0,0.899376629,0.799427965,0.797364969,0.797356977,0.504583747,1,0.999996358,3.42E-14,1.08E-09,0.913995786,5.88E-14,0.086004214,0,0,0,0,0,0,1,1,1,1,0,4,2,0,1
32,9,1,9,1,4,3,5,0.101048593,0.796442413,0.000977198,0.101531796,0.405525073,0.31761825,0.216704015,0.060152662,0,0,1,0,0,1,2,0,1,1,0,0,1,0,0,1,3,1,32,9,1,2,3,4,3,5,1,5,5,6,7,8,3,5,4,5,1,5,1.047619048,4,3,5,0.215686275,2,2886,NaN,NaN,"Scuola secondaria di 2Âº grado (diploma di istruzione liceale, diploma di istruzione tecnica, diploma di istruzione professionale)","Scuola secondaria di 2Âº grado (diploma di istruzione liceale, diploma di istruzione tecnica, diploma di istruzione professionale)",2,1,1,2,2,4,2,2,4,2,2,6,7,5,6,6,8,5,6,5,7,5,5,4,0.104602065,0.104602,0.104602,0.104602,0.114425,0.114424833,0.114424833,0.114424833,1,1,0.000958,0.000969,0.00086,0.00081,0.001126,0.001204,0.001093,0.001026,1,0.891200044,0.796155946,0.793784848,0.792273845,0.485707664,0.999999999,0.999937159,2.64E-10,1.41E-07,0.939922373,1.20E-10,0.060077627,1,0,0,1,0,0,1,1,1,9,0.247941078,0.563783727,0.495280342,0.495330683,0.247203115,0.999999999,0.999937564,2.64E-10,1.40E-07,0.939938168,1.26E-10,0.060061832,5,2,1,2,1,0,0,0,0,2,0,8,2,0,0
32,10,1,0,1,4,3,4,0.796442413,0.101048593,0.101531796,0.000977198,0.915659907,0.071606739,0.010026511,0.002706842,0,0,1,0,0,1,1,0,1,1,0,0,1,1,0,0,2,1,32,10,1,2,3,4,5,5,4,1,5,6,7,8,5,5,1,5,1,5,0.955555556,4,1,5,1,4,2821,15204,15136,Laurea triennale,Laurea specialistica,1,1,1,2,2,3,1,1,1,3,1,5,5,5,6,6,7,5,5,5,6,5,0,0,0.000306152,0.000351,0.000308,0.000275,0.000352,0.000455359,0.000410313,0.000367235,1,1,0.000958,0.000969,0.00086,0.00081,0.001126,0.001204,0.001093,0.001026,1,0.897485158,0.798542675,0.797586761,0.797451812,0.606182022,1,0.999996323,3.41E-14,1.09E-09,0.913973832,6.19E-14,0.086026168,1,0,0,1,0,0,1,1,1,0,0.899296996,0.799380705,0.798929519,0.798925727,0.497488442,1,0.999996358,3.42E-14,1.08E-09,0.913995786,5.88E-14,0.086004214,0,0,0,0,0,0,1,1,1,2,0,5,1,0,0
32,11,0,0,1,4,3,5,0.071606739,0.010026511,0.002706842,0.915659907,0.010026511,0.071606739,0.915659907,0.002706842,0,0,1,0,0,1,4,0,1,1,0,1,0,1,0,0,2,1,32,11,1,2,3,4,4,3,1,5,5,6,7,8,3,4,5,4,1,5,0.897435897,4,3,5,0.166666667,2,2982,16916,17430,Laurea triennale,"Scuola secondaria di 2Âº grado (diploma di istruzione liceale, diploma di istruzione tecnica, diploma di istruzione professionale)",1,1,4,2,4,4,1,4,4,4,4,6,7,5,7,6,7,7,6,7,7,7,0,0,0.000306152,0.000351,0.000308,0.000275,0.000352,0.000455359,0.000410313,0.000367235,0,0,0.000306,0.000351,0.000308,0.000275,0.000352,0.000455,0.00041,0.000367,0,0.898710787,0.799105215,0.791770666,0.791787816,0.471980926,0.019156145,4.18E-05,0.979300266,0.994068545,9.47E-10,0.990131515,0.009797282,0,0,0,0,0,0,1,1,1,0,0.898483665,0.79944866,0.795283695,0.794938399,0.500186889,0.019154382,4.20E-05,0.979360375,0.994064209,9.49E-10,0.990111482,0.009811534,0,0,0,0,0,0,1,1,1,0,0,3,1,1,1
32,12,0,0,1,4,3,3,0.915659907,0.071606739,0.010026511,0.002706842,0.915659907,0.071606739,0.010026511,0.002706842,0,1,0,0,1,0,3,0,1,0,0,0,1,1,0,0,2,1,32,12,1,2,3,4,5,4,3,3,5,6,7,8,5,4,2,3,3,5,0.244444444,2,2,5,0.476190476,3,2795,13954,15894,"Scuola secondaria di 2Âº grado (diploma di istruzione liceale, diploma di istruzione tecnica, diploma di istruzione professionale)","Scuola secondaria di 2Âº grado (diploma di istruzione liceale, diploma di istruzione tecnica, diploma di istruzione professionale)",1,1,1,2,2,3,1,1,1,2,1,5,5,5,6,6,7,5,5,5,6,5,0,0,0.000306152,0.000351,0.000308,0.000275,0.000352,0.000455359,0.000410313,0.000367235,0,0,0.000306,0.000351,0.000308,0.000275,0.000352,0.000455,0.00041,0.000367,0,0.899555009,0.799529066,0.799230456,0.799061092,0.549426574,1,0.999999424,8.38E-15,1.20E-10,0.993718325,1.14E-15,0.006281675,0,0,0,0,0,0,1,1,1,0,0.899296996,0.799380705,0.798929519,0.798925727,0.497488442,1,0.999999429,8.41E-15,1.19E-10,0.993719185,1.03E-15,0.006280815,0,0,0,0,0,0,1,1,1,1,0,2,1,0,1
32,13,5,5,0,4,3,6,0.226670549,0.073652105,0.19473078,0.504946566,0.323387295,0.546046116,0.000400677,0.130165912,1,0,0,1,0,0,3,0,1,0,1,0,0,1,0,0,1,1,32,13,1,2,3,4,1,5,2,5,5,6,7,8,5,4,1,2,1,5,1.307692308,4,1,5,1.111111111,4,2886,NaN,NaN,"Scuola secondaria di 2Âº grado (diploma di istruzione liceale, diploma di istruzione tecnica, diploma di istruzione professionale)","Scuola secondaria di 2Âº grado (diploma di istruzione liceale, diploma di istruzione tecnica, diploma di istruzione professionale)",2,3,4,3,4,4,3,4,1,4,4,6,5,5,6,6,8,6,5,8,6,6,2,2,0.009315631,0.010101,0.009699,0.011409,0.011178,0.012376918,0.012055149,0.014129339,2,1,0.00256,0.022301,0.022941,0.056604,0.002575,0.024443,0.025315,0.061467,5,0.87799807,0.797289147,0.795297549,0.795345274,0.460849731,0.098350329,1.89E-05,0.900110088,0.978610741,1.24E-10,0.958714237,0.041216821,2,0,1,1,0,0,1,1,0,5,0.833467906,0.780954634,0.774880175,0.775538119,0.447151443,0.098323053,1.90E-05,0.900193021,0.978591046,1.26E-10,0.957939534,0.041985985,2,0,1,2,0,0,1,1,0,3,1,2,1,0,0
32,14,9,8,0,4,3,1,0.198854461,0.119563665,0.221329139,0.460252735,0.300640056,0.364920803,0.262789405,0.071649736,0,0,1,1,0,0,6,0,1,1,0,0,1,0,0,1,5,1,32,14,1,2,3,4,4,4,3,5,5,6,7,8,5,5,5,4,3,5,0.166666667,2,4,5,0.052631579,1,3147,14697,16474,Laurea triennale,"Scuola secondaria di 2Âº grado (diploma di istruzione liceale, diploma di istruzione tecnica, diploma di istruzione professionale)",1,3,4,3,4,3,2,1,4,4,4,6,7,5,6,6,8,7,6,5,6,5,4,3,0.017556646,0.110585,0.110585,0.110585,0.018293,0.119836818,0.119836818,0.119836818,4,3,0.064213,0.064213,0.207538,0.207538,0.066126,0.066126,0.213353,0.213353,9,0.387703131,0.73391245,0.708473912,0.709241548,0.367769797,0.973258998,0.001311957,0.026678626,0.860308524,6.72E-08,0.099600995,0.900391775,5,1,1,4,1,0,1,1,0,8,0.301382844,0.635126701,0.572635691,0.572777208,0.24309243,0.973213896,0.0013201,0.026725579,0.860132306,6.75E-08,0.097315222,0.902677145,2,2,2,1,1,1,0,0,0,5,2,5,1,0,1
32,15,11,12,1,4,3,2,0.29432919,0.232759242,0.194808781,0.278102787,0.24628962,0.192797495,0.27745239,0.283460494,0,0,1,1,0,0,4,0,1,1,0,0,1,1,0,0,5,1,32,15,1,2,3,4,4,4,2,3,5,6,7,8,4,3,2,3,2,4,0.282051282,2,2,4,0.222222222,2,3027,14028,19552,Scuola secondaria di 1Âº grado (Licenza media),"Scuola secondaria di 2Âº grado (diploma di istruzione liceale, diploma di istruzione tecnica, diploma di istruzione professionale)",1,1,1,3,4,4,2,1,3,2,4,5,5,8,6,8,8,7,6,5,8,7,7,4,1,1,1,1,1,1,1,1,6,4,1,1,1,1,1,1,1,1,11,0.217299581,0.387850482,0.223790228,0.224544094,0.208963249,0.999999512,0.853306732,2.87E-07,0.003803289,0.000688286,1.79E-06,0.999309927,6,1,3,3,1,1,1,1,0,12,0.216612978,0.369822618,0.212463719,0.247532858,0.201048382,0.999999515,0.85408178,2.88E-07,0.003774356,0.000688807,1.62E-06,0.999309569,5,3,2,3,1,0,1,1,0,3,1,6,1,0,0
33,2,0,5,0,4,3,6,0.002706842,0.010026511,0.071606739,0.915659907,0.546046116,0.323387295,0.000400677,0.130165912,1,0,0,1,0,0,5,0,1,0,0,1,0,1,0,0,4,1,33,2,1,2,3,4,1,3,5,5,5,6,7,8,5,5,5,5,1,5,1.047619048,4,5,5,0,0,2749,14478,16400,Dottorato di ricerca,Dottorato di ricerca,2,3,4,3,4,4,3,4,4,4,4,5,5,5,6,6,8,5,6,5,8,5,2,2,0.009315631,0.010101,0.009699,0.011409,0.011178,0.012376918,0.012055149,0.014129339,0,0,0.000306,0.000351,0.000308,0.000275,0.000352,0.000455,0.00041,0.000367,0,0.899657266,0.799910991,0.799788756,0.799791181,0.489622761,0.000805806,1.21E-07,0.997627817,0.998416509,5.35E-14,0.999484418,0.000443708,0,0,0,0,0,0,1,1,1,5,0.854960834,0.788443111,0.753711349,0.753528065,0.500901523,0.000805842,1.22E-07,0.997687119,0.998414528,5.35E-14,0.999478799,0.00044349,2,0,1,2,0,0,1,1,0,1,0,6,0,0,0
33,3,5,0,0,4,3,6,0.087313387,0.117121175,0.254758589,0.540806849,0.002706842,0.010026511,0.915659907,0.071606739,0,1,0,1,0,0,4,0,1,0,0,0,1,1,0,0,3,1,33,3,1,2,3,4,5,5,4,5,5,6,7,8,2,2,5,2,4,5,0.052631579,1,2,5,0.818181818,3,2880,15260,16018,Laurea specialistica,Laurea specialistica,2,1,4,2,4,3,3,4,4,4,4,6,7,8,7,8,7,7,8,7,7,7,0,0,0.000306152,0.000351,0.000308,0.000275,0.000352,0.000455359,0.000410313,0.000367235,3,2,0.019316,0.020129,0.020129,0.051007,0.020958,0.02241,0.02241,0.055774,5,0.785172416,0.792195511,0.787901977,0.788114511,0.399982852,0.200690108,9.55E-05,0.798056862,0.998321293,3.79E-09,0.915076865,0.084857327,4,1,0,1,0,0,0,0,1,0,0.899259628,0.799366178,0.799054432,0.799247696,0.484790148,0.200585775,9.60E-05,0.798208504,0.998318778,3.67E-09,0.917948766,0.081979858,0,0,0,0,0,0,1,1,1,5,0,3,0,0,1
33,4,2,5,0,4,3,5,0.068357878,0.110330007,0.110330007,0.710982107,0.00037131,0.527105115,0.270843519,0.201680056,0,0,1,0,0,1,2,0,1,1,1,0,0,0,1,0,7,1,33,4,1,2,3,4,1,2,3,5,5,6,7,8,1,5,4,4,1,5,1.060606061,4,1,5,0.857142857,4,3171,16709,16686,Scuola secondaria di 1Âº grado (Licenza media),Scuola secondaria di 1Âº grado (Licenza media),1,3,4,3,4,4,2,4,4,4,4,6,7,8,6,6,8,6,6,8,7,6,2,1,0.009315631,0.010101,0.009699,0.011409,0.011178,0.012376918,0.012055149,0.014129339,2,1,0.002016,0.002034,0.00187,0.001831,0.002227,0.00232,0.002152,0.002088,2,0.885739764,0.798568632,0.795076115,0.795111594,0.412065118,0.001988301,6.51E-07,0.996445001,0.996022556,1.20E-12,0.99885178,0.001076391,2,0,0,1,0,0,1,1,1,5,0.701520184,0.749400782,0.672902681,0.675587267,0.402262383,0.001988274,6.54E-07,0.996504332,0.996019061,1.21E-12,0.998845398,0.001076939,2,0,1,1,0,0,1,1,0,2,0,1,0,0,1
33,5,11,10,1,4,3,3,0.234384275,0.280318252,0.195977209,0.289320264,0.178021027,0.318713546,0.301695972,0.201569455,0,1,0,0,0,1,5,0,1,0,0,0,1,1,0,0,7,1,33,5,1,2,3,4,4,5,5,5,5,6,7,8,3,5,5,4,4,5,0.052631579,1,3,5,0.215686275,2,3067,13242,14786,"Scuola secondaria di 2Âº grado (diploma di istruzione liceale, diploma di istruzione tecnica, diploma di istruzione professionale)","Scuola secondaria di 2Âº grado (diploma di istruzione liceale, diploma di istruzione tecnica, diploma di istruzione professionale)",1,1,4,2,4,4,2,2,1,4,3,6,7,5,7,6,7,7,6,5,6,8,5,3,0.264142056,0.264142,0.264142,0.264142,0.269542,0.269541779,0.269541779,0.269541779,6,4,1,1,1,1,1,1,1,1,11,0.219374394,0.599630818,0.225423847,0.224600352,0.234386761,0.999933607,0.35477233,4.88E-05,0.015828392,0.000411726,0.00020199,0.999385382,4,3,3,3,1,1,1,1,0,10,0.242364085,0.650527927,0.26633738,0.279942154,0.243529311,0.999933902,0.355615312,4.88E-05,0.015721393,0.000412048,0.000195078,0.999391902,2,3,3,2,1,1,1,1,0,5,1,3,1,0,0
33,6,1,5,0,4,3,5,0.132330037,0.086983114,0.05739948,0.723287369,0.000400623,0.130183762,0.323475872,0.545939743,0,0,1,0,0,1,3,0,1,1,0,0,1,0,0,1,8,0,33,6,1,2,3,4,5,5,3,4,5,6,7,8,5,3,4,4,3,5,0.215686275,2,3,5,0.166666667,2,2986,15171,15962,Laurea specialistica,Scuola secondaria di 1Âº grado (Licenza media),2,1,4,3,4,4,1,4,4,4,4,6,7,8,7,8,8,6,8,8,8,7,2,2,0.009315631,0.010101,0.009699,0.011409,0.011178,0.012376918,0.012055149,0.014129339,1,1,0.000694,0.00159,0.001395,0.001327,0.000752,0.001853,0.001654,0.001555,1,0.890925924,0.797892263,0.796567541,0.796624962,0.378165785,0.008027486,7.37E-06,0.990411411,0.994102798,4.36E-11,0.995739479,0.004188916,1,0,0,0,0,0,0,0,1,5,0.805874683,0.771689705,0.73563098,0.739250275,0.471495726,0.008027197,7.40E-06,0.990470711,0.994098606,4.36E-11,0.995730817,0.004191763,1,1,3,1,1,3,1,1,1,7,3,7,3,0,0
33,7,0,12,0,4,3,5,0.010026511,0.002706842,0.915659907,0.071606739,0.295442628,0.32890209,0.203461537,0.172193745,1,0,0,1,0,0,6,0,1,0,0,0,1,0,0,1,2,1,33,7,1,2,3,4,3,1,5,4,5,6,7,8,3,4,5,3,1,5,0.897435897,4,3,5,0.244444444,2,2830,14486,16118,"Scuola secondaria di 2Âº grado (diploma di istruzione liceale, diploma di istruzione tecnica, diploma di istruzione professionale)","Scuola secondaria di 2Âº grado (diploma di istruzione liceale, diploma di istruzione tecnica, diploma di istruzione professionale)",1,3,4,3,4,3,3,4,3,3,3,5,5,5,7,6,8,6,5,8,7,6,6,4,0.064212664,0.064213,0.207538,0.207538,0.066126,0.066125904,0.213352685,0.213352685,0,0,0.000306,0.000351,0.000308,0.000275,0.000352,0.000455,0.00041,0.000367,0,0.899139591,0.799278768,0.798844663,0.798844701,0.499884689,0.999894295,0.004136977,9.48E-05,0.216870435,3.87E-09,0.000442304,0.999555715,0,0,0,0,0,0,1,1,1,12,0.217870964,0.41856624,0.272195869,0.285967531,0.203600786,0.999894436,0.004163583,9.48E-05,0.215901947,3.88E-09,0.000460444,0.999537258,4,2,2,2,1,0,0,0,0,0,0,8,3,1,1
33,8,5,1,1,4,3,5,0.201680056,0.527105115,0.270843519,0.00037131,0.101048593,0.796442413,0.000977198,0.101531796,0,0,1,1,0,0,8,0,1,0,0,0,1,1,0,0,6,1,33,8,1,2,3,4,2,5,3,4,5,6,7,8,1,5,4,3,2,5,0.476190476,3,1,5,0.897435897,4,2389,17800,17762,"Scuola secondaria di 2Âº grado (diploma di istruzione liceale, diploma di istruzione tecnica, diploma di istruzione professionale)","Scuola secondaria di 2Âº grado (diploma di istruzione liceale, diploma di istruzione tecnica, diploma di istruzione professionale)",2,1,1,2,2,3,3,2,1,2,2,6,5,5,6,6,8,6,6,8,6,6,1,1,0.000957953,0.000969,0.00086,0.00081,0.001126,0.001204491,0.001092811,0.001025973,2,1,0.009316,0.010101,0.009699,0.011409,0.011178,0.012377,0.012055,0.014129,5,0.857492979,0.791740928,0.766693245,0.750289417,0.49699559,1,0.999999164,6.97E-14,3.41E-10,0.985931127,1.46E-14,0.014068873,2,0,1,1,0,0,1,1,0,1,0.891960819,0.795389123,0.794366344,0.79452068,0.420096885,1,0.99999917,6.98E-14,3.36E-10,0.985934345,1.57E-14,0.014065655,1,0,0,1,0,0,1,1,1,6,3,5,2,0,1
33,9,3,11,1,4,3,8,0.632956231,0.36556655,0.000903195,0.000574023,0.245623492,0.373837765,0.229823708,0.150715035,0,0,1,0,0,1,5,0,1,1,0,1,0,1,0,0,7,1,33,9,1,2,3,4,5,4,3,2,5,6,7,8,5,5,3,3,2,5,0.476190476,3,3,5,0.333333333,2,2932,15786,15442,"Scuola secondaria di 2Âº grado (diploma di istruzione liceale, diploma di istruzione tecnica, diploma di istruzione professionale)","Scuola secondaria di 2Âº grado (diploma di istruzione liceale, diploma di istruzione tecnica, diploma di istruzione professionale)",1,1,1,2,2,3,1,2,1,2,1,6,5,5,6,8,8,5,6,7,7,6,5,4,0.264142056,0.264142,0.264142,0.264142,0.269542,0.269541779,0.269541779,0.269541779,1,1,0.002905,0.003386,0.003071,0.003098,0.003666,0.004387,0.00408,0.004118,3,0.895260461,0.798043312,0.796401406,0.792427112,0.546044086,1,0.999999512,1.16E-14,8.36E-11,0.996071006,8.34E-16,0.003928994,1,0,1,1,0,1,1,1,0,11,0.224241563,0.392879193,0.325606437,0.341509878,0.205631876,1,0.999999516,1.16E-14,8.26E-11,0.996071498,8.24E-16,0.003928502,6,1,2,3,0,1,0,1,0,0,0,2,0,1,1
33,10,0,0,0,4,3,8,0.010026511,0.002706842,0.071606739,0.915659907,0.010026511,0.002706842,0.915659907,0.071606739,1,0,0,0,1,0,4,0,1,0,1,0,0,1,0,0,3,1,33,10,1,2,3,4,1,2,4,5,5,6,7,8,4,3,5,4,1,5,1.111111111,4,3,5,0.166666667,2,2882,18100,19411,Laurea specialistica,"Scuola secondaria di 2Âº grado (diploma di istruzione liceale, diploma di istruzione tecnica, diploma di istruzione professionale)",1,3,4,3,4,4,3,4,4,4,4,5,7,8,7,8,7,7,8,7,7,7,0,0,0.000306152,0.000351,0.000308,0.000275,0.000352,0.000455359,0.000410313,0.000367235,0,0,0.000306,0.000351,0.000308,0.000275,0.000352,0.000455,0.00041,0.000367,0,0.899577289,0.79989544,0.799435219,0.799437349,0.484898621,0.001001689,1.03E-07,0.997432241,0.998416528,4.11E-14,0.999381237,0.000546896,0,0,0,0,0,0,1,1,1,0,0.898765554,0.798885186,0.798743706,0.798997535,0.480549041,0.001001743,1.04E-07,0.997491513,0.998414546,4.12E-14,0.999375617,0.000546679,0,0,0,0,0,0,1,1,1,2,1,1,0,0,1
33,11,0,0,0,4,3,7,0.002706842,0.071606739,0.010026511,0.915659907,0.071606739,0.915659907,0.002706842,0.010026511,0,0,1,0,1,0,2,0,1,1,0,0,1,0,0,1,2,1,33,11,1,2,3,4,3,4,4,5,5,6,7,8,5,5,4,4,3,5,0.166666667,2,4,5,0.074074074,1,2863,12376,13889,Laurea specialistica,"Scuola secondaria di 2Âº grado (diploma di istruzione liceale, diploma di istruzione tecnica, diploma di istruzione professionale)",2,3,4,2,4,4,2,4,4,4,4,6,5,5,6,6,8,6,6,5,6,6,0,0,0.000306152,0.000351,0.000308,0.000275,0.000352,0.000455359,0.000410313,0.000367235,0,0,0.000306,0.000351,0.000308,0.000275,0.000352,0.000455,0.00041,0.000367,0,0.899193323,0.799722883,0.799169438,0.799178538,0.487675641,0.003100637,5.13E-06,0.995334411,0.996018099,4.45E-11,0.998263016,0.001665198,0,0,0,0,0,0,1,1,1,0,0.898982328,0.798860794,0.798608006,0.798633227,0.489002097,0.003100356,5.15E-06,0.995393929,0.996014586,4.46E-11,0.998255347,0.001667037,0,0,0,0,0,0,1,1,1,1,0,2,0,0,1
34,3,0,0,1,4,3,5,0.915659907,0.071606739,0.010026511,0.002706842,0.915659907,0.071606739,0.010026511,0.002706842,0,0,1,0,1,0,1,0,1,1,NaN,NaN,NaN,NaN,NaN,NaN,NaN,0,34,3,1,2,3,4,5,4,3,1,5,6,7,8,5,3,4,1,1,5,0.897435897,4,1,5,0.897435897,4,3064,14625,15248,"Scuola secondaria di 2Âº grado (diploma di istruzione liceale, diploma di istruzione tecnica, diploma di istruzione professionale)","Scuola secondaria di 2Âº grado (diploma di istruzione liceale, diploma di istruzione tecnica, diploma di istruzione professionale)",1,1,1,2,2,3,1,1,1,2,1,5,5,5,6,6,7,5,5,5,6,5,0,0,0.000306152,0.000351,0.000308,0.000275,0.000352,0.000455359,0.000410313,0.000367235,0,0,0.000306,0.000351,0.000308,0.000275,0.000352,0.000455,0.00041,0.000367,0,0.899555009,0.799529066,0.799230456,0.799061092,0.549426574,1,0.999999424,8.38E-15,1.20E-10,0.993718325,1.14E-15,0.006281675,0,0,0,0,0,0,1,1,1,0,0.899296996,0.799380705,0.798929519,0.798925727,0.497488442,1,0.999999429,8.41E-15,1.19E-10,0.993719185,1.03E-15,0.006280815,0,0,0,0,0,0,1,1,1,0,0,2,1,1,1
34,4,0,0,0,4,3,1,0.002706842,0.010026511,0.071606739,0.915659907,0.915659907,0.071606739,0.010026511,0.002706842,0,0,1,0,1,0,3,0,1,1,0,1,0,1,0,0,3,1,34,4,1,2,3,4,3,1,4,4,5,6,7,8,4,4,1,1,1,4,0.666666667,3,1,4,1.2,3,NaN,NaN,NaN,,,2,3,4,3,4,4,3,4,4,4,4,5,5,5,6,6,7,5,5,5,6,5,0,0,0.000306152,0.000351,0.000308,0.000275,0.000352,0.000455359,0.000410313,0.000367235,0,0,0.000306,0.000351,0.000308,0.000275,0.000352,0.000455,0.00041,0.000367,0,0.899657266,0.799910991,0.799788756,0.799791181,0.489622761,0.000805806,1.21E-07,0.997627817,0.998416509,5.35E-14,0.999484418,0.000443708,0,0,0,0,0,0,1,1,1,0,0.899296996,0.799380705,0.798929519,0.798925727,0.497488442,0.000805842,1.22E-07,0.997687119,0.998414528,5.35E-14,0.999478799,0.00044349,0,0,0,0,0,0,1,1,1,3,1,2,0,0,0
34,5,0,3,1,4,3,4,0.071606739,0.010026511,0.915659907,0.002706842,0.000903428,0.365401124,0.633121317,0.000574131,0,0,1,0,1,0,4,0,1,1,1,0,0,1,0,0,2,1,34,5,1,2,3,4,3,2,5,1,5,6,7,8,2,4,5,2,1,5,1.060606061,4,2,5,0.692307692,3,2966,18185,NaN,Laurea specialistica,Laurea specialistica,1,3,1,3,2,3,3,1,3,3,3,6,7,5,6,6,7,7,6,7,7,7,1,1,0.002904536,0.003386,0.003071,0.003098,0.003666,0.004387326,0.004079551,0.00411772,0,0,0.000306,0.000351,0.000308,0.000275,0.000352,0.000455,0.00041,0.000367,0,0.898757351,0.79851284,0.798270561,0.798270295,0.500033341,1,0.994314664,8.82E-12,3.85E-05,9.57E-05,1.13E-10,0.999904254,0,0,0,0,0,0,1,1,1,3,0.889136332,0.797182208,0.793006406,0.79307182,0.506878782,1,0.994366922,8.84E-12,3.79E-05,9.58E-05,1.10E-10,0.999904164,2,1,0,2,1,0,1,1,1,0,0,1,0,1,1
34,6,0,0,0,4,3,5,0.002706842,0.010026511,0.915659907,0.071606739,0.010026511,0.915659907,0.002706842,0.071606739,0,0,1,0,1,0,2,0,1,1,0,1,0,1,0,0,3,1,34,6,1,2,3,4,1,1,5,3,5,6,7,8,3,5,3,4,1,5,1.466666667,4,3,5,0.244444444,2,2592,11291,13231,"Scuola secondaria di 2Âº grado (diploma di istruzione liceale, diploma di istruzione tecnica, diploma di istruzione professionale)",Scuola secondaria di 1Âº grado (Licenza media),2,3,4,3,4,3,3,4,3,3,3,6,5,8,6,6,8,6,6,8,6,6,0,0,0.000306152,0.000351,0.000308,0.000275,0.000352,0.000455359,0.000410313,0.000367235,0,0,0.000306,0.000351,0.000308,0.000275,0.000352,0.000455,0.00041,0.000367,0,0.898812731,0.799137247,0.798473225,0.798473267,0.499551811,0.999868576,0.004868986,0.000117831,0.216711024,6.20E-09,0.000545166,0.999452392,0,0,0,0,0,0,1,1,1,0,0.896326696,0.796122316,0.794633182,0.794786872,0.470434742,0.999868751,0.00489858,0.000117922,0.215742596,6.21E-09,0.000567576,0.99942959,0,0,0,0,0,0,1,1,1,1,0,1,0,0,1
34,7,0,0,0,4,3,6,0.010026511,0.002706842,0.071606739,0.915659907,0.002706842,0.010026511,0.915659907,0.071606739,0,0,1,0,1,0,5,0,1,1,0,1,0,0,1,0,6,1,34,7,1,2,3,4,1,1,1,5,5,6,7,8,1,1,5,1,1,5,2,4,1,5,2,4,2954,13995,19189,"Scuola secondaria di 2Âº grado (diploma di istruzione liceale, diploma di istruzione tecnica, diploma di istruzione professionale)","Scuola secondaria di 2Âº grado (diploma di istruzione liceale, diploma di istruzione tecnica, diploma di istruzione professionale)",1,3,4,3,4,4,3,4,4,4,4,6,7,8,7,8,7,7,8,7,7,7,0,0,0.000306152,0.000351,0.000308,0.000275,0.000352,0.000455359,0.000410313,0.000367235,0,0,0.000306,0.000351,0.000308,0.000275,0.000352,0.000455,0.00041,0.000367,0,0.899577289,0.79989544,0.799435219,0.799437349,0.484898621,0.001001689,1.03E-07,0.997432241,0.998416528,4.11E-14,0.999381237,0.000546896,0,0,0,0,0,0,1,1,1,0,0.899259628,0.799366178,0.799054432,0.799247696,0.484790148,0.001001743,1.04E-07,0.997491513,0.998414546,4.12E-14,0.999375617,0.000546679,0,0,0,0,0,0,1,1,1,3,0,3,0,0,1
34,8,5,6,0,4,3,4,0.130183762,0.000400623,0.323475872,0.545939743,0.18377913,0.060851058,0.507388396,0.247981417,0,1,0,0,0,1,3,0,1,0,0,0,1,0,0,1,5,1,34,8,1,2,3,4,4,2,5,4,5,6,7,8,4,5,4,3,2,5,0.422222222,3,3,5,0.166666667,2,2562,16351,18130,,,1,3,4,3,4,4,1,4,4,4,3,6,7,5,7,8,7,7,5,8,7,7,3,2,0.019469538,0.01947,0.019672,0.019672,0.021729,0.021728649,0.022186591,0.022186591,2,2,0.009316,0.010101,0.009699,0.011409,0.011178,0.012377,0.012055,0.014129,5,0.876425518,0.797027098,0.788646402,0.788646991,0.443109599,0.164427688,1.82E-05,0.82048661,0.921868317,1.53E-10,0.914108032,0.081807013,1,1,3,1,1,3,1,1,1,6,0.537414683,0.750204133,0.680839678,0.686864616,0.344898969,0.164504523,1.83E-05,0.82096947,0.921712164,1.58E-10,0.911397307,0.084062255,3,0,1,1,0,0,0,0,0,3,1,7,3,0,0
34,9,9,11,0,4,3,6,0.312832085,0.258850708,0.197880612,0.230436595,0.238169454,0.198691244,0.364448059,0.198691244,0,1,0,1,0,0,1,0,1,0,0,0,1,0,0,0,1,0,34,9,1,2,3,4,5,3,4,5,5,6,7,8,5,5,5,5,3,5,0.215686275,2,5,5,0,0,2930,15126,16682,"Scuola secondaria di 2Âº grado (diploma di istruzione liceale, diploma di istruzione tecnica, diploma di istruzione professionale)",Scuola secondaria di 1Âº grado (Licenza media),2,1,4,3,2,4,3,2,1,4,1,5,5,8,7,6,7,6,5,7,8,7,6,4,1,1,1,1,1,1,1,1,6,5,0.052765,0.207538,0.207538,0.207538,0.052802,0.213353,0.213353,0.213353,9,0.224700809,0.311333012,0.268998886,0.268596301,0.210316728,0.999999687,0.919191012,1.75E-07,0.000937141,0.00110258,1.17E-06,0.998896244,3,2,2,1,0,0,0,0,0,11,0.234798198,0.333238384,0.270288491,0.318085347,0.203049489,0.999999689,0.919583746,1.75E-07,0.000929491,0.001103402,1.11E-06,0.998895478,6,1,2,2,0,0,0,0,0,4,0,8,0,0,0
34,10,0,0,0,4,3,7,0.002706842,0.010026511,0.071606739,0.915659907,0.002706842,0.915659907,0.071606739,0.010026511,0,0,1,1,0,0,4,0,1,1,1,0,0,0,0,1,5,1,34,10,1,2,3,4,3,3,4,5,5,6,7,8,3,5,5,4,3,5,0.244444444,2,3,5,0.215686275,2,NaN,NaN,NaN,,,2,3,4,3,4,4,3,4,4,4,4,6,7,8,6,6,7,6,6,7,6,6,0,0,0.000306152,0.000351,0.000308,0.000275,0.000352,0.000455359,0.000410313,0.000367235,0,0,0.000306,0.000351,0.000308,0.000275,0.000352,0.000455,0.00041,0.000367,0,0.899657266,0.799910991,0.799788756,0.799791181,0.489622761,0.000805806,1.21E-07,0.997627817,0.998416509,5.35E-14,0.999484418,0.000443708,0,0,0,0,0,0,1,1,1,0,0.890405861,0.796930365,0.79582644,0.795943657,0.50203661,0.000805842,1.22E-07,0.997687119,0.998414528,5.35E-14,0.999478799,0.00044349,0,0,0,0,0,0,1,1,1,1,0,1,0,0,1
34,11,0,0,0,4,3,4,0.002706842,0.071606739,0.010026511,0.915659907,0.002706842,0.010026511,0.915659907,0.071606739,1,0,0,0,1,0,8,0,1,0,0,0,1,0,0,1,3,1,34,11,1,2,3,4,3,4,4,5,5,6,7,8,5,5,5,4,3,5,0.166666667,2,4,5,0.052631579,1,3093,NaN,NaN,"Scuola secondaria di 2Âº grado (diploma di istruzione liceale, diploma di istruzione tecnica, diploma di istruzione professionale)","Scuola secondaria di 2Âº grado (diploma di istruzione liceale, diploma di istruzione tecnica, diploma di istruzione professionale)",2,3,4,2,4,4,2,4,4,4,4,6,7,8,7,8,7,7,8,7,7,7,0,0,0.000306152,0.000351,0.000308,0.000275,0.000352,0.000455359,0.000410313,0.000367235,0,0,0.000306,0.000351,0.000308,0.000275,0.000352,0.000455,0.00041,0.000367,0,0.899193323,0.799722883,0.799169438,0.799178538,0.487675641,0.003100637,5.13E-06,0.995334411,0.996018099,4.45E-11,0.998263016,0.001665198,0,0,0,0,0,0,1,1,1,0,0.899259628,0.799366178,0.799054432,0.799247696,0.484790148,0.003100356,5.15E-06,0.995393929,0.996014586,4.46E-11,0.998255347,0.001667037,0,0,0,0,0,0,1,1,1,1,0,7,2,0,1
34,12,0,0,0,4,3,8,0.010026511,0.002706842,0.071606739,0.915659907,0.010026511,0.071606739,0.915659907,0.002706842,0,0,1,0,1,0,5,0,1,1,0,0,1,0,0,1,3,1,34,12,1,2,3,4,3,4,5,5,5,6,7,8,4,5,5,3,3,5,0.215686275,2,3,5,0.215686275,2,2975,16878,17109,Dottorato di ricerca,Laurea specialistica,1,3,4,3,4,4,3,4,4,4,4,6,7,5,7,6,7,7,6,7,7,7,0,0,0.000306152,0.000351,0.000308,0.000275,0.000352,0.000455359,0.000410313,0.000367235,0,0,0.000306,0.000351,0.000308,0.000275,0.000352,0.000455,0.00041,0.000367,0,0.899577289,0.79989544,0.799435219,0.799437349,0.484898621,0.001001689,1.03E-07,0.997432241,0.998416528,4.11E-14,0.999381237,0.000546896,0,0,0,0,0,0,1,1,1,0,0.898483665,0.79944866,0.795283695,0.794938399,0.500186889,0.001001743,1.04E-07,0.997491513,0.998414546,4.12E-14,0.999375617,0.000546679,0,0,0,0,0,0,1,1,1,3,1,1,0,0,0
34,13,1,0,0,4,3,6,0.000977198,0.101531796,0.101048593,0.796442413,0.010026511,0.915659907,0.071606739,0.002706842,0,1,0,0,0,1,8,0,1,0,0,1,0,0,0,1,5,1,34,13,1,2,3,4,1,2,1,5,5,6,7,8,1,5,4,3,1,5,1.592592593,4,1,5,0.897435897,4,2961,15214,16734,Laurea specialistica,Laurea specialistica,2,3,4,3,4,4,2,4,4,4,4,6,7,5,6,6,7,6,6,7,6,6,0,0,0.000306152,0.000351,0.000308,0.000275,0.000352,0.000455359,0.000410313,0.000367235,1,1,0.000958,0.000969,0.00086,0.00081,0.001126,0.001204,0.001093,0.001026,1,0.897580007,0.799573308,0.79918085,0.799194864,0.439814324,0.001599792,7.67E-07,0.996832899,0.996022441,1.57E-12,0.999054772,0.000873385,1,0,0,1,0,0,1,1,1,0,0.897355818,0.798026291,0.797209173,0.797269583,0.508980094,0.001599754,7.70E-07,0.996892264,0.996018945,1.57E-12,0.999048575,0.000873747,0,0,0,0,0,0,1,1,1,2,0,2,1,0,1
34,14,0,0,0,4,3,6,0.002706842,0.010026511,0.071606739,0.915659907,0.002706842,0.071606739,0.915659907,0.010026511,0,0,1,1,0,0,8,0,1,0,0,0,1,1,0,0,5,1,34,14,1,2,3,4,1,2,3,4,5,6,7,8,1,4,5,3,1,4,0.666666667,3,1,5,0.897435897,4,2740,13630,14509,Laurea specialistica,Laurea specialistica,2,3,4,3,4,4,3,4,4,4,4,6,7,8,7,6,7,7,6,7,7,7,0,0,0.000306152,0.000351,0.000308,0.000275,0.000352,0.000455359,0.000410313,0.000367235,0,0,0.000306,0.000351,0.000308,0.000275,0.000352,0.000455,0.00041,0.000367,0,0.899657266,0.799910991,0.799788756,0.799791181,0.489622761,0.000805806,1.21E-07,0.997627817,0.998416509,5.35E-14,0.999484418,0.000443708,0,0,0,0,0,0,1,1,1,0,0.899032073,0.799495974,0.798733223,0.79879813,0.487653354,0.000805842,1.22E-07,0.997687119,0.998414528,5.35E-14,0.999478799,0.00044349,0,0,0,0,0,0,1,1,1,0,0,0,0,1,1
34,15,0,0,0,4,3,7,0.002706842,0.010026511,0.071606739,0.915659907,0.002706842,0.010026511,0.915659907,0.071606739,1,0,0,1,0,0,4,0,1,0,1,0,0,1,0,0,2,1,34,15,1,2,3,4,3,3,4,5,5,6,7,8,3,3,5,4,3,5,0.244444444,2,3,5,0.244444444,2,3176,13984,15194,Laurea specialistica,Laurea specialistica,2,3,4,3,4,4,3,4,4,4,4,6,7,8,7,8,7,7,8,7,7,7,0,0,0.000306152,0.000351,0.000308,0.000275,0.000352,0.000455359,0.000410313,0.000367235,0,0,0.000306,0.000351,0.000308,0.000275,0.000352,0.000455,0.00041,0.000367,0,0.899657266,0.799910991,0.799788756,0.799791181,0.489622761,0.000805806,1.21E-07,0.997627817,0.998416509,5.35E-14,0.999484418,0.000443708,0,0,0,0,0,0,1,1,1,0,0.899259628,0.799366178,0.799054432,0.799247696,0.484790148,0.000805842,1.22E-07,0.997687119,0.998414528,5.35E-14,0.999478799,0.00044349,0,0,0,0,0,0,1,1,1,1,0,1,0,0,1
35,6,0,0,1,4,3,6,0.071606739,0.915659907,0.010026511,0.002706842,0.010026511,0.071606739,0.915659907,0.002706842,1,0,0,1,0,0,4,0,0,0,0,0,1,1,0,0,3,1,35,6,1,2,3,4,4,5,2,1,5,6,7,8,3,4,5,2,1,5,1.111111111,4,2,5,0.476190476,3,NaN,NaN,NaN,,,2,1,1,2,2,3,2,2,1,2,2,6,7,5,7,6,7,7,6,7,7,7,0,0,0.000306152,0.000351,0.000308,0.000275,0.000352,0.000455359,0.000410313,0.000367235,0,0,0.000306,0.000351,0.000308,0.000275,0.000352,0.000455,0.00041,0.000367,0,0.89920837,0.799527005,0.797852205,0.779980765,0.5011577,1,0.99999966,3.51E-14,5.39E-11,0.999042559,5.05E-16,0.000957441,0,0,0,0,0,0,1,1,1,0,0.898483665,0.79944866,0.795283695,0.794938399,0.500186889,1,0.999999663,3.51E-14,5.32E-11,0.999042646,5.41E-16,0.000957354,0,0,0,0,0,0,1,1,1,0,0,0,0,1,1
35,7,0,3,0,4,3,1,0.010026511,0.002706842,0.915659907,0.071606739,0.365401124,0.633121317,0.000574131,0.000903428,0,0,1,0,1,0,2,0,0,1,0,1,0,1,0,0,2,1,35,7,1,2,3,4,2,3,5,1,5,6,7,8,4,5,3,2,1,5,1.060606061,4,2,5,0.476190476,3,2882,15063,15308,Laurea specialistica,"Scuola secondaria di 2Âº grado (diploma di istruzione liceale, diploma di istruzione tecnica, diploma di istruzione professionale)",1,3,4,3,4,3,3,4,3,3,3,5,5,5,6,6,8,6,6,5,6,6,1,1,0.002904536,0.003386,0.003071,0.003098,0.003666,0.004387326,0.004079551,0.00411772,0,0,0.000306,0.000351,0.000308,0.000275,0.000352,0.000455,0.00041,0.000367,0,0.899139591,0.799278768,0.798844663,0.798844701,0.499884689,0.999894295,0.004136977,9.48E-05,0.216870435,3.87E-09,0.000442304,0.999555715,0,0,0,0,0,0,1,1,1,3,0.891634518,0.795547962,0.79101176,0.791107842,0.497783477,0.999894436,0.004163583,9.48E-05,0.215901947,3.88E-09,0.000460444,0.999537258,2,1,0,2,1,0,1,1,1,6,3,2,1,0,1
35,8,0,0,0,4,3,7,0.002706842,0.071606739,0.915659907,0.010026511,0.915659907,0.002706842,0.010026511,0.071606739,0,0,1,0,1,0,4,0,0,1,1,0,0,0,0,0,4,0,35,8,1,2,3,4,1,4,5,4,5,6,7,8,5,2,3,5,1,5,0.857142857,4,2,5,0.6,3,3180,17215,18763,"Scuola secondaria di 2Âº grado (diploma di istruzione liceale, diploma di istruzione tecnica, diploma di istruzione professionale)",Scuola secondaria di 1Âº grado (Licenza media),2,3,4,3,2,3,3,2,3,3,3,5,5,5,7,8,8,5,5,5,8,5,0,0,0.000306152,0.000351,0.000308,0.000275,0.000352,0.000455359,0.000410313,0.000367235,0,0,0.000306,0.000351,0.000308,0.000275,0.000352,0.000455,0.00041,0.000367,0,0.883536688,0.797185951,0.790464812,0.790462499,0.498929119,0.999999984,0.765667744,2.09E-09,0.001311197,9.88E-06,1.62E-08,0.999990104,0,0,0,0,0,0,1,1,1,0,0.897109017,0.797357319,0.793687839,0.753426384,0.492622927,0.999999985,0.766805374,2.09E-09,0.001292596,9.89E-06,1.75E-08,0.999990093,0,0,0,0,0,0,1,1,1,1,0,1,0,0,1
35,9,0,0,0,4,3,7,0.002706842,0.071606739,0.010026511,0.915659907,0.002706842,0.071606739,0.915659907,0.010026511,0,0,1,0,1,0,3,0,0,1,0,0,1,0,0,1,2,1,35,9,1,2,3,4,1,2,1,5,5,6,7,8,2,4,5,5,1,5,1.592592593,4,2,5,0.5,3,2967,14138,15488,Scuola secondaria di 1Âº grado (Licenza media),Scuola primaria (Licenza elementare),2,3,4,2,4,4,2,4,4,4,4,6,7,8,7,6,7,7,6,7,7,7,0,0,0.000306152,0.000351,0.000308,0.000275,0.000352,0.000455359,0.000410313,0.000367235,0,0,0.000306,0.000351,0.000308,0.000275,0.000352,0.000455,0.00041,0.000367,0,0.899193323,0.799722883,0.799169438,0.799178538,0.487675641,0.003100637,5.13E-06,0.995334411,0.996018099,4.45E-11,0.998263016,0.001665198,0,0,0,0,0,0,1,1,1,0,0.899032073,0.799495974,0.798733223,0.79879813,0.487653354,0.003100356,5.15E-06,0.995393929,0.996014586,4.46E-11,0.998255347,0.001667037,0,0,0,0,0,0,1,1,1,1,0,3,1,0,1
35,10,0,0,1,4,3,2,0.915659907,0.010026511,0.071606739,0.002706842,0.071606739,0.915659907,0.002706842,0.010026511,0,1,0,0,1,0,1,0,0,0,0,0,1,0,0,1,1,1,35,10,1,2,3,4,5,4,4,3,5,6,7,8,4,5,3,4,3,5,0.166666667,2,3,5,0.166666667,2,2257,14971,15598,Laurea triennale,Laurea triennale,1,1,1,3,2,3,1,1,1,3,1,6,5,5,6,6,8,6,6,5,6,6,0,0,0.000306152,0.000351,0.000308,0.000275,0.000352,0.000455359,0.000410313,0.000367235,0,0,0.000306,0.000351,0.000308,0.000275,0.000352,0.000455,0.00041,0.000367,0,0.899273202,0.799108707,0.798927354,0.798906785,0.591917401,1,0.99997541,6.61E-14,7.31E-09,0.416412904,8.02E-13,0.583587096,0,0,0,0,0,0,1,1,1,0,0.898982328,0.798860794,0.798608006,0.798633227,0.489002097,1,0.999975649,6.63E-14,7.24E-09,0.416515167,7.62E-13,0.583484833,0,0,0,0,0,0,1,1,1,1,0,1,0,0,1
35,11,0,0,1,4,3,4,0.915659907,0.071606739,0.010026511,0.002706842,0.915659907,0.071606739,0.002706842,0.010026511,0,0,1,0,1,0,1,0,0,1,0,0,1,1,0,0,2,1,35,11,1,2,3,4,5,4,3,1,5,6,7,8,5,4,3,2,1,5,0.897435897,4,2,5,0.476190476,3,3157,16243,17044,Nessun titolo di studio,"Scuola secondaria di 2Âº grado (diploma di istruzione liceale, diploma di istruzione tecnica, diploma di istruzione professionale)",1,1,1,2,2,3,1,1,1,2,1,5,5,5,6,6,8,5,5,5,6,5,0,0,0.000306152,0.000351,0.000308,0.000275,0.000352,0.000455359,0.000410313,0.000367235,0,0,0.000306,0.000351,0.000308,0.000275,0.000352,0.000455,0.00041,0.000367,0,0.899555009,0.799529066,0.799230456,0.799061092,0.549426574,1,0.999999424,8.38E-15,1.20E-10,0.993718325,1.14E-15,0.006281675,0,0,0,0,0,0,1,1,1,0,0.899376629,0.799427965,0.797364969,0.797356977,0.504583747,1,0.999999429,8.41E-15,1.19E-10,0.993719185,1.03E-15,0.006280815,0,0,0,0,0,0,1,1,1,0,0,2,1,1,1
35,12,0,0,0,4,3,1,0.010026511,0.002706842,0.071606739,0.915659907,0.010026511,0.071606739,0.915659907,0.002706842,0,0,1,0,1,0,2,0,0,1,0,1,0,1,0,0,7,1,35,12,1,2,3,4,2,1,4,5,5,6,7,8,4,4,5,1,1,5,1.111111111,4,1,5,0.857142857,4,2907,11070,12027,"Scuola secondaria di 2Âº grado (diploma di istruzione liceale, diploma di istruzione tecnica, diploma di istruzione professionale)","Scuola secondaria di 2Âº grado (diploma di istruzione liceale, diploma di istruzione tecnica, diploma di istruzione professionale)",1,3,4,3,4,4,3,4,4,4,4,6,7,5,7,6,7,7,6,7,7,7,0,0,0.000306152,0.000351,0.000308,0.000275,0.000352,0.000455359,0.000410313,0.000367235,0,0,0.000306,0.000351,0.000308,0.000275,0.000352,0.000455,0.00041,0.000367,0,0.899577289,0.79989544,0.799435219,0.799437349,0.484898621,0.001001689,1.03E-07,0.997432241,0.998416528,4.11E-14,0.999381237,0.000546896,0,0,0,0,0,0,1,1,1,0,0.898483665,0.79944866,0.795283695,0.794938399,0.500186889,0.001001743,1.04E-07,0.997491513,0.998414546,4.12E-14,0.999375617,0.000546679,0,0,0,0,0,0,1,1,1,0,0,1,0,1,1
35,13,0,0,1,4,3,3,0.071606739,0.915659907,0.010026511,0.002706842,0.010026511,0.002706842,0.071606739,0.915659907,0,0,1,0,1,0,3,0,0,1,0,0,1,1,0,0,3,1,35,13,1,2,3,4,4,5,2,1,5,6,7,8,4,3,2,5,1,5,1.111111111,4,2,5,0.476190476,3,3157,16243,17044,Nessun titolo di studio,"Scuola secondaria di 2Âº grado (diploma di istruzione liceale, diploma di istruzione tecnica, diploma di istruzione professionale)",2,1,1,2,2,3,2,2,1,2,2,5,7,8,7,8,8,7,8,8,8,8,0,0,0.000306152,0.000351,0.000308,0.000275,0.000352,0.000455359,0.000410313,0.000367235,0,0,0.000306,0.000351,0.000308,0.000275,0.000352,0.000455,0.00041,0.000367,0,0.89920837,0.799527005,0.797852205,0.779980765,0.5011577,1,0.99999966,3.51E-14,5.39E-11,0.999042559,5.05E-16,0.000957441,0,0,0,0,0,0,1,1,1,0,0.899116397,0.798261758,0.797564226,0.798371181,0.480995445,1,0.999999663,3.51E-14,5.32E-11,0.999042646,5.41E-16,0.000957354,0,0,0,0,0,0,1,1,1,0,0,4,2,1,1
35,14,0,0,1,4,3,5,0.915659907,0.010026511,0.071606739,0.002706842,0.071606739,0.915659907,0.002706842,0.010026511,0,0,1,0,1,0,2,0,0,1,0,0,1,1,0,0,3,1,35,14,1,2,3,4,5,3,4,4,5,6,7,8,5,5,4,4,3,5,0.166666667,2,4,5,0.074074074,1,3080,14307,16096,"Scuola secondaria di 2Âº grado (diploma di istruzione liceale, diploma di istruzione tecnica, diploma di istruzione professionale)","Scuola secondaria di 2Âº grado (diploma di istruzione liceale, diploma di istruzione tecnica, diploma di istruzione professionale)",1,1,1,3,2,3,1,1,1,3,1,6,5,5,6,6,8,6,6,5,6,6,0,0,0.000306152,0.000351,0.000308,0.000275,0.000352,0.000455359,0.000410313,0.000367235,0,0,0.000306,0.000351,0.000308,0.000275,0.000352,0.000455,0.00041,0.000367,0,0.899273202,0.799108707,0.798927354,0.798906785,0.591917401,1,0.99997541,6.61E-14,7.31E-09,0.416412904,8.02E-13,0.583587096,0,0,0,0,0,0,1,1,1,0,0.898982328,0.798860794,0.798608006,0.798633227,0.489002097,1,0.999975649,6.63E-14,7.24E-09,0.416515167,7.62E-13,0.583484833,0,0,0,0,0,0,1,1,1,3,1,2,0,0,1
35,15,6,5,0,4,3,5,0.328627049,0.459669094,0.050877321,0.160826535,0.130165912,0.546046116,0.000400677,0.323387295,0,0,1,1,0,0,4,0,0,1,0,0,1,0,0,1,5,1,35,15,1,2,3,4,5,4,5,1,5,6,7,8,3,5,1,4,1,5,0.955555556,4,1,5,0.897435897,4,2841,16982,17796,"Scuola secondaria di 2Âº grado (diploma di istruzione liceale, diploma di istruzione tecnica, diploma di istruzione professionale)","Scuola secondaria di 2Âº grado (diploma di istruzione liceale, diploma di istruzione tecnica, diploma di istruzione professionale)",2,1,1,2,2,3,2,1,1,4,2,6,5,8,6,6,8,6,8,5,6,6,2,2,0.009315631,0.010101,0.009699,0.011409,0.011178,0.012376918,0.012055149,0.014129339,3,2,0.01947,0.01947,0.019672,0.019672,0.021729,0.021729,0.022187,0.022187,6,0.700421434,0.772413901,0.700500344,0.688533217,0.492052927,1,0.999995402,5.91E-12,1.58E-08,0.942267232,4.66E-12,0.057732768,3,0,2,2,0,1,1,1,0,5,0.74933896,0.757840258,0.74471514,0.746530015,0.38953657,1,0.999995441,5.93E-12,1.56E-08,0.942282114,4.52E-12,0.057717886,2,0,1,2,0,0,1,1,0,6,2,0,0,1,1
35,16,0,3,1,4,3,5,0.915659907,0.071606739,0.010026511,0.002706842,0.000574131,0.633121317,0.000903428,0.365401124,0,0,1,0,1,0,3,0,0,1,0,1,0,0,0,1,5,1,35,16,1,2,3,4,5,4,2,3,5,6,7,8,3,4,1,5,2,5,0.476190476,3,1,5,0.897435897,4,2945,13994,13835,"Scuola secondaria di 2Âº grado (diploma di istruzione liceale, diploma di istruzione tecnica, diploma di istruzione professionale)",Laurea specialistica,1,1,1,2,2,3,1,1,1,2,1,6,7,8,6,8,8,6,6,8,6,6,1,1,0.002904536,0.003386,0.003071,0.003098,0.003666,0.004387326,0.004079551,0.00411772,0,0,0.000306,0.000351,0.000308,0.000275,0.000352,0.000455,0.00041,0.000367,0,0.899555009,0.799529066,0.799230456,0.799061092,0.549426574,1,0.999999424,8.38E-15,1.20E-10,0.993718325,1.14E-15,0.006281675,0,0,0,0,0,0,1,1,1,3,0.866279537,0.783527066,0.771500286,0.772473941,0.485615139,1,0.999999429,8.41E-15,1.19E-10,0.993719185,1.03E-15,0.006280815,2,1,0,2,1,0,1,1,1,2,1,4,2,0,1
35,17,4,8,1,4,3,7,0.499192247,0.499564322,0.000745539,0.000497891,0.352806379,0.375442705,0.133460766,0.138290151,0,0,1,1,0,0,5,0,0,1,0,0,1,0,0,1,1,1,35,17,1,2,3,4,5,5,3,3,5,6,7,8,5,5,4,4,3,5,0.333333333,2,4,5,0.074074074,1,3051,14065,16191,"Scuola secondaria di 2Âº grado (diploma di istruzione liceale, diploma di istruzione tecnica, diploma di istruzione professionale)","Scuola secondaria di 2Âº grado (diploma di istruzione liceale, diploma di istruzione tecnica, diploma di istruzione professionale)",1,1,1,2,2,3,2,1,1,2,2,5,7,5,6,6,7,6,5,5,8,6,5,4,0.064212664,0.064213,0.207538,0.207538,0.066126,0.066125904,0.213352685,0.213352685,2,2,0.002905,0.003386,0.003071,0.003098,0.003666,0.004387,0.00408,0.004118,4,0.873766458,0.794542825,0.790259332,0.779664584,0.518279805,1,0.999999528,2.04E-14,9.08E-11,0.997544712,8.94E-16,0.002455288,1,1,1,1,1,1,1,1,0,8,0.247055685,0.558072928,0.515350881,0.523094134,0.246053491,1,0.999999532,2.04E-14,8.99E-11,0.997544991,8.83E-16,0.002455009,4,1,2,2,0,1,0,1,0,3,0,5,0,0,0
35,18,0,4,1,4,3,7,0.071606739,0.915659907,0.010026511,0.002706842,0.499378285,0.000745539,0.000497891,0.499378285,0,0,1,0,1,0,1,0,0,1,0,0,1,1,0,0,1,1,35,18,1,2,3,4,5,5,5,5,5,6,7,8,5,5,5,5,5,5,0,0,5,5,0,0,3041,14906,15047,Laurea specialistica,"Scuola secondaria di 2Âº grado (diploma di istruzione liceale, diploma di istruzione tecnica, diploma di istruzione professionale)",2,1,1,2,2,3,2,2,1,2,2,5,5,5,6,8,8,5,8,8,8,5,2,2,0.002904536,0.003386,0.003071,0.003098,0.003666,0.004387326,0.004079551,0.00411772,0,0,0.000306,0.000351,0.000308,0.000275,0.000352,0.000455,0.00041,0.000367,0,0.89920837,0.799527005,0.797852205,0.779980765,0.5011577,1,0.99999966,3.51E-14,5.39E-11,0.999042559,5.05E-16,0.000957441,0,0,0,0,0,0,1,1,1,4,0.826072042,0.780446626,0.666816071,0.663388917,0.502674266,1,0.999999663,3.51E-14,5.32E-11,0.999042646,5.41E-16,0.000957354,2,0,2,2,0,3,1,1,1,6,0,7,0,0,0
35,19,0,0,1,4,3,7,0.071606739,0.915659907,0.010026511,0.002706842,0.010026511,0.915659907,0.002706842,0.071606739,0,0,1,0,1,0,1,0,0,1,0,0,1,0,0,1,8,0,35,19,1,2,3,4,3,5,1,1,5,6,7,8,4,5,1,3,1,5,1.466666667,4,1,5,0.897435897,4,3127,15760,16179,Laurea specialistica,"Scuola secondaria di 2Âº grado (diploma di istruzione liceale, diploma di istruzione tecnica, diploma di istruzione professionale)",2,1,1,2,2,3,2,2,1,2,2,6,5,8,6,6,8,6,6,8,6,6,0,0,0.000306152,0.000351,0.000308,0.000275,0.000352,0.000455359,0.000410313,0.000367235,0,0,0.000306,0.000351,0.000308,0.000275,0.000352,0.000455,0.00041,0.000367,0,0.89920837,0.799527005,0.797852205,0.779980765,0.5011577,1,0.99999966,3.51E-14,5.39E-11,0.999042559,5.05E-16,0.000957441,0,0,0,0,0,0,1,1,1,0,0.896326696,0.796122316,0.794633182,0.794786872,0.470434742,1,0.999999663,3.51E-14,5.32E-11,0.999042646,5.41E-16,0.000957354,0,0,0,0,0,0,1,1,1,1,0,2,1,0,1
35,20,0,6,1,4,3,6,0.915659907,0.071606739,0.002706842,0.010026511,0.512802655,0.306698061,0.000350729,0.180148555,1,0,0,1,0,0,2,0,0,0,0,0,1,1,0,0,4,1,35,20,1,2,3,4,5,4,3,4,5,6,7,8,5,4,3,4,3,5,0.166666667,2,3,5,0.166666667,2,3031,15452,17084,Laurea triennale,Laurea specialistica,1,1,1,2,2,4,1,1,1,2,1,5,5,8,6,6,8,6,5,5,6,5,2,2,0.009315631,0.010101,0.009699,0.011409,0.011178,0.012376918,0.012055149,0.014129339,0,0,0.000306,0.000351,0.000308,0.000275,0.000352,0.000455,0.00041,0.000367,0,0.898788368,0.798550063,0.79826998,0.798178304,0.504072501,1,0.999990495,4.67E-13,1.97E-09,0.983345455,1.17E-13,0.016654545,0,0,0,0,0,0,1,1,1,6,0.850402026,0.787473394,0.779309046,0.779325626,0.50201091,1,0.999990573,4.68E-13,1.96E-09,0.983348197,1.03E-13,0.016651803,3,1,1,2,0,1,0,1,0,1,0,1,0,0,1
35,21,5,6,0,4,3,8,0.000371259,0.201706528,0.270916774,0.527005439,0.127235913,0.309173618,0.045831615,0.517758854,1,0,0,1,0,0,4,0,0,0,0,0,1,0,0,1,5,1,35,21,1,2,3,4,4,4,4,5,5,6,7,8,3,4,3,5,4,5,0.058823529,1,3,5,0.244444444,2,2913,16727,17822,"Scuola secondaria di 2Âº grado (diploma di istruzione liceale, diploma di istruzione tecnica, diploma di istruzione professionale)","Scuola secondaria di 2Âº grado (diploma di istruzione liceale, diploma di istruzione tecnica, diploma di istruzione professionale)",2,3,4,2,4,4,2,4,4,4,3,6,7,8,6,8,8,5,8,8,8,6,3,2,0.019469538,0.01947,0.019672,0.019672,0.021729,0.021728649,0.022186591,0.022186591,2,1,0.009316,0.010101,0.009699,0.011409,0.011178,0.012377,0.012055,0.014129,5,0.85327165,0.795026675,0.787681627,0.787683082,0.454828938,0.149153772,0.00010891,0.835573037,0.945973489,5.32E-09,0.921476113,0.074406,0,2,3,0,1,3,1,1,1,6,0.481406288,0.69836382,0.575054796,0.587690437,0.420997915,0.149214918,0.000109481,0.836080128,0.945852896,5.49E-09,0.918856191,0.076566207,2,1,3,1,1,3,1,1,1,3,0,2,0,1,1
35,22,0,0,0,4,3,3,0.010026511,0.002706842,0.071606739,0.915659907,0.010026511,0.071606739,0.915659907,0.002706842,1,0,0,0,1,0,8,0,0,0,0,0,1,1,0,0,2,1,35,22,1,2,3,4,1,1,3,5,5,6,7,8,1,1,5,1,1,5,1.466666667,4,1,5,2,4,NaN,NaN,NaN,,,1,3,4,3,4,4,3,4,4,4,4,6,7,5,7,6,7,7,6,7,7,7,0,0,0.000306152,0.000351,0.000308,0.000275,0.000352,0.000455359,0.000410313,0.000367235,0,0,0.000306,0.000351,0.000308,0.000275,0.000352,0.000455,0.00041,0.000367,0,0.899577289,0.79989544,0.799435219,0.799437349,0.484898621,0.001001689,1.03E-07,0.997432241,0.998416528,4.11E-14,0.999381237,0.000546896,0,0,0,0,0,0,1,1,1,0,0.898483665,0.79944866,0.795283695,0.794938399,0.500186889,0.001001743,1.04E-07,0.997491513,0.998414546,4.12E-14,0.999375617,0.000546679,0,0,0,0,0,0,1,1,1,1,0,3,0,0,1
36,1,0,0,0,4,2,5,0.002706842,0.010026511,0.071606739,0.915659907,0.010026511,0.071606739,0.915659907,0.002706842,NaN,NaN,NaN,NaN,NaN,NaN,NaN,NaN,NaN,NaN,NaN,NaN,NaN,NaN,NaN,NaN,NaN,NaN,36,1,1,2,3,4,3,4,3,5,5,6,7,8,4,3,5,1,3,5,0.244444444,2,1,5,0.897435897,4,3725,10994,14074,"Scuola secondaria di 2Âº grado (diploma di istruzione liceale, diploma di istruzione tecnica, diploma di istruzione professionale)",Laurea triennale,2,3,4,3,4,4,3,4,4,4,4,6,7,5,7,6,7,7,6,7,7,7,0,0,0.000306152,0.000351,0.000308,0.000275,0.000352,0.000455359,0.000410313,0.000367235,0,0,0.000306,0.000351,0.000308,0.000275,0.000352,0.000455,0.00041,0.000367,0,0.899657266,0.799910991,0.799788756,0.799791181,0.489622761,0.000805806,1.21E-07,0.997627817,0.998416509,5.35E-14,0.999484418,0.000443708,0,0,0,0,0,0,1,1,1,0,0.898483665,0.79944866,0.795283695,0.794938399,0.500186889,0.000805842,1.22E-07,0.997687119,0.998414528,5.35E-14,0.999478799,0.00044349,0,0,0,0,0,0,1,1,1,3,1,2,1,0,1
36,2,11,10,1,4,2,5,0.296658937,0.196931074,0.17734998,0.329060008,0.28959896,0.275708455,0.203427012,0.231265573,NaN,NaN,NaN,NaN,NaN,NaN,NaN,NaN,NaN,NaN,NaN,NaN,NaN,NaN,NaN,NaN,NaN,NaN,36,2,1,2,3,4,5,5,5,5,5,6,7,8,5,5,5,5,5,5,0,0,5,5,0,0,2433,15146,15688,Laurea specialistica,"Scuola secondaria di 2Âº grado (diploma di istruzione liceale, diploma di istruzione tecnica, diploma di istruzione professionale)",1,1,1,3,2,4,2,4,1,3,4,5,7,5,6,8,8,7,6,8,6,5,6,5,0.264142056,0.264142,0.264142,0.264142,0.269542,0.269541779,0.269541779,0.269541779,6,4,0.264142,0.264142,0.264142,0.264142,0.269542,0.269542,0.269542,0.269542,11,0.216577966,0.336266601,0.254822805,0.256664244,0.217621086,0.999999313,0.989382113,6.84E-07,0.006248688,0.000688284,4.16E-06,0.999307555,5,2,2,2,1,0,0,0,0,10,0.215662673,0.394253959,0.248571192,0.249930197,0.201013954,0.999999312,0.989472264,6.84E-07,0.006191085,0.000688805,4.33E-06,0.999306868,5,1,3,2,0,1,0,0,0,7,0,6,0,0,0
36,3,5,10,1,4,2,4,0.527005439,0.201706528,0.270916774,0.000371259,0.22873515,0.343033933,0.062914296,0.365316621,NaN,NaN,NaN,NaN,NaN,NaN,NaN,NaN,NaN,NaN,NaN,NaN,NaN,NaN,NaN,NaN,NaN,NaN,36,3,1,2,3,4,5,5,4,3,5,6,7,8,3,5,3,4,3,5,0.215686275,2,3,5,0.244444444,2,2511,15891,19362,"Scuola secondaria di 2Âº grado (diploma di istruzione liceale, diploma di istruzione tecnica, diploma di istruzione professionale)","Scuola secondaria di 2Âº grado (diploma di istruzione liceale, diploma di istruzione tecnica, diploma di istruzione professionale)",1,1,1,2,2,3,1,1,1,2,3,6,7,8,6,6,8,5,6,5,8,8,5,4,0.104602065,0.104602,0.104602,0.104602,0.114425,0.114424833,0.114424833,0.114424833,2,1,0.009316,0.010101,0.009699,0.011409,0.011178,0.012377,0.012055,0.014129,5,0.87038537,0.791994983,0.786413647,0.783205114,0.591928533,1,0.999998718,4.72E-14,1.46E-09,0.944525972,4.36E-14,0.055474028,0,2,3,0,1,3,1,1,1,10,0.217567626,0.558011936,0.26962704,0.320173326,0.225433594,1,0.99999873,4.73E-14,1.45E-09,0.944539984,4.11E-14,0.055460016,5,1,2,3,1,1,1,1,0,1,0,2,0,0,0
36,4,3,0,1,4,2,3,0.36556655,0.632956231,0.000574023,0.000903195,0.915659907,0.071606739,0.002706842,0.010026511,NaN,NaN,NaN,NaN,NaN,NaN,NaN,NaN,NaN,NaN,NaN,NaN,NaN,NaN,NaN,NaN,NaN,NaN,36,4,1,2,3,4,5,5,4,1,5,6,7,8,5,5,4,4,1,5,0.955555556,4,4,5,0.074074074,1,2728,11424,12624,"Scuola secondaria di 2Âº grado (diploma di istruzione liceale, diploma di istruzione tecnica, diploma di istruzione professionale)",Scuola secondaria di 1Âº grado (Licenza media),2,1,1,2,2,4,1,2,1,2,2,5,5,5,6,6,8,5,5,5,6,5,0,0,0.000306152,0.000351,0.000308,0.000275,0.000352,0.000455359,0.000410313,0.000367235,1,1,0.002905,0.003386,0.003071,0.003098,0.003666,0.004387,0.00408,0.004118,3,0.889389466,0.796326383,0.793518637,0.786042233,0.499348431,1,0.99999382,1.11E-12,6.58E-10,0.995901922,4.92E-14,0.004098078,1,0,1,1,0,1,1,1,0,0,0.899376629,0.799427965,0.797364969,0.797356977,0.504583747,1,0.999993863,1.11E-12,6.50E-10,0.995902461,5.07E-14,0.004097539,0,0,0,0,0,0,1,1,1,3,1,2,0,0,0
36,5,0,4,1,4,2,5,0.915659907,0.071606739,0.010026511,0.002706842,0.499254044,0.000745539,0.499502525,0.000497891,NaN,NaN,NaN,NaN,NaN,NaN,NaN,NaN,NaN,NaN,NaN,NaN,NaN,NaN,NaN,NaN,NaN,NaN,36,5,1,2,3,4,5,4,3,1,5,6,7,8,5,3,4,3,1,5,0.897435897,4,3,5,0.244444444,2,2658,18239,19606,Scuola secondaria di 1Âº grado (Licenza media),"Scuola secondaria di 2Âº grado (diploma di istruzione liceale, diploma di istruzione tecnica, diploma di istruzione professionale)",1,1,1,2,2,3,1,1,1,2,1,5,5,5,7,6,7,5,5,7,7,7,2,2,0.002904536,0.003386,0.003071,0.003098,0.003666,0.004387326,0.004079551,0.00411772,0,0,0.000306,0.000351,0.000308,0.000275,0.000352,0.000455,0.00041,0.000367,0,0.899555009,0.799529066,0.799230456,0.799061092,0.549426574,1,0.999999424,8.38E-15,1.20E-10,0.993718325,1.14E-15,0.006281675,0,0,0,0,0,0,1,1,1,4,0.808523827,0.784274371,0.770304622,0.7563134,0.536322256,1,0.999999429,8.41E-15,1.19E-10,0.993719185,1.03E-15,0.006280815,1,1,1,1,1,1,1,1,0,0,0,2,0,1,1
36,6,3,10,1,4,2,5,0.365826623,0.632696695,0.00090283,0.000573852,0.34265209,0.283946862,0.283946862,0.089454186,NaN,NaN,NaN,NaN,NaN,NaN,NaN,NaN,NaN,NaN,NaN,NaN,NaN,NaN,NaN,NaN,NaN,NaN,36,6,1,2,3,4,4,5,4,2,5,6,7,8,5,4,4,3,2,5,0.422222222,3,3,5,0.166666667,2,2651,16126,16501,Laurea specialistica,"Scuola secondaria di 2Âº grado (diploma di istruzione liceale, diploma di istruzione tecnica, diploma di istruzione professionale)",2,1,1,2,2,3,2,2,1,2,1,5,5,8,6,6,7,7,5,5,7,6,5,4,0.104602065,0.104602,0.104602,0.104602,0.114425,0.114424833,0.114424833,0.114424833,1,1,0.002905,0.003386,0.003071,0.003098,0.003666,0.004387,0.00408,0.004118,3,0.894569967,0.798359917,0.792457282,0.728573646,0.501869393,1,0.999999624,2.53E-14,9.59E-11,0.998466504,6.88E-16,0.001533496,0,1,2,0,1,3,1,1,1,10,0.235758857,0.442908884,0.41052794,0.41233171,0.208625803,1,0.999999627,2.54E-14,9.49E-11,0.998466661,6.80E-16,0.001533339,5,1,3,2,0,2,0,0,0,1,0,2,0,1,1
36,7,0,5,0,4,2,3,0.010026511,0.002706842,0.071606739,0.915659907,0.527105115,0.201680056,0.00037131,0.270843519,NaN,NaN,NaN,NaN,NaN,NaN,NaN,NaN,NaN,NaN,NaN,NaN,NaN,NaN,NaN,NaN,NaN,NaN,36,7,1,2,3,4,4,3,5,3,5,6,7,8,4,4,4,4,3,5,0.244444444,2,4,4,0,0,2472,14500,17223,"Scuola secondaria di 2Âº grado (diploma di istruzione liceale, diploma di istruzione tecnica, diploma di istruzione professionale)","Scuola secondaria di 2Âº grado (diploma di istruzione liceale, diploma di istruzione tecnica, diploma di istruzione professionale)",1,3,4,3,4,4,3,4,4,4,4,5,5,5,6,6,8,5,8,5,6,5,2,1,0.009315631,0.010101,0.009699,0.011409,0.011178,0.012376918,0.012055149,0.014129339,0,0,0.000306,0.000351,0.000308,0.000275,0.000352,0.000455,0.00041,0.000367,0,0.899577289,0.79989544,0.799435219,0.799437349,0.484898621,0.001001689,1.03E-07,0.997432241,0.998416528,4.11E-14,0.999381237,0.000546896,0,0,0,0,0,0,1,1,1,5,0.856681346,0.789651715,0.758616381,0.758594771,0.498532202,0.001001743,1.04E-07,0.997491513,0.998414546,4.12E-14,0.999375617,0.000546679,2,0,1,1,0,0,1,1,0,5,2,6,0,0,0
36,8,11,12,1,4,2,4,0.358373286,0.237450761,0.198176741,0.205999212,0.310343121,0.280951474,0.261334151,0.147371254,NaN,NaN,NaN,NaN,NaN,NaN,NaN,NaN,NaN,NaN,NaN,NaN,NaN,NaN,NaN,NaN,NaN,NaN,36,8,1,2,3,4,5,5,5,5,5,6,7,8,5,5,5,5,5,5,0,0,5,5,0,0,NaN,NaN,NaN,,,2,1,1,2,4,3,3,4,1,2,1,6,7,5,6,6,7,7,8,5,6,5,6,4,0.264142056,0.264142,0.264142,0.264142,0.269542,0.269541779,0.269541779,0.269541779,6,4,0.264142,0.264142,0.264142,0.264142,0.269542,0.269542,0.269542,0.269542,11,0.240930185,0.484860138,0.310616399,0.303778981,0.238020049,0.999999996,0.999498796,2.83E-09,1.58E-05,0.026742113,2.89E-08,0.973257857,4,1,2,1,0,0,0,0,0,12,0.222884266,0.456094865,0.275695573,0.276050502,0.203893651,0.999999996,0.999502269,2.84E-09,1.57E-05,0.026757381,2.76E-08,0.973242591,4,2,2,3,1,0,1,1,0,10,0,8,0,0,0
36,9,3,5,0,4,2,1,0.000903195,0.000574023,0.36556655,0.632956231,0.000400703,0.546062142,0.323484475,0.13005268,NaN,NaN,NaN,NaN,NaN,NaN,NaN,NaN,NaN,NaN,NaN,NaN,NaN,NaN,NaN,NaN,NaN,NaN,36,9,1,2,3,4,2,3,5,5,5,6,7,8,1,4,5,3,2,5,0.6,3,1,5,0.897435897,4,2504,15187,22250,Scuola secondaria di 1Âº grado (Licenza media),"Scuola secondaria di 2Âº grado (diploma di istruzione liceale, diploma di istruzione tecnica, diploma di istruzione professionale)",1,3,4,3,4,4,3,4,4,3,4,6,7,8,6,6,8,6,6,7,7,6,2,2,0.009315631,0.010101,0.009699,0.011409,0.011178,0.012376918,0.012055149,0.014129339,1,1,0.002905,0.003386,0.003071,0.003098,0.003666,0.004387,0.00408,0.004118,3,0.897274943,0.799599154,0.79780462,0.797811407,0.495619618,0.054485518,2.27E-06,0.943888033,0.981154179,4.86E-12,0.975816332,0.024113496,1,0,1,1,0,1,1,1,0,5,0.725868206,0.759977099,0.708500079,0.710531652,0.450451668,0.054486252,2.28E-06,0.943945873,0.981100354,4.58E-12,0.977229881,0.022694137,3,0,1,2,0,1,1,1,0,3,1,2,1,0,0
37,1,9,8,0,4,2,3,0.215211657,0.164487053,0.168941916,0.451359374,0.283444193,0.28342263,0.074906942,0.358226236,NaN,NaN,NaN,NaN,NaN,NaN,NaN,NaN,NaN,NaN,NaN,NaN,NaN,NaN,NaN,NaN,NaN,NaN,37,1,1,2,3,4,5,1,5,5,5,6,7,8,5,4,5,3,1,5,1,4,3,5,0.215686275,2,2615,15683,15595,"Scuola secondaria di 2Âº grado (diploma di istruzione liceale, diploma di istruzione tecnica, diploma di istruzione professionale)","Scuola secondaria di 2Âº grado (diploma di istruzione liceale, diploma di istruzione tecnica, diploma di istruzione professionale)",2,1,4,3,4,3,2,1,4,4,4,6,5,8,7,6,8,5,5,8,6,8,5,4,0.104602065,0.104602,0.104602,0.104602,0.114425,0.114424833,0.114424833,0.114424833,4,3,0.064213,0.064213,0.207538,0.207538,0.066126,0.066126,0.213353,0.213353,9,0.304371329,0.686531787,0.672485403,0.674404622,0.305522705,0.98828338,0.010903143,0.01168929,0.852046305,1.06E-06,0.046360532,0.953635074,5,1,1,2,0,0,0,0,0,8,0.214443754,0.365663352,0.310140503,0.381454943,0.206473935,0.988263067,0.0109655,0.011710412,0.85182502,1.06E-06,0.045197285,0.954798138,4,1,2,1,0,1,0,0,0,7,2,8,2,0,0
37,2,4,3,0,4,2,6,0.000328208,0.314424823,0.206834133,0.478412835,0.00090283,0.365826623,0.632696695,0.000573852,NaN,NaN,NaN,NaN,NaN,NaN,NaN,NaN,NaN,NaN,NaN,NaN,NaN,NaN,NaN,NaN,NaN,NaN,37,2,1,2,3,4,1,4,4,5,5,6,7,8,4,5,5,1,1,5,0.857142857,4,1,5,0.955555556,4,2602,16457,18151,Laurea triennale,Laurea triennale,2,3,4,3,2,4,3,2,4,4,4,6,7,5,7,6,7,7,6,7,7,6,1,1,0.002904536,0.003386,0.003071,0.003098,0.003666,0.004387326,0.004079551,0.00411772,2,2,0.001107,0.007361,0.006785,0.007864,0.001221,0.009058,0.008537,0.00985,4,0.878652132,0.797180997,0.795842989,0.795886435,0.465211564,0.978438758,0.002930296,0.021515915,0.926704845,1.80E-07,0.06275196,0.937243347,1,1,1,0,0,0,0,1,0,3,0.888883768,0.797116864,0.780978096,0.779674944,0.506287675,0.978448199,0.002958469,0.021507964,0.926329354,1.79E-07,0.064888501,0.935106274,0,1,2,0,1,3,1,1,1,1,0,1,0,0,1
37,3,0,1,0,4,2,2,0.002706842,0.071606739,0.010026511,0.915659907,0.05739948,0.086983114,0.723287369,0.132330037,NaN,NaN,NaN,NaN,NaN,NaN,NaN,NaN,NaN,NaN,NaN,NaN,NaN,NaN,NaN,NaN,NaN,NaN,37,3,1,2,3,4,1,4,2,5,5,6,7,8,2,4,5,3,1,5,1.111111111,4,2,5,0.476190476,3,267,146,168,"Scuola secondaria di 2Âº grado (diploma di istruzione liceale, diploma di istruzione tecnica, diploma di istruzione professionale)","Scuola secondaria di 2Âº grado (diploma di istruzione liceale, diploma di istruzione tecnica, diploma di istruzione professionale)",2,3,4,2,4,4,2,4,4,4,4,5,7,8,7,6,7,7,8,7,7,7,1,1,0.000693828,0.00159,0.001395,0.001327,0.000752,0.001852859,0.001653838,0.001554939,0,0,0.000306,0.000351,0.000308,0.000275,0.000352,0.000455,0.00041,0.000367,0,0.899193323,0.799722883,0.799169438,0.799178538,0.487675641,0.003100637,5.13E-06,0.995334411,0.996018099,4.45E-11,0.998263016,0.001665198,0,0,0,0,0,0,1,1,1,1,0.886976977,0.796051296,0.794806553,0.794945647,0.392596109,0.003100356,5.15E-06,0.995393929,0.996014586,4.46E-11,0.998255347,0.001667037,1,0,0,0,0,0,0,0,1,0,0,4,2,1,1
37,4,0,7,1,4,2,7,0.071606739,0.915659907,0.010026511,0.002706842,0.425958572,0.39007859,0.139191532,0.044771305,NaN,NaN,NaN,NaN,NaN,NaN,NaN,NaN,NaN,NaN,NaN,NaN,NaN,NaN,NaN,NaN,NaN,NaN,37,4,1,2,3,4,5,5,2,1,5,6,7,8,5,5,4,4,1,5,1.307692308,4,4,5,0.074074074,1,2540,14097,15749,"Scuola secondaria di 2Âº grado (diploma di istruzione liceale, diploma di istruzione tecnica, diploma di istruzione professionale)",Laurea triennale,2,1,1,2,2,3,2,2,1,2,2,6,5,5,6,6,8,5,5,5,7,6,4,3,0.019469538,0.01947,0.019672,0.019672,0.021729,0.021728649,0.022186591,0.022186591,0,0,0.000306,0.000351,0.000308,0.000275,0.000352,0.000455,0.00041,0.000367,0,0.89920837,0.799527005,0.797852205,0.779980765,0.5011577,1,0.99999966,3.51E-14,5.39E-11,0.999042559,5.05E-16,0.000957441,0,0,0,0,0,0,1,1,1,7,0.408044186,0.705790338,0.669942224,0.671064504,0.427014636,1,0.999999663,3.51E-14,5.32E-11,0.999042646,5.41E-16,0.000957354,4,0,3,3,0,3,1,1,1,1,0,4,0,1,0
37,5,0,0,0,4,2,5,0.010026511,0.071606739,0.002706842,0.915659907,0.002706842,0.010026511,0.915659907,0.071606739,NaN,NaN,NaN,NaN,NaN,NaN,NaN,NaN,NaN,NaN,NaN,NaN,NaN,NaN,NaN,NaN,NaN,NaN,37,5,1,2,3,4,1,4,3,5,5,6,7,8,4,3,5,1,1,5,0.897435897,4,1,5,0.897435897,4,2651,15407,16772,"Scuola secondaria di 2Âº grado (diploma di istruzione liceale, diploma di istruzione tecnica, diploma di istruzione professionale)",Laurea specialistica,2,1,4,2,4,4,2,4,4,4,4,6,7,8,7,8,7,7,8,7,7,7,0,0,0.000306152,0.000351,0.000308,0.000275,0.000352,0.000455359,0.000410313,0.000367235,0,0,0.000306,0.000351,0.000308,0.000275,0.000352,0.000455,0.00041,0.000367,0,0.898945751,0.799546248,0.79870335,0.798719681,0.487580712,0.008882612,3.65E-05,0.989561513,0.995986828,1.16E-09,0.995271699,0.004656729,0,0,0,0,0,0,1,1,1,0,0.899259628,0.799366178,0.799054432,0.799247696,0.484790148,0.008881712,3.67E-05,0.989621305,0.9959832,1.16E-09,0.99525624,0.004666376,0,0,0,0,0,0,1,1,1,2,1,6,3,0,1
37,6,0,2,1,4,2,3,0.915659907,0.071606739,0.010026511,0.002706842,0.710982107,0.110330007,0.068357878,0.110330007,NaN,NaN,NaN,NaN,NaN,NaN,NaN,NaN,NaN,NaN,NaN,NaN,NaN,NaN,NaN,NaN,NaN,NaN,37,6,1,2,3,4,5,4,4,3,5,6,7,8,5,4,3,3,3,5,0.166666667,2,3,5,0.244444444,2,2539,13540,13804,"Scuola secondaria di 2Âº grado (diploma di istruzione liceale, diploma di istruzione tecnica, diploma di istruzione professionale)","Scuola secondaria di 2Âº grado (diploma di istruzione liceale, diploma di istruzione tecnica, diploma di istruzione professionale)",1,1,1,2,2,3,1,1,1,2,1,5,5,5,7,8,8,5,5,5,6,5,2,1,0.002016214,0.002034,0.00187,0.001831,0.002227,0.002320115,0.002151938,0.002087662,0,0,0.000306,0.000351,0.000308,0.000275,0.000352,0.000455,0.00041,0.000367,0,0.899555009,0.799529066,0.799230456,0.799061092,0.549426574,1,0.999999424,8.38E-15,1.20E-10,0.993718325,1.14E-15,0.006281675,0,0,0,0,0,0,1,1,1,2,0.866565488,0.791702335,0.784465137,0.780771113,0.441498091,1,0.999999429,8.41E-15,1.19E-10,0.993719185,1.03E-15,0.006280815,2,0,0,1,0,0,1,1,1,1,0,3,0,0,1
37,7,3,0,1,4,2,6,0.365826623,0.632696695,0.000573852,0.00090283,0.915659907,0.071606739,0.010026511,0.002706842,NaN,NaN,NaN,NaN,NaN,NaN,NaN,NaN,NaN,NaN,NaN,NaN,NaN,NaN,NaN,NaN,NaN,NaN,37,7,1,2,3,4,4,5,3,2,5,6,7,8,5,4,3,2,2,5,0.476190476,3,2,5,0.476190476,3,2679,15653,18121,Laurea specialistica,Laurea specialistica,2,1,1,2,2,4,2,2,1,2,1,5,5,5,6,6,7,5,5,5,6,5,0,0,0.000306152,0.000351,0.000308,0.000275,0.000352,0.000455359,0.000410313,0.000367235,1,1,0.002905,0.003386,0.003071,0.003098,0.003666,0.004387,0.00408,0.004118,3,0.889082302,0.796232981,0.793506762,0.764422753,0.499318059,1,0.999993801,1.41E-12,1.58E-09,0.995901922,7.18E-14,0.004098078,0,1,2,0,1,3,1,1,1,0,0.899296996,0.799380705,0.798929519,0.798925727,0.497488442,1,0.999993845,1.41E-12,1.57E-09,0.995902461,6.82E-14,0.004097539,0,0,0,0,0,0,1,1,1,2,1,0,0,1,1
37,8,3,1,1,4,2,3,0.632956231,0.000903195,0.36556655,0.000574023,0.723287369,0.132330037,0.05739948,0.086983114,NaN,NaN,NaN,NaN,NaN,NaN,NaN,NaN,NaN,NaN,NaN,NaN,NaN,NaN,NaN,NaN,NaN,NaN,37,8,1,2,3,4,5,2,2,1,5,6,7,8,5,2,2,2,1,5,1.2,4,2,5,0.818181818,3,2653,15550,12212,"Scuola secondaria di 2Âº grado (diploma di istruzione liceale, diploma di istruzione tecnica, diploma di istruzione professionale)","Scuola secondaria di 2Âº grado (diploma di istruzione liceale, diploma di istruzione tecnica, diploma di istruzione professionale)",1,1,1,3,2,3,1,1,3,3,1,5,5,5,6,8,7,5,5,5,6,5,1,1,0.000693828,0.00159,0.001395,0.001327,0.000752,0.001852859,0.001653838,0.001554939,1,1,0.002905,0.003386,0.003071,0.003098,0.003666,0.004387,0.00408,0.004118,3,0.894591536,0.796508103,0.795804722,0.795784809,0.589050935,1,0.999839332,1.56E-13,5.20E-08,0.071321463,2.55E-12,0.928678537,1,0,1,1,0,1,1,1,0,1,0.894548069,0.797609222,0.796020934,0.795986021,0.4642535,1,0.99984087,1.57E-13,5.13E-08,0.071357937,2.40E-12,0.928642063,1,0,0,0,0,0,0,0,1,1,0,3,0,0,1
37,9,2,1,0,4,2,4,0.110330007,0.068357878,0.110330007,0.710982107,0.796442413,0.101048593,0.101531796,0.000977198,NaN,NaN,NaN,NaN,NaN,NaN,NaN,NaN,NaN,NaN,NaN,NaN,NaN,NaN,NaN,NaN,NaN,NaN,37,9,1,2,3,4,1,3,4,5,5,6,7,8,5,4,2,1,1,5,0.897435897,4,1,5,1.111111111,4,NaN,NaN,NaN,,,2,3,4,3,4,4,1,4,4,4,4,5,5,5,6,6,7,5,5,5,7,5,1,1,0.000957953,0.000969,0.00086,0.00081,0.001126,0.001204491,0.001092811,0.001025973,2,1,0.002016,0.002034,0.00187,0.001831,0.002227,0.00232,0.002152,0.002088,2,0.885963947,0.798469517,0.797120174,0.797159566,0.411974411,0.002800567,1.03E-06,0.995630105,0.994109092,1.68E-12,0.998430741,0.001497461,2,0,0,1,0,0,1,1,1,1,0.894533463,0.797402103,0.795880084,0.795790516,0.49140728,0.002800497,1.04E-06,0.995689496,0.994104926,1.68E-12,0.998425346,0.001497025,1,0,0,1,0,0,1,1,1,2,0,1,0,0,1
37,10,3,3,0,4,2,3,0.000573852,0.00090283,0.365826623,0.632696695,0.000903062,0.632861616,0.000573961,0.365661362,NaN,NaN,NaN,NaN,NaN,NaN,NaN,NaN,NaN,NaN,NaN,NaN,NaN,NaN,NaN,NaN,NaN,NaN,37,10,1,2,3,4,1,2,5,3,5,6,7,8,3,5,3,2,1,5,1.060606061,4,2,5,0.487179487,3,2772,17945,17786,Laurea specialistica,"Scuola secondaria di 2Âº grado (diploma di istruzione liceale, diploma di istruzione tecnica, diploma di istruzione professionale)",2,3,4,3,4,4,3,4,4,4,3,6,5,8,6,6,8,6,8,8,6,6,1,1,0.002904536,0.003386,0.003071,0.003098,0.003666,0.004387326,0.004079551,0.00411772,1,1,0.002905,0.003386,0.003071,0.003098,0.003666,0.004387,0.00408,0.004118,3,0.897716278,0.799606202,0.799135087,0.799135185,0.49696059,0.043479345,2.66E-06,0.939405786,0.978044689,6.76E-12,0.974698589,0.02094569,0,1,2,0,1,3,1,1,1,3,0.873281839,0.78454963,0.778201968,0.779090859,0.486439662,0.04350499,2.68E-06,0.940017337,0.977984564,6.97E-12,0.973593428,0.021556284,1,0,1,1,0,1,1,1,0,2,1,5,2,0,1
38,8,0,0,1,4,4,7,0.002706842,0.915659907,0.010026511,0.071606739,0.071606739,0.915659907,0.002706842,0.010026511,0,0,1,0,0,1,3,5,1,1,NaN,NaN,NaN,NaN,NaN,NaN,NaN,0,38,8,1,2,3,4,1,5,1,4,5,6,7,8,4,5,1,3,1,5,1.545454545,4,1,5,0.897435897,4,3329,NaN,NaN,Laurea specialistica,Dottorato di ricerca,2,3,4,2,2,4,2,2,4,2,2,6,5,5,6,6,8,6,6,5,6,6,0,0,0.000306152,0.000351,0.000308,0.000275,0.000352,0.000455359,0.000410313,0.000367235,0,0,0.000306,0.000351,0.000308,0.000275,0.000352,0.000455,0.00041,0.000367,0,0.897269907,0.797790935,0.796684988,0.796646592,0.493093448,0.999999684,0.96771917,1.05E-07,7.26E-05,0.063359269,5.18E-07,0.936640209,0,0,0,0,0,0,1,1,1,0,0.898982328,0.798860794,0.798608006,0.798633227,0.489002097,0.999999688,0.967853471,1.05E-07,7.19E-05,0.063393042,5.55E-07,0.936606398,0,0,0,0,0,0,1,1,1,1,0,0,0,1,1
38,10,0,0,0,4,4,8,0.002706842,0.010026511,0.071606739,0.915659907,0.002706842,0.071606739,0.915659907,0.010026511,1,0,0,1,0,0,8,5,1,0,0,0,1,1,0,0,2,1,38,10,1,2,3,4,1,2,3,5,5,6,7,8,3,4,5,4,1,5,1.060606061,4,3,5,0.166666667,2,3173,18453,19052,"Scuola secondaria di 2Âº grado (diploma di istruzione liceale, diploma di istruzione tecnica, diploma di istruzione professionale)","Scuola secondaria di 2Âº grado (diploma di istruzione liceale, diploma di istruzione tecnica, diploma di istruzione professionale)",2,3,4,3,4,4,3,4,4,4,4,6,7,8,7,6,7,7,6,7,7,7,0,0,0.000306152,0.000351,0.000308,0.000275,0.000352,0.000455359,0.000410313,0.000367235,0,0,0.000306,0.000351,0.000308,0.000275,0.000352,0.000455,0.00041,0.000367,0,0.899657266,0.799910991,0.799788756,0.799791181,0.489622761,0.000805806,1.21E-07,0.997627817,0.998416509,5.35E-14,0.999484418,0.000443708,0,0,0,0,0,0,1,1,1,0,0.899032073,0.799495974,0.798733223,0.79879813,0.487653354,0.000805842,1.22E-07,0.997687119,0.998414528,5.35E-14,0.999478799,0.00044349,0,0,0,0,0,0,1,1,1,0,0,1,0,1,1
38,11,8,10,0,4,4,6,0.071178225,0.265255009,0.256235532,0.407331234,0.324289336,0.133501787,0.254327729,0.287881149,0,1,0,1,0,0,5,5,1,0,0,0,1,1,0,0,8,0,38,11,1,2,3,4,3,4,3,5,5,6,7,8,4,5,5,4,3,5,0.244444444,2,4,5,0.074074074,1,NaN,NaN,NaN,,,1,3,4,2,2,3,2,4,3,4,4,5,5,8,6,6,7,5,8,5,8,7,6,4,0.264142056,0.264142,0.264142,0.264142,0.269542,0.269541779,0.269541779,0.269541779,4,4,0.021015,0.06231,0.110585,0.110585,0.022436,0.067072,0.119837,0.119837,8,0.304907256,0.683166317,0.628526552,0.629826903,0.244824465,0.999658884,0.164518297,0.000340506,0.794546353,4.77E-06,0.001398192,0.998596942,4,2,1,1,0,0,0,0,0,10,0.209105174,0.30049269,0.242288021,0.273093274,0.203699095,0.9996587,0.165655116,0.000340712,0.793375412,4.77E-06,0.001433579,0.998561539,4,2,3,1,0,2,0,0,0,1,0,11,3,0,1
38,12,0,1,0,4,4,6,0.915659907,0.002706842,0.071606739,0.010026511,0.101531796,0.796442413,0.101048593,0.000977198,1,0,0,0,0,1,1,5,1,0,1,0,0,1,0,0,4,1,38,12,1,2,3,4,5,1,3,2,5,6,7,8,3,5,1,1,1,5,1.060606061,4,1,5,1.466666667,4,3523,14339,19103,Scuola secondaria di 1Âº grado (Licenza media),Scuola secondaria di 1Âº grado (Licenza media),1,1,1,3,4,3,1,1,1,3,1,6,7,5,6,6,7,6,6,5,6,6,1,1,0.000957953,0.000969,0.00086,0.00081,0.001126,0.001204491,0.001092811,0.001025973,0,0,0.000306,0.000351,0.000308,0.000275,0.000352,0.000455,0.00041,0.000367,0,0.895779069,0.795505632,0.794469113,0.794450278,0.512571545,1,0.996853001,1.57E-11,9.36E-07,0.017571953,2.48E-10,0.982428047,0,0,0,0,0,0,1,1,1,1,0.890788547,0.795037183,0.793422627,0.793537198,0.444881308,1,0.996878943,1.58E-11,9.27E-07,0.017582177,2.32E-10,0.982417822,1,0,0,1,0,0,1,1,1,0,0,2,0,1,1
38,13,0,0,0,4,4,6,0.002706842,0.010026511,0.071606739,0.915659907,0.002706842,0.071606739,0.915659907,0.010026511,0,0,1,1,0,0,3,5,1,1,NaN,NaN,NaN,NaN,NaN,NaN,NaN,0,38,13,1,2,3,4,3,2,1,5,5,6,7,8,1,2,5,2,1,5,1.060606061,4,1,5,1.2,4,3372,18484,17714,Laurea specialistica,Laurea specialistica,2,3,4,3,4,4,3,4,4,4,4,6,7,8,7,6,7,7,6,7,7,7,0,0,0.000306152,0.000351,0.000308,0.000275,0.000352,0.000455359,0.000410313,0.000367235,0,0,0.000306,0.000351,0.000308,0.000275,0.000352,0.000455,0.00041,0.000367,0,0.899657266,0.799910991,0.799788756,0.799791181,0.489622761,0.000805806,1.21E-07,0.997627817,0.998416509,5.35E-14,0.999484418,0.000443708,0,0,0,0,0,0,1,1,1,0,0.899032073,0.799495974,0.798733223,0.79879813,0.487653354,0.000805842,1.22E-07,0.997687119,0.998414528,5.35E-14,0.999478799,0.00044349,0,0,0,0,0,0,1,1,1,6,3,1,0,0,1
38,14,0,3,1,4,4,5,0.002706842,0.915659907,0.071606739,0.010026511,0.365826623,0.00090283,0.632696695,0.000573852,0,0,1,0,0,1,3,5,1,1,0,0,1,1,0,0,3,1,38,14,1,2,3,4,4,5,4,3,5,6,7,8,5,4,5,3,3,5,0.166666667,2,3,5,0.215686275,2,3481,19904,18087,"Scuola secondaria di 2Âº grado (diploma di istruzione liceale, diploma di istruzione tecnica, diploma di istruzione professionale)","Scuola secondaria di 2Âº grado (diploma di istruzione liceale, diploma di istruzione tecnica, diploma di istruzione professionale)",2,3,4,2,2,3,2,2,3,2,2,5,7,5,7,6,7,7,5,7,7,5,1,1,0.002904536,0.003386,0.003071,0.003098,0.003666,0.004387326,0.004079551,0.00411772,0,0,0.000306,0.000351,0.000308,0.000275,0.000352,0.000455,0.00041,0.000367,0,0.887390395,0.790708401,0.77377337,0.770838768,0.487666623,0.999999999,0.998823288,3.29E-11,2.03E-07,0.326865092,1.97E-10,0.673134908,0,0,0,0,0,0,1,1,1,3,0.868413001,0.796348159,0.791723486,0.702472402,0.550276124,0.999999999,0.998829967,3.29E-11,2.01E-07,0.326977199,2.13E-10,0.673022801,0,1,2,0,1,3,1,1,1,3,1,1,0,0,1
38,16,0,0,0,4,4,6,0.010026511,0.002706842,0.071606739,0.915659907,0.010026511,0.071606739,0.002706842,0.915659907,0,0,1,1,0,0,3,5,1,1,0,1,0,1,0,0,6,1,38,16,1,2,3,4,5,2,3,5,5,6,7,8,1,1,1,5,2,5,0.6,3,1,5,2,4,3156,16526,19065,"Scuola secondaria di 2Âº grado (diploma di istruzione liceale, diploma di istruzione tecnica, diploma di istruzione professionale)","Scuola secondaria di 2Âº grado (diploma di istruzione liceale, diploma di istruzione tecnica, diploma di istruzione professionale)",1,3,4,3,4,4,3,4,4,4,4,6,5,8,6,8,8,6,8,8,8,8,0,0,0.000306152,0.000351,0.000308,0.000275,0.000352,0.000455359,0.000410313,0.000367235,0,0,0.000306,0.000351,0.000308,0.000275,0.000352,0.000455,0.00041,0.000367,0,0.899577289,0.79989544,0.799435219,0.799437349,0.484898621,0.001001689,1.03E-07,0.997432241,0.998416528,4.11E-14,0.999381237,0.000546896,0,0,0,0,0,0,1,1,1,0,0.898572182,0.797222559,0.796316944,0.797587318,0.48557424,0.001001743,1.04E-07,0.997491513,0.998414546,4.12E-14,0.999375617,0.000546679,0,0,0,0,0,0,1,1,1,3,1,3,0,0,1
38,17,0,0,0,4,4,8,0.002706842,0.010026511,0.071606739,0.915659907,0.915659907,0.071606739,0.002706842,0.010026511,0,0,1,0,0,1,2,5,1,1,0,0,1,0,0,1,2,1,38,17,1,2,3,4,1,3,3,5,5,6,7,8,5,5,2,3,1,5,0.888888889,4,2,5,0.6,3,3329,15748,18489,Laurea specialistica,"Scuola secondaria di 2Âº grado (diploma di istruzione liceale, diploma di istruzione tecnica, diploma di istruzione professionale)",2,3,4,3,4,4,3,4,4,4,4,5,5,5,6,6,8,5,5,5,6,5,0,0,0.000306152,0.000351,0.000308,0.000275,0.000352,0.000455359,0.000410313,0.000367235,0,0,0.000306,0.000351,0.000308,0.000275,0.000352,0.000455,0.00041,0.000367,0,0.899657266,0.799910991,0.799788756,0.799791181,0.489622761,0.000805806,1.21E-07,0.997627817,0.998416509,5.35E-14,0.999484418,0.000443708,0,0,0,0,0,0,1,1,1,0,0.899376629,0.799427965,0.797364969,0.797356977,0.504583747,0.000805842,1.22E-07,0.997687119,0.998414528,5.35E-14,0.999478799,0.00044349,0,0,0,0,0,0,1,1,1,1,0,1,0,0,1
38,18,0,6,1,4,4,6,0.010026511,0.915659907,0.071606739,0.002706842,0.512864043,0.000350731,0.1801711,0.306614127,0,0,1,1,0,0,4,5,1,1,0,0,1,0,0,1,4,1,38,18,1,2,3,4,4,5,5,2,5,6,7,8,5,2,4,5,2,5,0.5,3,2,5,0.5,3,3251,14756,14217,"Scuola secondaria di 2Âº grado (diploma di istruzione liceale, diploma di istruzione tecnica, diploma di istruzione professionale)","Scuola secondaria di 2Âº grado (diploma di istruzione liceale, diploma di istruzione tecnica, diploma di istruzione professionale)",2,3,1,2,2,3,2,2,3,2,2,5,7,8,7,8,8,5,5,5,8,5,2,2,0.009315631,0.010101,0.009699,0.011409,0.011178,0.012376918,0.012055149,0.014129339,0,0,0.000306,0.000351,0.000308,0.000275,0.000352,0.000455,0.00041,0.000367,0,0.896118658,0.797352194,0.792687284,0.789337034,0.554502546,1,0.999984188,2.39E-13,2.73E-09,0.923592536,2.26E-13,0.076407464,0,0,0,0,0,0,1,1,1,6,0.736476632,0.755669473,0.743930983,0.70752377,0.443761807,1,0.999984313,2.39E-13,2.69E-09,0.923617229,2.40E-13,0.076382771,4,2,0,3,1,0,1,1,1,1,0,1,0,0,0
39,3,0,0,0,4,4,6,0.010026511,0.002706842,0.915659907,0.071606739,0.071606739,0.915659907,0.002706842,0.010026511,0,0,1,1,0,0,1,7,1,1,0,0,1,1,0,0,3,1,39,3,1,2,3,4,1,1,5,1,5,6,7,8,4,5,1,3,1,5,2,4,1,5,0.897435897,4,3421,14338,13548,Scuola secondaria di 1Âº grado (Licenza media),"Scuola secondaria di 2Âº grado (diploma di istruzione liceale, diploma di istruzione tecnica, diploma di istruzione professionale)",1,3,4,3,4,3,3,4,3,3,3,6,5,5,6,6,8,6,6,5,6,6,0,0,0.000306152,0.000351,0.000308,0.000275,0.000352,0.000455359,0.000410313,0.000367235,0,0,0.000306,0.000351,0.000308,0.000275,0.000352,0.000455,0.00041,0.000367,0,0.899139591,0.799278768,0.798844663,0.798844701,0.499884689,0.999894295,0.004136977,9.48E-05,0.216870435,3.87E-09,0.000442304,0.999555715,0,0,0,0,0,0,1,1,1,0,0.898982328,0.798860794,0.798608006,0.798633227,0.489002097,0.999894436,0.004163583,9.48E-05,0.215901947,3.88E-09,0.000460444,0.999537258,0,0,0,0,0,0,1,1,1,3,0,0,0,1,1
39,4,3,0,1,4,4,6,0.633121317,0.365401124,0.000903428,0.000574131,0.915659907,0.071606739,0.002706842,0.010026511,0,0,1,1,0,0,4,7,1,1,0,0,1,0,0,1,3,1,39,4,1,2,3,4,5,5,2,1,5,6,7,8,4,3,2,2,1,5,1.307692308,4,2,4,0.333333333,2,3234,17997,20425,"Scuola secondaria di 2Âº grado (diploma di istruzione liceale, diploma di istruzione tecnica, diploma di istruzione professionale)","Scuola secondaria di 2Âº grado (diploma di istruzione liceale, diploma di istruzione tecnica, diploma di istruzione professionale)",2,1,1,2,2,3,1,1,1,2,1,5,5,5,6,6,8,5,5,5,6,5,0,0,0.000306152,0.000351,0.000308,0.000275,0.000352,0.000455359,0.000410313,0.000367235,1,1,0.002905,0.003386,0.003071,0.003098,0.003666,0.004387,0.00408,0.004118,3,0.894992183,0.7978494,0.792060853,0.788118394,0.545938727,1,0.999999511,1.04E-14,1.02E-10,0.996071006,8.75E-16,0.003928994,2,1,0,2,1,0,1,1,1,0,0.899376629,0.799427965,0.797364969,0.797356977,0.504583747,1,0.999999515,1.05E-14,1.01E-10,0.996071498,7.97E-16,0.003928502,0,0,0,0,0,0,1,1,1,1,0,1,0,0,1
39,5,0,0,0,4,4,6,0.010026511,0.071606739,0.002706842,0.915659907,0.915659907,0.002706842,0.071606739,0.010026511,0,0,1,0,1,0,2,7,1,1,0,0,1,0,0,1,3,1,39,5,1,2,3,4,1,5,1,5,5,6,7,8,5,4,1,4,1,5,1.777777778,4,1,5,0.857142857,4,3294,16682,16372,Laurea specialistica,Laurea specialistica,2,1,4,2,4,4,2,4,4,4,4,5,5,5,7,8,7,5,5,5,7,5,0,0,0.000306152,0.000351,0.000308,0.000275,0.000352,0.000455359,0.000410313,0.000367235,0,0,0.000306,0.000351,0.000308,0.000275,0.000352,0.000455,0.00041,0.000367,0,0.898945751,0.799546248,0.79870335,0.798719681,0.487580712,0.008882612,3.65E-05,0.989561513,0.995986828,1.16E-09,0.995271699,0.004656729,0,0,0,0,0,0,1,1,1,0,0.897810787,0.798122539,0.7975203,0.79678175,0.495201965,0.008881712,3.67E-05,0.989621305,0.9959832,1.16E-09,0.99525624,0.004666376,0,0,0,0,0,0,1,1,1,2,0,5,2,0,1
39,6,8,4,1,4,4,8,0.375884897,0.305240169,0.318573891,0.000301044,0.580047629,0.124285176,0.29524843,0.000418764,0,0,1,0,0,1,3,7,1,1,0,1,0,0,0,1,2,1,39,6,1,2,3,4,4,5,3,2,5,6,7,8,5,3,3,2,2,5,0.476190476,3,2,5,0.487179487,3,3110,15713,14796,"Scuola secondaria di 2Âº grado (diploma di istruzione liceale, diploma di istruzione tecnica, diploma di istruzione professionale)",Laurea triennale,2,1,1,2,2,3,1,1,3,2,3,5,7,5,7,6,7,5,5,5,6,5,2,2,0.009315631,0.010101,0.009699,0.011409,0.011178,0.012376918,0.012055149,0.014129339,4,3,0.050472,0.050472,0.050472,0.050472,0.061277,0.061277,0.061277,0.061277,8,0.38522203,0.721834382,0.528281897,0.497368306,0.453191011,1,0.999992888,1.39E-13,8.84E-09,0.745989726,4.93E-13,0.254010274,3,2,2,3,1,1,1,1,0,4,0.856554238,0.790139922,0.785272417,0.783898637,0.502574966,1,0.999992949,1.39E-13,8.73E-09,0.746062745,4.59E-13,0.253937255,3,1,0,3,1,0,1,1,1,2,1,2,0,1,1
39,7,0,4,0,4,4,8,0.010026511,0.002706842,0.071606739,0.915659907,0.159171528,0.545320958,0.113753955,0.181753559,0,1,0,0,1,0,1,7,1,0,0,0,1,0,0,1,5,1,39,7,1,2,3,4,4,3,5,5,5,6,7,8,5,5,5,5,3,5,0.215686275,2,5,5,0,0,3259,15602,16463,"Scuola secondaria di 2Âº grado (diploma di istruzione liceale, diploma di istruzione tecnica, diploma di istruzione professionale)","Scuola secondaria di 2Âº grado (diploma di istruzione liceale, diploma di istruzione tecnica, diploma di istruzione professionale)",1,3,4,3,4,4,3,4,4,4,4,6,7,5,6,8,7,6,6,5,6,6,2,2,0.002437395,0.039131,0.056604,0.056604,0.002521,0.042081832,0.061466641,0.061466641,0,0,0.000306,0.000351,0.000308,0.000275,0.000352,0.000455,0.00041,0.000367,0,0.899577289,0.79989544,0.799435219,0.799437349,0.484898621,0.001001689,1.03E-07,0.997432241,0.998416528,4.11E-14,0.999381237,0.000546896,0,0,0,0,0,0,1,1,1,4,0.83452946,0.780492503,0.778668604,0.779267983,0.399477244,0.001001743,1.04E-07,0.997491513,0.998414546,4.12E-14,0.999375617,0.000546679,3,1,0,1,0,0,0,0,1,1,0,7,0,0,0
39,8,8,8,0,4,4,0,0.06321222,0.221480318,0.298534374,0.416773088,0.156162385,0.355231402,0.382968293,0.10563792,0,0,1,1,0,0,1,7,1,1,1,0,0,0,0,1,3,1,39,8,1,2,3,4,1,2,3,4,5,6,7,8,4,3,4,2,1,4,0.666666667,3,2,4,0.282051282,2,3207,17351,19257,"Scuola secondaria di 2Âº grado (diploma di istruzione liceale, diploma di istruzione tecnica, diploma di istruzione professionale)","Scuola secondaria di 2Âº grado (diploma di istruzione liceale, diploma di istruzione tecnica, diploma di istruzione professionale)",1,3,4,2,4,4,3,2,4,4,3,6,7,5,7,6,8,6,5,7,6,7,4,4,0.021014721,0.06231,0.110585,0.110585,0.022436,0.067072428,0.119836818,0.119836818,4,3,0.104602,0.104602,0.104602,0.104602,0.114425,0.114425,0.114425,0.114425,8,0.490014324,0.763688527,0.722760197,0.722765183,0.38581005,0.962435139,0.001494832,0.036367841,0.477817872,1.08E-07,0.097521729,0.902042359,3,2,2,1,1,1,0,0,0,8,0.340793288,0.667623702,0.550863573,0.561766871,0.252160966,0.962470651,0.00150472,0.036366395,0.476129565,1.08E-07,0.096365473,0.903154342,4,1,2,2,0,1,0,0,0,1,0,4,1,0,1
39,9,0,3,1,4,4,4,0.071606739,0.010026511,0.915659907,0.002706842,0.632956231,0.36556655,0.000574023,0.000903195,0,0,1,1,0,0,1,7,1,1,0,0,1,0,1,0,4,1,39,9,1,2,3,4,3,5,4,1,5,6,7,8,1,4,3,2,1,5,0.897435897,4,1,4,0.666666667,3,3457,13398,13524,"Scuola secondaria di 2Âº grado (diploma di istruzione liceale, diploma di istruzione tecnica, diploma di istruzione professionale)","Scuola secondaria di 2Âº grado (diploma di istruzione liceale, diploma di istruzione tecnica, diploma di istruzione professionale)",1,3,1,3,2,3,3,1,3,3,3,5,5,5,6,6,8,6,5,5,6,5,1,1,0.002904536,0.003386,0.003071,0.003098,0.003666,0.004387326,0.004079551,0.00411772,0,0,0.000306,0.000351,0.000308,0.000275,0.000352,0.000455,0.00041,0.000367,0,0.898757351,0.79851284,0.798270561,0.798270295,0.500033341,1,0.994314664,8.82E-12,3.85E-05,9.57E-05,1.13E-10,0.999904254,0,0,0,0,0,0,1,1,1,3,0.89387416,0.797096692,0.789262276,0.789263243,0.50511151,1,0.994366922,8.84E-12,3.79E-05,9.58E-05,1.10E-10,0.999904164,1,0,1,1,0,1,1,1,0,4,2,8,4,0,0
39,10,3,0,0,4,4,6,0.000574023,0.000903195,0.36556655,0.632956231,0.010026511,0.915659907,0.071606739,0.002706842,0,0,1,0,0,1,3,7,1,1,0,0,1,0,0,1,2,1,39,10,1,2,3,4,2,3,4,5,5,6,7,8,3,5,4,3,2,5,0.476190476,3,3,5,0.244444444,2,3413,16240,17622,"Scuola secondaria di 2Âº grado (diploma di istruzione liceale, diploma di istruzione tecnica, diploma di istruzione professionale)","Scuola secondaria di 2Âº grado (diploma di istruzione liceale, diploma di istruzione tecnica, diploma di istruzione professionale)",2,3,4,3,4,4,3,4,3,4,4,6,7,5,6,6,7,6,6,7,6,6,0,0,0.000306152,0.000351,0.000308,0.000275,0.000352,0.000455359,0.000410313,0.000367235,1,1,0.002905,0.003386,0.003071,0.003098,0.003666,0.004387,0.00408,0.004118,3,0.897376391,0.799561568,0.799069763,0.799077489,0.496897833,0.044162898,2.67E-06,0.954174497,0.980310214,6.79E-12,0.978893766,0.021035841,1,0,1,1,0,1,1,1,0,0,0.897355818,0.798026291,0.797209173,0.797269583,0.508980094,0.04416295,2.68E-06,0.954233963,0.980255144,7.00E-12,0.978264238,0.0216597,0,0,0,0,0,0,1,1,1,0,0,1,0,1,1
39,11,0,12,1,4,4,7,0.915659907,0.010026511,0.071606739,0.002706842,0.192582404,0.291868154,0.192582404,0.322967039,1,0,0,0,0,1,4,7,1,0,0,0,1,0,0,1,4,1,39,11,1,2,3,4,5,2,3,1,5,6,7,8,5,5,3,5,1,5,1.060606061,4,3,5,0.222222222,2,3332,13592,13669,Laurea triennale,Laurea specialistica,1,1,1,3,2,3,1,1,1,3,1,6,7,5,7,8,7,5,6,8,6,8,7,5,1,1,1,1,1,1,1,1,0,0,0.000306,0.000351,0.000308,0.000275,0.000352,0.000455,0.00041,0.000367,0,0.899273202,0.799108707,0.798927354,0.798906785,0.591917401,1,0.99997541,6.61E-14,7.31E-09,0.416412904,8.02E-13,0.583587096,0,0,0,0,0,0,1,1,1,12,0.214689433,0.357452198,0.213013495,0.2970847,0.201212645,1,0.999975649,6.63E-14,7.24E-09,0.416515167,7.62E-13,0.583484833,7,2,2,3,1,1,0,0,0,0,0,6,0,1,1
40,5,9,10,1,4,4,3,0.382673178,0.20337756,0.264263152,0.14968611,0.343545817,0.359012779,0.207398321,0.090043083,0,0,1,0,1,0,4,7,0,1,0,1,0,1,0,0,3,1,40,5,1,2,3,4,5,5,2,3,5,6,7,8,5,4,3,3,2,5,0.6,3,3,5,0.244444444,2,3284,14078,NaN,Laurea triennale,"Scuola secondaria di 2Âº grado (diploma di istruzione liceale, diploma di istruzione tecnica, diploma di istruzione professionale)",2,1,1,2,2,3,1,4,3,3,1,6,7,8,7,6,7,5,5,5,6,6,5,4,0.104602065,0.104602,0.104602,0.104602,0.114425,0.114424833,0.114424833,0.114424833,5,4,0.264142,0.264142,0.264142,0.264142,0.269542,0.269542,0.269542,0.269542,9,0.27316252,0.679394629,0.350098714,0.346725129,0.263085378,1,0.999928384,3.28E-11,9.33E-07,0.068569767,3.55E-10,0.931430233,5,1,2,4,1,1,1,1,0,10,0.231979971,0.509333069,0.390390833,0.397557743,0.205512537,1,0.999929005,3.29E-11,9.23E-07,0.06860533,3.56E-10,0.931394669,7,1,2,4,1,3,1,1,1,5,1,2,0,0,0
40,6,0,0,1,4,4,8,0.071606739,0.915659907,0.002706842,0.010026511,0.915659907,0.071606739,0.002706842,0.010026511,0,1,0,0,0,1,4,7,0,0,0,1,0,1,0,0,4,1,40,6,1,2,3,4,4,5,3,4,5,6,7,8,5,4,3,3,3,5,0.166666667,2,3,5,0.244444444,2,3264,15768,16438,"Scuola secondaria di 2Âº grado (diploma di istruzione liceale, diploma di istruzione tecnica, diploma di istruzione professionale)","Scuola secondaria di 2Âº grado (diploma di istruzione liceale, diploma di istruzione tecnica, diploma di istruzione professionale)",2,1,1,2,2,4,2,2,1,2,2,5,5,5,6,6,8,5,5,5,6,5,0,0,0.000306152,0.000351,0.000308,0.000275,0.000352,0.000455359,0.000410313,0.000367235,0,0,0.000306,0.000351,0.000308,0.000275,0.000352,0.000455,0.00041,0.000367,0,0.898465058,0.799027736,0.798302045,0.79063163,0.499681915,1,0.999994396,1.95E-12,8.89E-10,0.997438886,5.27E-14,0.002561114,0,0,0,0,0,0,1,1,1,0,0.899376629,0.799427965,0.797364969,0.797356977,0.504583747,1,0.999994434,1.95E-12,8.79E-10,0.997439193,5.43E-14,0.002560807,0,0,0,0,0,0,1,1,1,1,0,1,0,0,1
40,7,0,0,1,4,4,7,0.915659907,0.010026511,0.071606739,0.002706842,0.915659907,0.010026511,0.002706842,0.071606739,0,1,0,1,0,0,3,7,0,0,0,1,0,0,1,0,2,1,40,7,1,2,3,4,5,4,4,1,5,6,7,8,5,3,3,4,1,5,0.857142857,4,3,5,0.244444444,2,3270,18106,19167,"Scuola secondaria di 2Âº grado (diploma di istruzione liceale, diploma di istruzione tecnica, diploma di istruzione professionale)","Scuola secondaria di 2Âº grado (diploma di istruzione liceale, diploma di istruzione tecnica, diploma di istruzione professionale)",1,1,1,3,2,3,1,1,1,3,1,5,5,5,6,8,8,5,5,5,8,5,0,0,0.000306152,0.000351,0.000308,0.000275,0.000352,0.000455359,0.000410313,0.000367235,0,0,0.000306,0.000351,0.000308,0.000275,0.000352,0.000455,0.00041,0.000367,0,0.899273202,0.799108707,0.798927354,0.798906785,0.591917401,1,0.99997541,6.61E-14,7.31E-09,0.416412904,8.02E-13,0.583587096,0,0,0,0,0,0,1,1,1,0,0.898227759,0.798248968,0.787500987,0.782274542,0.494216878,1,0.999975649,6.63E-14,7.24E-09,0.416515167,7.62E-13,0.583484833,0,0,0,0,0,0,1,1,1,1,0,1,0,0,1
40,8,0,0,1,4,4,7,0.915659907,0.071606739,0.010026511,0.002706842,0.915659907,0.010026511,0.002706842,0.071606739,0,1,0,0,0,1,2,7,0,0,0,0,1,0,0,1,3,1,40,8,1,2,3,4,5,5,2,1,5,6,7,8,4,3,3,4,1,5,1.307692308,4,3,4,0.095238095,1,3459,14524,16950,Laurea specialistica,"Scuola secondaria di 2Âº grado (diploma di istruzione liceale, diploma di istruzione tecnica, diploma di istruzione professionale)",1,1,1,2,2,3,1,1,1,2,1,5,5,5,6,8,8,5,5,5,8,5,0,0,0.000306152,0.000351,0.000308,0.000275,0.000352,0.000455359,0.000410313,0.000367235,0,0,0.000306,0.000351,0.000308,0.000275,0.000352,0.000455,0.00041,0.000367,0,0.899555009,0.799529066,0.799230456,0.799061092,0.549426574,1,0.999999424,8.38E-15,1.20E-10,0.993718325,1.14E-15,0.006281675,0,0,0,0,0,0,1,1,1,0,0.898227759,0.798248968,0.787500987,0.782274542,0.494216878,1,0.999999429,8.41E-15,1.19E-10,0.993719185,1.03E-15,0.006280815,0,0,0,0,0,0,1,1,1,1,0,2,0,0,0
40,9,1,0,0,4,4,6,0.000977198,0.101048593,0.101531796,0.796442413,0.010026511,0.915659907,0.071606739,0.002706842,0,0,1,0,1,0,3,7,0,1,0,1,0,1,0,0,4,1,40,9,1,2,3,4,1,5,4,5,5,6,7,8,1,5,4,4,1,5,0.955555556,4,1,5,0.857142857,4,3315,15772,16580,"Scuola secondaria di 2Âº grado (diploma di istruzione liceale, diploma di istruzione tecnica, diploma di istruzione professionale)",Laurea specialistica,2,3,4,2,4,4,3,4,4,4,4,6,7,5,6,6,7,6,6,7,6,6,0,0,0.000306152,0.000351,0.000308,0.000275,0.000352,0.000455359,0.000410313,0.000367235,1,1,0.000958,0.000969,0.00086,0.00081,0.001126,0.001204,0.001093,0.001026,1,0.897522513,0.799610431,0.79877787,0.798788482,0.432269269,0.001562939,8.12E-07,0.996871871,0.99841582,1.52E-12,0.99908185,0.000846305,1,0,0,1,0,0,1,1,1,0,0.897355818,0.798026291,0.797209173,0.797269583,0.508980094,0.001562903,8.16E-07,0.996931199,0.998413835,1.52E-12,0.999075847,0.000846473,0,0,0,0,0,0,1,1,1,2,0,3,1,0,1
40,10,3,3,1,4,4,4,0.36556655,0.632956231,0.000903195,0.000574023,0.632956231,0.36556655,0.000903195,0.000574023,0,1,0,0,0,1,1,7,0,0,0,1,0,1,0,0,8,0,40,10,1,2,3,4,5,5,4,4,5,6,7,8,5,5,4,4,4,5,0.074074074,1,4,5,0.074074074,1,NaN,NaN,NaN,,,2,1,1,2,2,3,2,1,1,2,2,5,5,5,6,6,7,5,6,5,6,5,1,1,0.002904536,0.003386,0.003071,0.003098,0.003666,0.004387326,0.004079551,0.00411772,1,1,0.002905,0.003386,0.003071,0.003098,0.003666,0.004387,0.00408,0.004118,3,0.894145991,0.797989832,0.791526447,0.774271397,0.502100529,1,0.999999599,2.53E-14,7.71E-11,0.998466504,6.88E-16,0.001533496,1,0,1,1,0,1,1,1,0,3,0.892922976,0.796668134,0.794938728,0.794938184,0.498228803,1,0.999999602,2.54E-14,7.64E-11,0.998466661,6.80E-16,0.001533339,1,0,1,1,0,1,1,1,0,2,0,2,0,0,0
40,11,0,3,0,4,4,4,0.915659907,0.010026511,0.071606739,0.002706842,0.000903428,0.633121317,0.365401124,0.000574131,1,0,0,0,0,1,5,7,0,0,0,1,0,1,0,0,5,1,40,11,1,2,3,4,5,5,5,5,5,6,7,8,4,5,4,3,5,5,0,0,3,5,0.166666667,2,NaN,NaN,NaN,,,1,1,1,3,2,3,1,1,1,3,1,6,7,5,7,6,7,6,6,7,6,6,1,1,0.002904536,0.003386,0.003071,0.003098,0.003666,0.004387326,0.004079551,0.00411772,0,0,0.000306,0.000351,0.000308,0.000275,0.000352,0.000455,0.00041,0.000367,0,0.899273202,0.799108707,0.798927354,0.798906785,0.591917401,1,0.99997541,6.61E-14,7.31E-09,0.416412904,8.02E-13,0.583587096,0,0,0,0,0,0,1,1,1,3,0.881369397,0.792615646,0.776729101,0.776979299,0.51320625,1,0.999975649,6.63E-14,7.24E-09,0.416515167,7.62E-13,0.583484833,2,1,0,2,1,0,1,1,1,6,0,1,0,0,1
40,12,0,0,0,4,4,7,0.002706842,0.010026511,0.071606739,0.915659907,0.010026511,0.002706842,0.915659907,0.071606739,0,1,0,0,1,0,6,7,0,0,0,0,1,0,0,1,4,1,40,12,1,2,3,4,1,2,4,5,5,6,7,8,2,4,5,4,1,5,1.111111111,4,2,5,0.422222222,3,3132,15177,16339,"Scuola secondaria di 2Âº grado (diploma di istruzione liceale, diploma di istruzione tecnica, diploma di istruzione professionale)","Scuola secondaria di 2Âº grado (diploma di istruzione liceale, diploma di istruzione tecnica, diploma di istruzione professionale)",2,3,4,3,4,4,3,4,4,4,4,5,7,8,7,8,7,7,8,7,7,7,0,0,0.000306152,0.000351,0.000308,0.000275,0.000352,0.000455359,0.000410313,0.000367235,0,0,0.000306,0.000351,0.000308,0.000275,0.000352,0.000455,0.00041,0.000367,0,0.899657266,0.799910991,0.799788756,0.799791181,0.489622761,0.000805806,1.21E-07,0.997627817,0.998416509,5.35E-14,0.999484418,0.000443708,0,0,0,0,0,0,1,1,1,0,0.898765554,0.798885186,0.798743706,0.798997535,0.480549041,0.000805842,1.22E-07,0.997687119,0.998414528,5.35E-14,0.999478799,0.00044349,0,0,0,0,0,0,1,1,1,0,0,3,1,1,1
40,13,0,0,0,4,4,6,0.002706842,0.010026511,0.071606739,0.915659907,0.071606739,0.915659907,0.002706842,0.010026511,0,1,0,0,1,0,1,7,0,0,0,1,0,1,0,0,5,1,40,13,1,2,3,4,1,3,3,5,5,6,7,8,3,5,2,3,1,5,0.888888889,4,2,5,0.487179487,3,3420,14925,14415,Laurea specialistica,"Scuola secondaria di 2Âº grado (diploma di istruzione liceale, diploma di istruzione tecnica, diploma di istruzione professionale)",2,3,4,3,4,4,3,4,4,4,4,6,5,5,6,6,8,6,6,5,6,6,0,0,0.000306152,0.000351,0.000308,0.000275,0.000352,0.000455359,0.000410313,0.000367235,0,0,0.000306,0.000351,0.000308,0.000275,0.000352,0.000455,0.00041,0.000367,0,0.899657266,0.799910991,0.799788756,0.799791181,0.489622761,0.000805806,1.21E-07,0.997627817,0.998416509,5.35E-14,0.999484418,0.000443708,0,0,0,0,0,0,1,1,1,0,0.898982328,0.798860794,0.798608006,0.798633227,0.489002097,0.000805842,1.22E-07,0.997687119,0.998414528,5.35E-14,0.999478799,0.00044349,0,0,0,0,0,0,1,1,1,1,0,1,0,0,1
40,14,0,5,1,4,4,7,0.071606739,0.915659907,0.010026511,0.002706842,0.000356273,0.473823147,0.387440783,0.138379797,0,0,1,0,0,1,2,7,0,1,0,0,1,1,0,0,2,1,40,14,1,2,3,4,3,5,4,3,5,6,7,8,2,5,4,2,3,5,0.244444444,2,2,5,0.692307692,3,3287,16866,16105,Laurea specialistica,"Scuola secondaria di 2Âº grado (diploma di istruzione liceale, diploma di istruzione tecnica, diploma di istruzione professionale)",2,1,1,2,2,3,2,2,1,2,2,6,7,8,7,6,8,7,6,7,6,6,3,3,0.009315631,0.010101,0.009699,0.011409,0.011178,0.012376918,0.012055149,0.014129339,0,0,0.000306,0.000351,0.000308,0.000275,0.000352,0.000455,0.00041,0.000367,0,0.89920837,0.799527005,0.797852205,0.779980765,0.5011577,1,0.99999966,3.51E-14,5.39E-11,0.999042559,5.05E-16,0.000957441,0,0,0,0,0,0,1,1,1,5,0.610246324,0.749840897,0.723647838,0.72629439,0.405323179,1,0.999999663,3.51E-14,5.32E-11,0.999042646,5.41E-16,0.000957354,2,1,1,1,0,1,0,1,0,3,1,3,0,0,1
40,15,12,8,0,4,4,4,0.2424066,0.28831801,0.27987704,0.18939835,0.358113735,0.386014894,0.100048477,0.155822894,0,0,1,0,0,1,4,7,0,1,0,0,1,0,0,1,8,0,40,15,1,2,3,4,5,4,2,5,5,6,7,8,2,4,1,4,2,5,0.5,3,1,4,0.818181818,3,NaN,NaN,NaN,,,1,1,4,2,4,4,2,2,1,3,3,6,7,5,6,6,8,5,6,8,6,5,4,3,0.019315757,0.020129,0.020129,0.051007,0.020958,0.022410321,0.022410321,0.055774414,7,5,1,1,1,1,1,1,1,1,12,0.235097686,0.553814028,0.222462973,0.216658198,0.222023315,0.999993405,0.501855937,8.49E-07,0.001000983,0.001102576,4.47E-06,0.998892933,6,3,2,4,1,1,1,1,0,8,0.345721678,0.669398058,0.615988429,0.616276098,0.268579269,0.999993501,0.502782884,8.49E-07,0.000992168,0.001103398,4.59E-06,0.998891987,3,2,2,1,1,1,0,0,0,7,3,4,1,0,0
41,6,6,6,1,4,4,1,0.198814996,0.485908987,0.075697428,0.239578589,0.297956148,0.087243811,0.455980361,0.158819679,1,0,0,0,1,0,5,6,0,0,0,1,0,1,0,0,2,1,41,6,1,2,3,4,5,4,3,1,5,6,7,8,2,5,4,3,1,5,0.897435897,4,2,5,0.476190476,3,NaN,NaN,NaN,,,2,1,1,2,2,3,2,2,1,2,4,6,7,5,7,8,8,7,5,5,7,7,3,3,0.021014721,0.06231,0.110585,0.110585,0.022436,0.067072428,0.119836818,0.119836818,3,1,0.019316,0.020129,0.020129,0.051007,0.020958,0.02241,0.02241,0.055774,6,0.705492643,0.789037234,0.757053369,0.417117466,0.521837606,1,0.999998673,8.17E-12,2.63E-08,0.96317584,3.48E-12,0.03682416,0,3,3,0,1,3,1,1,1,6,0.504428032,0.731619089,0.700133722,0.702932557,0.270429993,1,0.999998683,8.18E-12,2.60E-08,0.963185124,3.67E-12,0.036814876,3,1,1,1,0,1,0,0,0,3,1,8,4,0,0
41,7,0,0,0,4,4,7,0.010026511,0.915659907,0.002706842,0.071606739,0.010026511,0.915659907,0.071606739,0.002706842,0,0,1,1,0,0,5,6,0,1,0,1,0,0,0,1,3,1,41,7,1,2,3,4,5,5,3,4,5,6,7,8,3,5,4,2,3,5,0.215686275,2,2,5,0.476190476,3,NaN,NaN,NaN,,,2,1,4,2,2,4,2,2,4,2,2,6,7,5,6,6,7,6,6,7,6,6,0,0,0.000306152,0.000351,0.000308,0.000275,0.000352,0.000455359,0.000410313,0.000367235,0,0,0.000306,0.000351,0.000308,0.000275,0.000352,0.000455,0.00041,0.000367,0,0.897846929,0.798294477,0.797802644,0.797637956,0.49557102,0.99999989,0.995339651,3.64E-08,1.05E-05,0.385935607,1.21E-07,0.614064271,0,0,0,0,0,0,1,1,1,0,0.897355818,0.798026291,0.797209173,0.797269583,0.508980094,0.999999892,0.995359214,3.64E-08,1.04E-05,0.386039707,1.30E-07,0.613960162,0,0,0,0,0,0,1,1,1,3,1,0,0,1,1
41,8,12,0,0,4,4,8,0.222288841,0.352187518,0.191479898,0.234043743,0.002706842,0.071606739,0.915659907,0.010026511,0,0,1,0,0,1,3,6,0,1,0,1,0,0,0,1,3,1,41,8,1,2,3,4,1,3,2,5,5,6,7,8,2,4,5,3,1,5,1.060606061,4,2,5,0.476190476,3,3459,13455,17451,"Scuola secondaria di 2Âº grado (diploma di istruzione liceale, diploma di istruzione tecnica, diploma di istruzione professionale)","Scuola secondaria di 2Âº grado (diploma di istruzione liceale, diploma di istruzione tecnica, diploma di istruzione professionale)",1,3,4,3,4,3,2,1,4,2,2,6,7,8,7,6,7,7,6,7,7,7,0,0,0.000306152,0.000351,0.000308,0.000275,0.000352,0.000455359,0.000410313,0.000367235,6,5,0.264142,0.264142,0.264142,0.264142,0.269542,0.269542,0.269542,0.269542,12,0.229104084,0.304676131,0.239094979,0.239621882,0.203221823,0.999998358,0.292877428,5.04E-07,0.001927397,0.000118788,3.43E-06,0.999877753,6,3,1,4,1,0,1,1,0,0,0.899032073,0.799495974,0.798733223,0.79879813,0.487653354,0.999998377,0.293913296,5.05E-07,0.001921135,0.000118892,3.47E-06,0.999877611,0,0,0,0,0,0,1,1,1,3,1,0,0,1,1
41,9,5,7,0,4,4,5,0.546062142,0.13005268,0.323484475,0.000400703,0.451988544,0.244100773,0.303587997,0.000322686,0,1,0,1,0,0,6,6,0,0,0,0,1,1,0,0,3,1,41,9,1,2,3,4,5,5,4,1,5,6,7,8,5,5,1,3,1,5,0.955555556,4,1,5,1.047619048,4,3381,NaN,NaN,"Scuola secondaria di 2Âº grado (diploma di istruzione liceale, diploma di istruzione tecnica, diploma di istruzione professionale)","Scuola secondaria di 2Âº grado (diploma di istruzione liceale, diploma di istruzione tecnica, diploma di istruzione professionale)",1,1,1,2,2,3,3,1,1,3,1,6,5,5,7,6,7,7,5,5,6,5,3,3,0.050472327,0.050472,0.050472,0.050472,0.061277,0.06127748,0.06127748,0.06127748,2,2,0.009316,0.010101,0.009699,0.011409,0.011178,0.012377,0.012055,0.014129,5,0.846558275,0.785300942,0.776005875,0.775674486,0.612224942,1,0.999991786,1.19E-13,9.35E-09,0.533475212,1.13E-12,0.466524788,3,0,1,2,0,1,1,1,0,7,0.429868884,0.699275996,0.638627543,0.636023562,0.386056514,1,0.999991862,1.19E-13,9.25E-09,0.533577001,1.08E-12,0.466422999,3,1,1,2,0,0,0,1,0,3,1,5,2,0,0
41,10,0,0,1,4,4,6,0.071606739,0.915659907,0.010026511,0.002706842,0.915659907,0.071606739,0.002706842,0.010026511,0,1,0,1,0,0,4,6,0,0,0,0,1,1,0,0,6,1,41,10,1,2,3,4,4,5,4,3,5,6,7,8,5,3,1,2,3,5,0.166666667,2,1,5,1.060606061,4,3263,14393,17605,Laurea specialistica,"Scuola secondaria di 2Âº grado (diploma di istruzione liceale, diploma di istruzione tecnica, diploma di istruzione professionale)",2,1,1,2,2,3,2,2,1,2,2,5,5,5,6,6,8,5,5,5,6,5,0,0,0.000306152,0.000351,0.000308,0.000275,0.000352,0.000455359,0.000410313,0.000367235,0,0,0.000306,0.000351,0.000308,0.000275,0.000352,0.000455,0.00041,0.000367,0,0.89920837,0.799527005,0.797852205,0.779980765,0.5011577,1,0.99999966,3.51E-14,5.39E-11,0.999042559,5.05E-16,0.000957441,0,0,0,0,0,0,1,1,1,0,0.899376629,0.799427965,0.797364969,0.797356977,0.504583747,1,0.999999663,3.51E-14,5.32E-11,0.999042646,5.41E-16,0.000957354,0,0,0,0,0,0,1,1,1,1,0,0,0,1,1
41,11,2,0,1,4,4,2,0.068357878,0.110330007,0.710982107,0.110330007,0.010026511,0.071606739,0.002706842,0.915659907,0,0,1,0,1,0,6,6,0,1,1,0,0,1,0,0,3,1,41,11,1,2,3,4,1,1,5,2,5,6,7,8,1,4,1,5,1,5,1.592592593,4,1,5,1.545454545,4,3238,15771,17051,"Scuola secondaria di 2Âº grado (diploma di istruzione liceale, diploma di istruzione tecnica, diploma di istruzione professionale)","Scuola secondaria di 2Âº grado (diploma di istruzione liceale, diploma di istruzione tecnica, diploma di istruzione professionale)",2,3,1,3,2,3,3,4,3,3,3,6,5,8,6,8,8,6,8,8,8,8,0,0,0.000306152,0.000351,0.000308,0.000275,0.000352,0.000455359,0.000410313,0.000367235,2,1,0.002016,0.002034,0.00187,0.001831,0.002227,0.00232,0.002152,0.002088,2,0.840560586,0.784813798,0.772802831,0.772800165,0.496258795,0.999999996,0.9790788,3.60E-09,0.004556038,6.16E-06,3.00E-08,0.999993805,2,0,0,1,0,0,1,1,1,0,0.898572182,0.797222559,0.796316944,0.797587318,0.48557424,0.999999996,0.979278483,3.61E-09,0.004492521,6.17E-06,3.12E-08,0.999993797,0,0,0,0,0,0,1,1,1,3,0,1,0,0,1
41,12,3,3,1,4,4,3,0.36556655,0.632956231,0.000903195,0.000574023,0.632861616,0.365661362,0.000573961,0.000903062,0,0,1,0,1,0,0,6,0,0,0,0,1,1,0,0,2,1,41,12,1,2,3,4,5,4,2,1,5,6,7,8,5,4,1,3,1,5,1.111111111,4,1,5,0.897435897,4,3401,16275,16016,Laurea specialistica,"Scuola secondaria di 2Âº grado (diploma di istruzione liceale, diploma di istruzione tecnica, diploma di istruzione professionale)",2,1,1,2,2,3,2,1,1,2,2,5,5,5,6,6,8,5,6,5,6,5,1,1,0.002904536,0.003386,0.003071,0.003098,0.003666,0.004387326,0.004079551,0.00411772,1,1,0.002905,0.003386,0.003071,0.003098,0.003666,0.004387,0.00408,0.004118,3,0.894145991,0.797989832,0.791526447,0.774271397,0.502100529,1,0.999999599,2.53E-14,7.71E-11,0.998466504,6.88E-16,0.001533496,1,0,1,1,0,1,1,1,0,3,0.893621126,0.796933232,0.789274643,0.789275436,0.505126161,1,0.999999602,2.54E-14,7.64E-11,0.998466661,6.80E-16,0.001533339,1,0,1,1,0,1,1,1,0,2,1,0,0,1,1
41,13,0,3,1,4,4,5,0.071606739,0.010026511,0.002706842,0.915659907,0.632956231,0.36556655,0.000574023,0.000903195,0,0,1,0,1,0,1,6,0,1,0,1,0,0,1,0,1,1,41,13,1,2,3,4,4,4,3,5,5,6,7,8,5,5,4,4,3,5,0.166666667,2,4,5,0.074074074,1,3154,10972,13311,"Scuola secondaria di 2Âº grado (diploma di istruzione liceale, diploma di istruzione tecnica, diploma di istruzione professionale)","Scuola secondaria di 2Âº grado (diploma di istruzione liceale, diploma di istruzione tecnica, diploma di istruzione professionale)",1,1,4,2,4,4,1,4,4,4,4,5,5,5,6,6,8,6,5,5,6,5,1,1,0.002904536,0.003386,0.003071,0.003098,0.003666,0.004387326,0.004079551,0.00411772,0,0,0.000306,0.000351,0.000308,0.000275,0.000352,0.000455,0.00041,0.000367,0,0.898710787,0.799105215,0.791770666,0.791787816,0.471980926,0.019156145,4.18E-05,0.979300266,0.994068545,9.47E-10,0.990131515,0.009797282,0,0,0,0,0,0,1,1,1,3,0.89387416,0.797096692,0.789262276,0.789263243,0.50511151,0.019154382,4.20E-05,0.979360375,0.994064209,9.49E-10,0.990111482,0.009811534,1,0,1,1,0,1,1,1,0,1,0,2,0,0,1
41,14,0,0,1,4,4,5,0.071606739,0.915659907,0.010026511,0.002706842,0.071606739,0.915659907,0.002706842,0.010026511,0,0,1,1,0,0,4,6,0,1,1,0,0,0,0,1,3,1,41,14,1,2,3,4,5,5,3,4,5,6,7,8,5,5,3,4,3,5,0.215686275,2,3,5,0.215686275,2,NaN,NaN,NaN,,,2,1,1,2,2,3,2,2,1,2,2,6,5,5,6,6,8,6,6,5,6,6,0,0,0.000306152,0.000351,0.000308,0.000275,0.000352,0.000455359,0.000410313,0.000367235,0,0,0.000306,0.000351,0.000308,0.000275,0.000352,0.000455,0.00041,0.000367,0,0.89920837,0.799527005,0.797852205,0.779980765,0.5011577,1,0.99999966,3.51E-14,5.39E-11,0.999042559,5.05E-16,0.000957441,0,0,0,0,0,0,1,1,1,0,0.898982328,0.798860794,0.798608006,0.798633227,0.489002097,1,0.999999663,3.51E-14,5.32E-11,0.999042646,5.41E-16,0.000957354,0,0,0,0,0,0,1,1,1,3,1,1,0,0,0
41,15,0,3,1,4,4,6,0.071606739,0.915659907,0.010026511,0.002706842,0.633121317,0.365401124,0.000903428,0.000574131,0,1,0,1,0,0,5,6,0,0,0,0,1,0,0,1,3,1,41,15,1,2,3,4,4,5,2,1,5,6,7,8,5,4,3,2,1,5,1.111111111,4,2,5,0.476190476,3,3453,NaN,NaN,Laurea specialistica,"Scuola secondaria di 2Âº grado (diploma di istruzione liceale, diploma di istruzione tecnica, diploma di istruzione professionale)",2,1,1,2,2,3,2,2,1,2,2,6,5,5,6,6,7,5,5,5,6,5,1,1,0.002904536,0.003386,0.003071,0.003098,0.003666,0.004387326,0.004079551,0.00411772,0,0,0.000306,0.000351,0.000308,0.000275,0.000352,0.000455,0.00041,0.000367,0,0.89920837,0.799527005,0.797852205,0.779980765,0.5011577,1,0.99999966,3.51E-14,5.39E-11,0.999042559,5.05E-16,0.000957441,0,0,0,0,0,0,1,1,1,3,0.893061016,0.796741324,0.796148336,0.796146461,0.498257191,1,0.999999663,3.51E-14,5.32E-11,0.999042646,5.41E-16,0.000957354,2,1,0,2,1,0,1,1,1,0,0,0,0,1,1
41,16,0,1,0,4,4,4,0.071606739,0.002706842,0.010026511,0.915659907,0.05739948,0.132330037,0.086983114,0.723287369,1,0,0,0,1,0,1,6,0,0,0,0,1,0,0,1,1,1,41,16,1,2,3,4,5,3,4,5,5,6,7,8,4,5,4,5,3,5,0.215686275,2,4,5,0.074074074,1,3268,16678,12873,Laurea triennale,"Scuola secondaria di 2Âº grado (diploma di istruzione liceale, diploma di istruzione tecnica, diploma di istruzione professionale)",1,1,4,3,4,4,1,4,4,4,4,6,5,8,7,8,8,6,8,8,8,8,1,1,0.000693828,0.00159,0.001395,0.001327,0.000752,0.001852859,0.001653838,0.001554939,0,0,0.000306,0.000351,0.000308,0.000275,0.000352,0.000455,0.00041,0.000367,0,0.898888497,0.799350397,0.797684547,0.797696998,0.460720507,0.009961383,6.25E-06,0.988480558,0.994103904,3.35E-11,0.994769874,0.00515859,0,0,0,0,0,0,1,1,1,1,0.889660602,0.790709905,0.78814672,0.792356791,0.397149338,0.009961122,6.28E-06,0.988539714,0.994099714,3.35E-11,0.994760075,0.005162581,1,0,0,0,0,0,0,0,1,1,0,2,0,0,0
41,17,3,10,0,4,4,4,0.187015799,0.232710978,0.000400471,0.579872752,0.146525901,0.338572911,0.233644085,0.281257103,0,0,1,0,1,0,3,6,0,1,NaN,NaN,NaN,NaN,NaN,NaN,NaN,0,41,17,1,2,3,4,3,4,1,4,5,6,7,8,3,5,1,5,1,4,0.666666667,3,1,5,1.047619048,4,3360,13720,17260,"Scuola secondaria di 2Âº grado (diploma di istruzione liceale, diploma di istruzione tecnica, diploma di istruzione professionale)",Scuola secondaria di 1Âº grado (Licenza media),1,1,4,2,4,4,1,4,4,2,4,6,7,8,6,8,8,5,6,8,6,7,5,3,0.264142056,0.264142,0.264142,0.264142,0.269542,0.269541779,0.269541779,0.269541779,1,1,0.001107,0.007361,0.006785,0.007864,0.001221,0.009058,0.008537,0.00985,3,0.888918542,0.795521538,0.762718151,0.762794868,0.469803404,0.820117744,0.007723521,0.179497557,0.897911041,2.47E-06,0.35973411,0.640237553,1,0,1,1,0,0,1,1,0,10,0.21826424,0.484517845,0.251486172,0.276408321,0.211860311,0.820134491,0.007752719,0.179493228,0.897847605,2.45E-06,0.363816815,0.636152443,4,2,3,3,1,1,1,1,0,3,1,3,1,0,0
42,2,0,7,1,4,5,7,0.010026511,0.071606739,0.915659907,0.002706842,0.451942633,0.303718126,0.000322676,0.244016565,0,1,0,0,1,0,3,4,0,0,0,1,0,1,0,0,2,1,42,2,1,2,3,4,5,5,5,4,5,6,7,8,5,5,4,4,4,5,0.052631579,1,4,5,0.074074074,1,3487,14877,15589,"Scuola secondaria di 2Âº grado (diploma di istruzione liceale, diploma di istruzione tecnica, diploma di istruzione professionale)","Scuola secondaria di 2Âº grado (diploma di istruzione liceale, diploma di istruzione tecnica, diploma di istruzione professionale)",2,3,1,3,2,3,3,2,3,3,3,5,5,8,6,8,8,5,5,5,6,6,3,3,0.050472327,0.050472,0.050472,0.050472,0.061277,0.06127748,0.06127748,0.06127748,0,0,0.000306,0.000351,0.000308,0.000275,0.000352,0.000455,0.00041,0.000367,0,0.887138241,0.796215566,0.793438734,0.793426012,0.498844863,1,0.995908936,1.52E-11,2.29E-05,0.000245866,1.64E-10,0.999754133,0,0,0,0,0,0,1,1,1,7,0.629960274,0.751479002,0.72539197,0.726518572,0.407685075,1,0.995943798,1.52E-11,2.25E-05,0.000246092,1.74E-10,0.999753908,3,2,2,3,1,3,1,1,1,3,0,2,0,0,0
42,3,0,5,1,4,5,7,0.010026511,0.915659907,0.002706842,0.071606739,0.000349726,0.483170642,0.34707699,0.169402642,0,0,1,0,1,0,1,4,0,1,0,0,1,0,0,1,3,1,42,3,1,2,3,4,1,5,4,5,5,6,7,8,1,4,4,3,1,5,0.955555556,4,1,4,0.666666667,3,3574,15561,15455,"Scuola secondaria di 2Âº grado (diploma di istruzione liceale, diploma di istruzione tecnica, diploma di istruzione professionale)","Scuola secondaria di 2Âº grado (diploma di istruzione liceale, diploma di istruzione tecnica, diploma di istruzione professionale)",2,1,4,2,2,4,2,2,4,2,2,6,7,8,6,6,7,6,8,7,7,6,2,2,0.009315631,0.010101,0.009699,0.011409,0.011178,0.012376918,0.012055149,0.014129339,0,0,0.000306,0.000351,0.000308,0.000275,0.000352,0.000455,0.00041,0.000367,0,0.897846929,0.798294477,0.797802644,0.797637956,0.49557102,0.99999989,0.995339651,3.64E-08,1.05E-05,0.385935607,1.21E-07,0.614064271,0,0,0,0,0,0,1,1,1,5,0.739606802,0.755580453,0.738699779,0.741688144,0.481820782,0.999999892,0.995359214,3.64E-08,1.04E-05,0.386039707,1.30E-07,0.613960162,2,0,2,2,0,1,1,1,0,3,1,1,0,0,0
42,4,0,0,1,4,5,7,0.071606739,0.915659907,0.010026511,0.002706842,0.002706842,0.010026511,0.915659907,0.071606739,1,0,0,1,0,0,4,4,0,0,0,1,0,0,0,1,3,1,42,4,1,2,3,4,4,5,3,2,5,6,7,8,4,4,5,4,2,5,0.476190476,3,4,5,0.058823529,1,NaN,NaN,NaN,,,2,1,1,2,2,3,2,2,1,2,2,6,7,8,7,8,7,7,8,7,7,7,0,0,0.000306152,0.000351,0.000308,0.000275,0.000352,0.000455359,0.000410313,0.000367235,0,0,0.000306,0.000351,0.000308,0.000275,0.000352,0.000455,0.00041,0.000367,0,0.89920837,0.799527005,0.797852205,0.779980765,0.5011577,1,0.99999966,3.51E-14,5.39E-11,0.999042559,5.05E-16,0.000957441,0,0,0,0,0,0,1,1,1,0,0.899259628,0.799366178,0.799054432,0.799247696,0.484790148,1,0.999999663,3.51E-14,5.32E-11,0.999042646,5.41E-16,0.000957354,0,0,0,0,0,0,1,1,1,0,0,3,0,1,1
42,5,0,0,0,4,5,3,0.002706842,0.010026511,0.071606739,0.915659907,0.071606739,0.915659907,0.002706842,0.010026511,0,1,0,0,1,0,7,4,0,0,0,1,0,0,0,1,5,1,42,5,1,2,3,4,2,3,4,5,5,6,7,8,4,5,3,4,2,5,0.476190476,3,3,5,0.166666667,2,NaN,NaN,NaN,,,2,3,4,3,4,4,3,4,4,4,4,6,5,5,6,6,8,6,6,5,6,6,0,0,0.000306152,0.000351,0.000308,0.000275,0.000352,0.000455359,0.000410313,0.000367235,0,0,0.000306,0.000351,0.000308,0.000275,0.000352,0.000455,0.00041,0.000367,0,0.899657266,0.799910991,0.799788756,0.799791181,0.489622761,0.000805806,1.21E-07,0.997627817,0.998416509,5.35E-14,0.999484418,0.000443708,0,0,0,0,0,0,1,1,1,0,0.898982328,0.798860794,0.798608006,0.798633227,0.489002097,0.000805842,1.22E-07,0.997687119,0.998414528,5.35E-14,0.999478799,0.00044349,0,0,0,0,0,0,1,1,1,0,0,1,0,1,1
42,6,0,1,0,4,5,8,0.071606739,0.010026511,0.002706842,0.915659907,0.101531796,0.796442413,0.000977198,0.101048593,0,0,1,0,1,0,3,4,0,1,0,0,1,0,1,0,3,1,42,6,1,2,3,4,5,2,2,5,5,6,7,8,2,5,2,2,2,5,0.857142857,3,2,5,0.818181818,3,3745,15205,15137,Laurea triennale,Laurea specialistica,1,1,4,2,4,4,1,4,4,4,4,6,5,8,6,6,8,6,6,5,6,6,1,1,0.000957953,0.000969,0.00086,0.00081,0.001126,0.001204491,0.001092811,0.001025973,0,0,0.000306,0.000351,0.000308,0.000275,0.000352,0.000455,0.00041,0.000367,0,0.898710787,0.799105215,0.791770666,0.791787816,0.471980926,0.019156145,4.18E-05,0.979300266,0.994068545,9.47E-10,0.990131515,0.009797282,0,0,0,0,0,0,1,1,1,1,0.892325229,0.795526109,0.794286135,0.794415253,0.41951361,0.019154382,4.20E-05,0.979360375,0.994064209,9.49E-10,0.990111482,0.009811534,1,0,0,1,0,0,1,1,1,2,0,4,0,0,1
42,7,0,0,1,4,5,7,0.915659907,0.010026511,0.071606739,0.002706842,0.071606739,0.915659907,0.002706842,0.010026511,0,0,1,0,1,0,2,4,0,1,0,0,1,1,0,0,2,1,42,7,1,2,3,4,5,4,5,4,5,6,7,8,4,5,3,3,4,5,0.074074074,1,3,5,0.244444444,2,NaN,NaN,NaN,,,1,1,1,3,2,3,1,1,1,3,1,6,5,5,6,6,8,6,6,5,6,6,0,0,0.000306152,0.000351,0.000308,0.000275,0.000352,0.000455359,0.000410313,0.000367235,0,0,0.000306,0.000351,0.000308,0.000275,0.000352,0.000455,0.00041,0.000367,0,0.899273202,0.799108707,0.798927354,0.798906785,0.591917401,1,0.99997541,6.61E-14,7.31E-09,0.416412904,8.02E-13,0.583587096,0,0,0,0,0,0,1,1,1,0,0.898982328,0.798860794,0.798608006,0.798633227,0.489002097,1,0.999975649,6.63E-14,7.24E-09,0.416515167,7.62E-13,0.583484833,0,0,0,0,0,0,1,1,1,2,0,1,0,0,1
42,8,4,3,1,4,5,8,0.000745539,0.000497891,0.499192247,0.499564322,0.000574023,0.36556655,0.632956231,0.000903195,0,0,1,0,0,1,2,4,0,1,0,0,1,0,0,1,2,1,42,8,1,2,3,4,4,4,5,5,5,6,7,8,3,5,5,4,4,5,0.074074074,1,3,5,0.215686275,2,3856,NaN,NaN,,,1,3,4,3,4,3,3,4,4,3,4,6,7,8,7,6,7,6,6,7,7,7,1,1,0.002904536,0.003386,0.003071,0.003098,0.003666,0.004387326,0.004079551,0.00411772,2,2,0.002905,0.003386,0.003071,0.003098,0.003666,0.004387,0.00408,0.004118,4,0.882680284,0.798334169,0.796572126,0.796596161,0.497786681,0.762337443,3.74E-05,0.237253736,0.981119703,2.65E-10,0.509029644,0.490933751,1,1,1,1,1,1,1,1,0,3,0.891996071,0.797242735,0.794199807,0.794777195,0.495444516,0.762228289,3.77E-05,0.237377432,0.98106561,2.52E-10,0.534203994,0.46575447,1,0,1,1,0,1,1,1,0,3,0,1,0,0,0
42,9,0,0,0,4,5,5,0.002706842,0.010026511,0.071606739,0.915659907,0.002706842,0.915659907,0.071606739,0.010026511,0,0,1,1,0,0,5,4,0,1,1,0,0,0,1,0,7,1,42,9,1,2,3,4,1,2,4,4,5,6,7,8,1,5,4,3,1,4,0.818181818,3,1,5,0.897435897,4,3651,17047,17153,Dottorato di ricerca,Dottorato di ricerca,2,3,4,3,4,4,3,4,4,4,4,6,7,8,6,6,7,6,6,7,6,6,0,0,0.000306152,0.000351,0.000308,0.000275,0.000352,0.000455359,0.000410313,0.000367235,0,0,0.000306,0.000351,0.000308,0.000275,0.000352,0.000455,0.00041,0.000367,0,0.899657266,0.799910991,0.799788756,0.799791181,0.489622761,0.000805806,1.21E-07,0.997627817,0.998416509,5.35E-14,0.999484418,0.000443708,0,0,0,0,0,0,1,1,1,0,0.890405861,0.796930365,0.79582644,0.795943657,0.50203661,0.000805842,1.22E-07,0.997687119,0.998414528,5.35E-14,0.999478799,0.00044349,0,0,0,0,0,0,1,1,1,1,0,0,0,1,1
42,10,0,8,1,4,5,5,0.915659907,0.010026511,0.071606739,0.002706842,0.312862286,0.214529852,0.0845628,0.388045061,0,0,1,0,1,0,3,4,0,1,0,1,0,1,0,0,4,1,42,10,1,2,3,4,5,4,4,3,5,6,7,8,5,4,2,5,3,5,0.166666667,2,2,5,0.5,3,3623,16060,16117,"Scuola secondaria di 2Âº grado (diploma di istruzione liceale, diploma di istruzione tecnica, diploma di istruzione professionale)","Scuola secondaria di 2Âº grado (diploma di istruzione liceale, diploma di istruzione tecnica, diploma di istruzione professionale)",1,1,1,3,2,3,1,1,1,3,1,6,7,8,6,8,8,6,8,5,8,5,4,2,0.019315757,0.020129,0.020129,0.051007,0.020958,0.022410321,0.022410321,0.055774414,0,0,0.000306,0.000351,0.000308,0.000275,0.000352,0.000455,0.00041,0.000367,0,0.899273202,0.799108707,0.798927354,0.798906785,0.591917401,1,0.99997541,6.61E-14,7.31E-09,0.416412904,8.02E-13,0.583587096,0,0,0,0,0,0,1,1,1,8,0.250676425,0.602070702,0.382698756,0.384131405,0.371731618,1,0.999975649,6.63E-14,7.24E-09,0.416515167,7.62E-13,0.583484833,2,3,2,1,1,1,1,1,0,1,0,3,1,0,1
42,11,0,0,1,4,5,7,0.071606739,0.915659907,0.010026511,0.002706842,0.071606739,0.915659907,0.002706842,0.010026511,0,1,0,1,0,0,5,4,0,0,0,1,0,1,0,0,4,1,42,11,1,2,3,4,4,5,3,1,5,6,7,8,4,5,3,1,1,5,0.897435897,4,1,5,0.897435897,4,NaN,NaN,NaN,,,2,1,1,2,2,3,2,2,1,2,2,6,5,5,6,6,8,6,6,5,6,6,0,0,0.000306152,0.000351,0.000308,0.000275,0.000352,0.000455359,0.000410313,0.000367235,0,0,0.000306,0.000351,0.000308,0.000275,0.000352,0.000455,0.00041,0.000367,0,0.89920837,0.799527005,0.797852205,0.779980765,0.5011577,1,0.99999966,3.51E-14,5.39E-11,0.999042559,5.05E-16,0.000957441,0,0,0,0,0,0,1,1,1,0,0.898982328,0.798860794,0.798608006,0.798633227,0.489002097,1,0.999999663,3.51E-14,5.32E-11,0.999042646,5.41E-16,0.000957354,0,0,0,0,0,0,1,1,1,0,0,2,1,1,1
42,12,0,3,0,4,5,4,0.002706842,0.010026511,0.071606739,0.915659907,0.193946141,0.554705435,0.18331026,0.068038164,0,0,1,0,1,0,5,4,0,1,0,0,1,0,0,1,8,0,42,12,1,2,3,4,1,2,4,5,5,6,7,8,3,5,5,4,1,5,1.111111111,4,3,5,0.215686275,2,3745,13869,12633,"Scuola secondaria di 2Âº grado (diploma di istruzione liceale, diploma di istruzione tecnica, diploma di istruzione professionale)",Scuola secondaria di 1Âº grado (Licenza media),2,3,4,3,4,4,3,4,4,4,4,5,7,8,6,6,7,6,6,7,6,6,1,1,0.000779014,0.013674,0.013119,0.023055,0.000797,0.015524081,0.015114321,0.026118358,0,0,0.000306,0.000351,0.000308,0.000275,0.000352,0.000455,0.00041,0.000367,0,0.899657266,0.799910991,0.799788756,0.799791181,0.489622761,0.000805806,1.21E-07,0.997627817,0.998416509,5.35E-14,0.999484418,0.000443708,0,0,0,0,0,0,1,1,1,3,0.863284392,0.787728807,0.786570818,0.787026957,0.485601397,0.000805842,1.22E-07,0.997687119,0.998414528,5.35E-14,0.999478799,0.00044349,2,1,0,0,0,0,0,0,1,0,0,1,0,1,1
42,13,0,0,0,4,5,7,0.071606739,0.915659907,0.002706842,0.010026511,0.915659907,0.010026511,0.071606739,0.002706842,0,0,1,0,1,0,4,4,0,1,0,0,1,0,0,1,2,1,42,13,1,2,3,4,4,5,1,3,5,6,7,8,5,4,3,1,1,5,0.897435897,4,1,5,0.897435897,4,3833,16113,16191,Scuola secondaria di 1Âº grado (Licenza media),Scuola secondaria di 1Âº grado (Licenza media),2,1,1,2,2,4,2,2,1,2,2,5,5,5,7,6,7,5,5,5,7,5,0,0,0.000306152,0.000351,0.000308,0.000275,0.000352,0.000455359,0.000410313,0.000367235,0,0,0.000306,0.000351,0.000308,0.000275,0.000352,0.000455,0.00041,0.000367,0,0.898465058,0.799027736,0.798302045,0.79063163,0.499681915,1,0.999994396,1.95E-12,8.89E-10,0.997438886,5.27E-14,0.002561114,0,0,0,0,0,0,1,1,1,0,0.897630619,0.797953895,0.796047082,0.795696735,0.522902771,1,0.999994434,1.95E-12,8.79E-10,0.997439193,5.43E-14,0.002560807,0,0,0,0,0,0,1,1,1,0,0,2,1,1,1
43,2,0,0,0,4,5,7,0.002706842,0.010026511,0.071606739,0.915659907,0.071606739,0.915659907,0.002706842,0.010026511,0,0,1,0,1,0,2,8,0,1,0,0,1,0,0,1,3,1,43,2,1,2,3,4,1,3,4,5,5,6,7,8,4,5,2,3,1,5,0.897435897,4,2,5,0.476190476,3,NaN,NaN,NaN,,,2,3,4,3,4,4,3,4,4,4,4,6,5,5,6,6,8,6,6,5,6,6,0,0,0.000306152,0.000351,0.000308,0.000275,0.000352,0.000455359,0.000410313,0.000367235,0,0,0.000306,0.000351,0.000308,0.000275,0.000352,0.000455,0.00041,0.000367,0,0.899657266,0.799910991,0.799788756,0.799791181,0.489622761,0.000805806,1.21E-07,0.997627817,0.998416509,5.35E-14,0.999484418,0.000443708,0,0,0,0,0,0,1,1,1,0,0.898982328,0.798860794,0.798608006,0.798633227,0.489002097,0.000805842,1.22E-07,0.997687119,0.998414528,5.35E-14,0.999478799,0.00044349,0,0,0,0,0,0,1,1,1,0,0,0,0,1,1
43,3,0,7,1,4,5,6,0.010026511,0.071606739,0.002706842,0.915659907,0.06267217,0.303687166,0.420894601,0.212746063,1,0,0,0,1,0,3,8,0,0,1,0,0,0,1,0,5,1,43,3,1,2,3,4,3,4,3,5,5,6,7,8,3,4,5,4,3,5,0.244444444,2,3,5,0.166666667,2,3725,14395,16212,"Scuola secondaria di 2Âº grado (diploma di istruzione liceale, diploma di istruzione tecnica, diploma di istruzione professionale)","Scuola secondaria di 2Âº grado (diploma di istruzione liceale, diploma di istruzione tecnica, diploma di istruzione professionale)",2,1,4,2,4,4,2,4,4,4,4,6,7,5,7,6,7,6,6,7,8,7,3,2,0.017556646,0.110585,0.110585,0.110585,0.018293,0.119836818,0.119836818,0.119836818,0,0,0.000306,0.000351,0.000308,0.000275,0.000352,0.000455,0.00041,0.000367,0,0.898945751,0.799546248,0.79870335,0.798719681,0.487580712,0.008882612,3.65E-05,0.989561513,0.995986828,1.16E-09,0.995271699,0.004656729,0,0,0,0,0,0,1,1,1,7,0.570635251,0.759317015,0.599362696,0.604745607,0.43902716,0.008881712,3.67E-05,0.989621305,0.9959832,1.16E-09,0.99525624,0.004666376,3,0,2,2,0,1,1,1,0,1,0,3,1,0,1
43,4,0,0,0,4,5,7,0.002706842,0.071606739,0.010026511,0.915659907,0.010026511,0.071606739,0.002706842,0.915659907,0,0,1,0,1,0,5,8,0,1,0,0,1,1,0,0,4,1,43,4,1,2,3,4,1,3,2,5,5,6,7,8,3,2,3,5,1,5,1.060606061,4,2,5,0.487179487,3,NaN,NaN,NaN,,,2,3,4,2,4,4,2,4,4,4,4,6,5,8,6,8,8,6,8,8,8,8,0,0,0.000306152,0.000351,0.000308,0.000275,0.000352,0.000455359,0.000410313,0.000367235,0,0,0.000306,0.000351,0.000308,0.000275,0.000352,0.000455,0.00041,0.000367,0,0.899193323,0.799722883,0.799169438,0.799178538,0.487675641,0.003100637,5.13E-06,0.995334411,0.996018099,4.45E-11,0.998263016,0.001665198,0,0,0,0,0,0,1,1,1,0,0.898572182,0.797222559,0.796316944,0.797587318,0.48557424,0.003100356,5.15E-06,0.995393929,0.996014586,4.46E-11,0.998255347,0.001667037,0,0,0,0,0,0,1,1,1,0,0,5,2,1,1
43,5,0,0,0,4,5,4,0.915659907,0.010026511,0.002706842,0.071606739,0.071606739,0.915659907,0.002706842,0.010026511,0,0,1,0,0,1,7,8,0,1,0,0,1,0,0,1,2,1,43,5,1,2,3,4,5,2,3,5,5,6,7,8,3,5,3,2,2,5,0.6,3,2,5,0.487179487,3,3578,18146,18555,"Scuola secondaria di 2Âº grado (diploma di istruzione liceale, diploma di istruzione tecnica, diploma di istruzione professionale)",Laurea specialistica,1,1,1,2,4,4,1,1,1,4,1,6,5,5,6,6,8,6,6,5,6,6,0,0,0.000306152,0.000351,0.000308,0.000275,0.000352,0.000455359,0.000410313,0.000367235,0,0,0.000306,0.000351,0.000308,0.000275,0.000352,0.000455,0.00041,0.000367,0,0.896598115,0.795617449,0.793570648,0.793569409,0.50283051,0.999999935,0.986197029,2.59E-08,5.11E-05,0.035772898,2.25E-07,0.964226876,0,0,0,0,0,0,1,1,1,0,0.898982328,0.798860794,0.798608006,0.798633227,0.489002097,0.999999935,0.986287885,2.60E-08,5.08E-05,0.035790498,1.90E-07,0.964209311,0,0,0,0,0,0,1,1,1,3,1,3,1,0,1
43,6,5,7,0,4,5,2,0.116311897,0.04251935,0.319909023,0.52125973,0.268478355,0.123179856,0.485161933,0.123179856,1,0,0,0,1,0,3,8,0,0,0,0,1,1,0,0,2,1,43,6,1,2,3,4,1,2,5,4,5,6,7,8,1,5,4,3,1,5,1.111111111,4,1,5,0.897435897,4,3653,15654,15923,"Scuola secondaria di 2Âº grado (diploma di istruzione liceale, diploma di istruzione tecnica, diploma di istruzione professionale)","Scuola secondaria di 2Âº grado (diploma di istruzione liceale, diploma di istruzione tecnica, diploma di istruzione professionale)",2,1,4,3,4,4,3,4,4,4,3,5,7,8,7,8,7,7,6,7,7,5,4,2,0.048476706,0.048477,0.048477,0.048477,0.050972,0.050971557,0.050971557,0.050971557,2,2,0.00655,0.015764,0.015539,0.022999,0.007361,0.018002,0.017922,0.026258,5,0.881766873,0.797962613,0.796907572,0.796908176,0.462102277,0.11581098,1.90E-05,0.868368369,0.978028746,1.70E-10,0.939192402,0.056610546,1,2,2,0,1,3,0,0,1,7,0.389040536,0.686757882,0.674205476,0.645854088,0.330561175,0.115872963,1.91E-05,0.868896057,0.977968524,1.75E-10,0.937079212,0.058252407,2,2,3,1,1,3,1,1,1,2,1,6,2,0,0
44,1,0,1,0,4,5,7,0.915659907,0.002706842,0.010026511,0.071606739,0.101531796,0.796442413,0.101048593,0.000977198,0,0,1,0,1,0,3,4,1,1,0,0,1,0,0,1,7,1,44,1,1,2,3,4,5,2,4,3,5,6,7,8,4,5,3,3,2,5,0.476190476,3,3,5,0.244444444,2,3726,17157,24210,"Scuola secondaria di 2Âº grado (diploma di istruzione liceale, diploma di istruzione tecnica, diploma di istruzione professionale)",Scuola secondaria di 1Âº grado (Licenza media),1,1,1,3,4,4,1,1,1,4,1,6,7,5,6,6,7,6,6,5,6,6,1,1,0.000957953,0.000969,0.00086,0.00081,0.001126,0.001204491,0.001092811,0.001025973,0,0,0.000306,0.000351,0.000308,0.000275,0.000352,0.000455,0.00041,0.000367,0,0.896702235,0.795735299,0.792429422,0.79242954,0.500000788,0.999999873,0.914406431,5.03E-08,0.000316807,0.002485474,4.44E-07,0.997514079,0,0,0,0,0,0,1,1,1,1,0.890788547,0.795037183,0.793422627,0.793537198,0.444881308,0.999999874,0.914949431,5.04E-08,0.000315036,0.00248709,3.75E-07,0.997512532,1,0,0,1,0,0,1,1,1,2,1,2,0,0,1
44,2,0,0,0,4,5,6,0.002706842,0.010026511,0.071606739,0.915659907,0.010026511,0.002706842,0.071606739,0.915659907,0,0,1,0,0,1,5,4,1,1,0,0,1,1,0,0,5,1,44,2,1,2,3,4,1,2,4,5,5,6,7,8,4,4,5,5,1,5,1.111111111,4,4,5,0.074074074,1,3768,14605,14646,"Scuola secondaria di 2Âº grado (diploma di istruzione liceale, diploma di istruzione tecnica, diploma di istruzione professionale)",Scuola secondaria di 1Âº grado (Licenza media),2,3,4,3,4,4,3,4,4,4,4,5,7,8,7,8,8,7,8,8,8,8,0,0,0.000306152,0.000351,0.000308,0.000275,0.000352,0.000455359,0.000410313,0.000367235,0,0,0.000306,0.000351,0.000308,0.000275,0.000352,0.000455,0.00041,0.000367,0,0.899657266,0.799910991,0.799788756,0.799791181,0.489622761,0.000805806,1.21E-07,0.997627817,0.998416509,5.35E-14,0.999484418,0.000443708,0,0,0,0,0,0,1,1,1,0,0.899116397,0.798261758,0.797564226,0.798371181,0.480995445,0.000805842,1.22E-07,0.997687119,0.998414528,5.35E-14,0.999478799,0.00044349,0,0,0,0,0,0,1,1,1,0,0,2,0,1,1
44,3,0,0,1,4,5,6,0.071606739,0.915659907,0.002706842,0.010026511,0.002706842,0.010026511,0.071606739,0.915659907,0,0,1,0,1,0,5,4,1,1,0,0,1,0,0,1,4,1,44,3,1,2,3,4,4,5,1,3,5,6,7,8,2,3,4,5,1,5,0.897435897,4,2,5,0.476190476,3,3719,13167,16509,"Scuola secondaria di 2Âº grado (diploma di istruzione liceale, diploma di istruzione tecnica, diploma di istruzione professionale)","Scuola secondaria di 2Âº grado (diploma di istruzione liceale, diploma di istruzione tecnica, diploma di istruzione professionale)",2,1,1,2,2,4,2,2,1,2,2,6,7,8,7,8,8,7,8,8,8,8,0,0,0.000306152,0.000351,0.000308,0.000275,0.000352,0.000455359,0.000410313,0.000367235,0,0,0.000306,0.000351,0.000308,0.000275,0.000352,0.000455,0.00041,0.000367,0,0.898465058,0.799027736,0.798302045,0.79063163,0.499681915,1,0.999994396,1.95E-12,8.89E-10,0.997438886,5.27E-14,0.002561114,0,0,0,0,0,0,1,1,1,0,0.899050835,0.798112755,0.795772565,0.796665679,0.499713462,1,0.999994434,1.95E-12,8.79E-10,0.997439193,5.43E-14,0.002560807,0,0,0,0,0,0,1,1,1,0,0,0,0,1,1
44,4,0,0,1,4,5,5,0.915659907,0.071606739,0.010026511,0.002706842,0.071606739,0.915659907,0.002706842,0.010026511,0,0,1,0,1,0,3,4,1,1,0,0,1,0,0,1,6,1,44,4,1,2,3,4,5,4,3,1,5,6,7,8,5,2,1,4,1,5,0.897435897,4,1,5,1.111111111,4,4156,21155,20753,Laurea Specialistica,Laurea Triennale,1,1,1,2,2,3,1,1,1,2,1,6,5,5,6,6,8,6,6,5,6,6,0,0,0.000306152,0.000351,0.000308,0.000275,0.000352,0.000455359,0.000410313,0.000367235,0,0,0.000306,0.000351,0.000308,0.000275,0.000352,0.000455,0.00041,0.000367,0,0.899555009,0.799529066,0.799230456,0.799061092,0.549426574,1,0.999999424,8.38E-15,1.20E-10,0.993718325,1.14E-15,0.006281675,0,0,0,0,0,0,1,1,1,0,0.898982328,0.798860794,0.798608006,0.798633227,0.489002097,1,0.999999429,8.41E-15,1.19E-10,0.993719185,1.03E-15,0.006280815,0,0,0,0,0,0,1,1,1,0,0,4,2,1,1
44,5,0,0,1,4,5,7,0.915659907,0.071606739,0.002706842,0.010026511,0.002706842,0.915659907,0.071606739,0.010026511,0,0,1,0,0,1,3,4,1,1,0,1,0,0,0,1,4,1,44,5,1,2,3,4,5,4,2,4,5,6,7,8,4,5,3,2,2,5,0.422222222,3,2,5,0.476190476,3,2927,15736,15602,Laurea specialistica,Dottorato di ricerca,1,1,1,2,2,4,1,1,1,2,1,6,7,8,6,6,7,6,6,7,6,6,0,0,0.000306152,0.000351,0.000308,0.000275,0.000352,0.000455359,0.000410313,0.000367235,0,0,0.000306,0.000351,0.000308,0.000275,0.000352,0.000455,0.00041,0.000367,0,0.898788368,0.798550063,0.79826998,0.798178304,0.504072501,1,0.999990495,4.67E-13,1.97E-09,0.983345455,1.17E-13,0.016654545,0,0,0,0,0,0,1,1,1,0,0.890405861,0.796930365,0.79582644,0.795943657,0.50203661,1,0.999990573,4.68E-13,1.96E-09,0.983348197,1.03E-13,0.016651803,0,0,0,0,0,0,1,1,1,1,0,4,2,0,1
44,6,0,0,0,4,5,7,0.010026511,0.002706842,0.071606739,0.915659907,0.010026511,0.002706842,0.915659907,0.071606739,0,0,1,0,1,0,3,4,1,1,0,0,1,0,0,1,3,1,44,6,1,2,3,4,3,2,4,5,5,6,7,8,3,3,5,4,2,5,0.476190476,3,3,5,0.244444444,2,3859,16053,16767,Laurea specialistica,Laurea specialistica,1,3,4,3,4,4,3,4,4,4,4,5,7,8,7,8,7,7,8,7,7,7,0,0,0.000306152,0.000351,0.000308,0.000275,0.000352,0.000455359,0.000410313,0.000367235,0,0,0.000306,0.000351,0.000308,0.000275,0.000352,0.000455,0.00041,0.000367,0,0.899577289,0.79989544,0.799435219,0.799437349,0.484898621,0.001001689,1.03E-07,0.997432241,0.998416528,4.11E-14,0.999381237,0.000546896,0,0,0,0,0,0,1,1,1,0,0.898765554,0.798885186,0.798743706,0.798997535,0.480549041,0.001001743,1.04E-07,0.997491513,0.998414546,4.12E-14,0.999375617,0.000546679,0,0,0,0,0,0,1,1,1,0,0,1,0,1,1
44,7,1,8,0,4,5,4,0.05739948,0.086983114,0.132330037,0.723287369,0.000308713,0.381865572,0.236019078,0.381806637,0,0,1,0,0,1,3,4,1,1,0,0,1,0,0,1,5,1,44,7,1,2,3,4,1,3,4,4,5,6,7,8,1,4,4,5,1,4,0.666666667,3,1,5,0.857142857,4,3715,18028,17521,Dottorato di ricerca,"Scuola secondaria di 2Âº grado (diploma di istruzione liceale, diploma di istruzione tecnica, diploma di istruzione professionale)",1,3,4,2,4,4,3,4,4,4,4,6,7,8,7,6,8,6,8,7,8,6,4,4,0.050472327,0.050472,0.050472,0.050472,0.061277,0.06127748,0.06127748,0.06127748,1,1,0.000694,0.00159,0.001395,0.001327,0.000752,0.001853,0.001654,0.001555,1,0.896150129,0.799407613,0.797840247,0.797852316,0.404964541,0.001942515,6.90E-07,0.99649289,0.998415942,1.17E-12,0.998885147,0.001043022,1,0,0,0,0,0,0,0,1,8,0.256589114,0.545868264,0.410340617,0.433214873,0.249816559,0.00194249,6.93E-07,0.996552185,0.998413957,1.17E-12,0.998879007,0.001043329,4,1,2,3,0,1,0,1,0,3,1,2,0,0,0
44,8,6,6,1,4,5,7,0.041958882,0.394002756,0.435798167,0.128240195,0.149088906,0.426186856,0.094777103,0.329947135,0,0,1,0,1,0,3,4,1,1,0,0,1,0,1,0,2,1,44,8,1,2,3,4,4,5,5,4,5,6,7,8,5,5,4,4,4,5,0.074074074,1,4,5,0.074074074,1,3768,14605,14646,"Scuola secondaria di 2Âº grado (diploma di istruzione liceale, diploma di istruzione tecnica, diploma di istruzione professionale)",Scuola secondaria di 1Âº grado (Licenza media),2,3,1,2,4,3,3,2,3,2,3,6,5,8,6,8,7,6,8,5,6,6,4,3,0.002559839,0.022301,0.022941,0.056604,0.002575,0.024443254,0.025315072,0.061466641,3,3,0.00655,0.015764,0.015539,0.022999,0.007361,0.018002,0.017922,0.026258,6,0.512998398,0.689315952,0.642289352,0.640852642,0.418722365,0.999999993,0.9878162,4.58E-10,4.77E-05,0.001364844,3.96E-09,0.998635152,3,1,1,1,0,1,0,0,0,6,0.297359601,0.579150751,0.570267956,0.581153974,0.23130847,0.999999994,0.987896446,4.59E-10,4.70E-05,0.00136594,3.94E-09,0.998634056,2,1,1,0,0,0,0,0,0,3,0,5,0,0,0
44,9,0,0,1,4,5,8,0.002706842,0.010026511,0.915659907,0.071606739,0.071606739,0.915659907,0.010026511,0.002706842,0,0,1,0,1,0,1,4,1,1,0,0,1,0,0,1,4,1,44,9,1,2,3,4,3,4,5,4,5,6,7,8,5,5,3,4,3,5,0.166666667,2,3,5,0.215686275,2,NaN,NaN,NaN,,,2,3,4,3,4,3,3,4,3,3,3,6,5,5,6,6,7,6,6,5,6,6,0,0,0.000306152,0.000351,0.000308,0.000275,0.000352,0.000455359,0.000410313,0.000367235,0,0,0.000306,0.000351,0.000308,0.000275,0.000352,0.000455,0.00041,0.000367,0,0.898812731,0.799137247,0.798473225,0.798473267,0.499551811,0.999868576,0.004868986,0.000117831,0.216711024,6.20E-09,0.000545166,0.999452392,0,0,0,0,0,0,1,1,1,0,0.898268869,0.798118492,0.797944825,0.797978569,0.485760921,0.999868751,0.00489858,0.000117922,0.215742596,6.21E-09,0.000567576,0.99942959,0,0,0,0,0,0,1,1,1,1,0,3,1,0,1
44,10,0,3,1,4,5,6,0.915659907,0.071606739,0.010026511,0.002706842,0.365826623,0.632696695,0.000573852,0.00090283,0,0,1,0,1,0,5,4,1,1,NaN,NaN,NaN,NaN,NaN,NaN,NaN,0,44,10,1,2,3,4,5,4,2,1,5,6,7,8,5,5,1,3,1,5,1.111111111,4,1,5,1.047619048,4,NaN,NaN,NaN,,,1,1,1,2,2,3,1,1,1,2,1,6,5,5,6,6,8,6,6,5,6,5,1,1,0.002904536,0.003386,0.003071,0.003098,0.003666,0.004387326,0.004079551,0.00411772,0,0,0.000306,0.000351,0.000308,0.000275,0.000352,0.000455,0.00041,0.000367,0,0.899555009,0.799529066,0.799230456,0.799061092,0.549426574,1,0.999999424,8.38E-15,1.20E-10,0.993718325,1.14E-15,0.006281675,0,0,0,0,0,0,1,1,1,3,0.892504785,0.796018442,0.794674416,0.794679271,0.497996024,1,0.999999429,8.41E-15,1.19E-10,0.993719185,1.03E-15,0.006280815,0,1,2,0,1,3,1,1,1,0,0,1,0,1,1
44,11,3,3,1,4,5,7,0.365826623,0.632696695,0.00090283,0.000573852,0.632956231,0.36556655,0.000903195,0.000574023,0,0,1,0,1,0,4,4,1,1,0,0,1,0,0,1,3,1,44,11,1,2,3,4,4,5,3,2,5,6,7,8,5,4,3,2,2,5,0.476190476,3,2,5,0.476190476,3,3634,16429,18340,Scuola secondaria di 1Âº grado (Licenza media),"Scuola secondaria di 2Âº grado (diploma di istruzione liceale, diploma di istruzione tecnica, diploma di istruzione professionale)",2,1,1,2,2,3,2,2,1,2,1,5,5,5,6,6,7,5,6,5,6,5,1,1,0.002904536,0.003386,0.003071,0.003098,0.003666,0.004387326,0.004079551,0.00411772,1,1,0.002905,0.003386,0.003071,0.003098,0.003666,0.004387,0.00408,0.004118,3,0.894569967,0.798359917,0.792457282,0.728573646,0.501869393,1,0.999999624,2.53E-14,9.59E-11,0.998466504,6.88E-16,0.001533496,0,1,2,0,1,3,1,1,1,3,0.892922976,0.796668134,0.794938728,0.794938184,0.498228803,1,0.999999627,2.54E-14,9.49E-11,0.998466661,6.80E-16,0.001533339,1,0,1,1,0,1,1,1,0,0,0,0,0,1,1
44,13,0,4,1,4,5,8,0.010026511,0.915659907,0.071606739,0.002706842,0.000418764,0.580047629,0.29524843,0.124285176,0,0,1,0,0,1,3,4,1,1,0,0,1,0,1,0,5,1,44,13,1,2,3,4,3,5,4,2,5,6,7,8,3,5,4,4,2,5,0.476190476,3,3,5,0.166666667,2,NaN,NaN,NaN,,,2,3,1,2,2,3,2,2,3,2,2,6,7,8,7,6,7,6,6,8,6,6,2,2,0.009315631,0.010101,0.009699,0.011409,0.011178,0.012376918,0.012055149,0.014129339,0,0,0.000306,0.000351,0.000308,0.000275,0.000352,0.000455,0.00041,0.000367,0,0.896118658,0.797352194,0.792687284,0.789337034,0.554502546,1,0.999984188,2.39E-13,2.73E-09,0.923592536,2.26E-13,0.076407464,0,0,0,0,0,0,1,1,1,4,0.76384194,0.763208317,0.750159982,0.7518544,0.442306859,1,0.999984313,2.39E-13,2.69E-09,0.923617229,2.40E-13,0.076382771,3,1,0,3,1,0,1,1,1,0,0,2,0,1,1
44,14,0,0,1,4,5,6,0.002706842,0.071606739,0.010026511,0.915659907,0.010026511,0.071606739,0.002706842,0.915659907,0,1,0,0,0,1,4,4,1,0,0,1,0,0,0,1,4,1,44,14,1,2,3,4,3,4,3,5,5,6,7,8,5,5,4,5,3,5,0.244444444,2,4,5,0.052631579,1,3740,15763,16487,"Scuola secondaria di 2Âº grado (diploma di istruzione liceale, diploma di istruzione tecnica, diploma di istruzione professionale)","Scuola secondaria di 2Âº grado (diploma di istruzione liceale, diploma di istruzione tecnica, diploma di istruzione professionale)",2,3,4,2,4,4,2,4,4,4,4,6,5,8,6,8,8,6,8,8,8,8,0,0,0.000306152,0.000351,0.000308,0.000275,0.000352,0.000455359,0.000410313,0.000367235,0,0,0.000306,0.000351,0.000308,0.000275,0.000352,0.000455,0.00041,0.000367,0,0.899193323,0.799722883,0.799169438,0.799178538,0.487675641,0.003100637,5.13E-06,0.995334411,0.996018099,4.45E-11,0.998263016,0.001665198,0,0,0,0,0,0,1,1,1,0,0.898572182,0.797222559,0.796316944,0.797587318,0.48557424,0.003100356,5.15E-06,0.995393929,0.996014586,4.46E-11,0.998255347,0.001667037,0,0,0,0,0,0,1,1,1,1,0,3,0,0,1
44,15,0,0,0,4,5,7,0.002706842,0.071606739,0.010026511,0.915659907,0.915659907,0.071606739,0.002706842,0.010026511,0,0,1,0,1,0,3,4,1,1,0,0,1,0,0,1,3,1,44,15,1,2,3,4,3,4,1,5,5,6,7,8,5,4,1,3,1,5,0.897435897,4,1,5,0.897435897,4,3943,18172,19611,Laurea triennale,"Scuola secondaria di 2Âº grado (diploma di istruzione liceale, diploma di istruzione tecnica, diploma di istruzione professionale)",2,3,4,2,4,4,2,4,4,4,4,5,5,5,6,6,8,5,5,5,6,5,0,0,0.000306152,0.000351,0.000308,0.000275,0.000352,0.000455359,0.000410313,0.000367235,0,0,0.000306,0.000351,0.000308,0.000275,0.000352,0.000455,0.00041,0.000367,0,0.899193323,0.799722883,0.799169438,0.799178538,0.487675641,0.003100637,5.13E-06,0.995334411,0.996018099,4.45E-11,0.998263016,0.001665198,0,0,0,0,0,0,1,1,1,0,0.899376629,0.799427965,0.797364969,0.797356977,0.504583747,0.003100356,5.15E-06,0.995393929,0.996014586,4.46E-11,0.998255347,0.001667037,0,0,0,0,0,0,1,1,1,2,1,0,0,1,1
44,16,0,0,0,4,5,4,0.002706842,0.071606739,0.010026511,0.915659907,0.010026511,0.915659907,0.071606739,0.002706842,0,0,1,0,1,0,2,4,1,1,NaN,NaN,NaN,NaN,NaN,NaN,NaN,0,44,16,1,2,3,4,2,3,4,5,5,6,7,8,1,5,5,4,2,5,0.476190476,3,1,5,0.955555556,4,NaN,NaN,NaN,,,2,3,4,2,4,4,2,4,4,4,4,6,7,5,6,6,7,6,6,7,6,6,0,0,0.000306152,0.000351,0.000308,0.000275,0.000352,0.000455359,0.000410313,0.000367235,0,0,0.000306,0.000351,0.000308,0.000275,0.000352,0.000455,0.00041,0.000367,0,0.899193323,0.799722883,0.799169438,0.799178538,0.487675641,0.003100637,5.13E-06,0.995334411,0.996018099,4.45E-11,0.998263016,0.001665198,0,0,0,0,0,0,1,1,1,0,0.897355818,0.798026291,0.797209173,0.797269583,0.508980094,0.003100356,5.15E-06,0.995393929,0.996014586,4.46E-11,0.998255347,0.001667037,0,0,0,0,0,0,1,1,1,2,1,3,1,0,1
44,17,0,0,0,4,5,7,0.010026511,0.002706842,0.915659907,0.071606739,0.010026511,0.915659907,0.071606739,0.002706842,0,0,1,1,0,0,3,4,1,1,0,0,1,0,0,1,3,1,44,17,1,2,3,4,3,4,5,5,5,6,7,8,4,5,3,2,3,5,0.215686275,2,2,5,0.476190476,3,3640,17331,17105,"Scuola secondaria di 2Âº grado (diploma di istruzione liceale, diploma di istruzione tecnica, diploma di istruzione professionale)","Scuola secondaria di 2Âº grado (diploma di istruzione liceale, diploma di istruzione tecnica, diploma di istruzione professionale)",1,3,4,3,4,3,3,4,3,3,3,6,7,5,6,6,7,6,6,7,6,6,0,0,0.000306152,0.000351,0.000308,0.000275,0.000352,0.000455359,0.000410313,0.000367235,0,0,0.000306,0.000351,0.000308,0.000275,0.000352,0.000455,0.00041,0.000367,0,0.899139591,0.799278768,0.798844663,0.798844701,0.499884689,0.999894295,0.004136977,9.48E-05,0.216870435,3.87E-09,0.000442304,0.999555715,0,0,0,0,0,0,1,1,1,0,0.897355818,0.798026291,0.797209173,0.797269583,0.508980094,0.999894436,0.004163583,9.48E-05,0.215901947,3.88E-09,0.000460444,0.999537258,0,0,0,0,0,0,1,1,1,3,1,2,1,0,1
45,2,0,7,0,4,5,4,0.071606739,0.915659907,0.002706842,0.010026511,0.307866247,0.24691781,0.444888316,0.000327626,0,1,0,0,1,0,3,6,0,0,NaN,NaN,NaN,NaN,NaN,NaN,NaN,0,45,2,1,2,3,4,4,4,3,5,5,6,7,8,5,4,5,2,3,5,0.166666667,2,2,5,0.5,3,3632,16160,17444,Laurea specialistica,Laurea triennale,2,1,1,2,2,4,2,2,1,2,2,5,5,5,7,6,7,7,5,7,7,6,3,2,0.050472327,0.050472,0.050472,0.050472,0.061277,0.06127748,0.06127748,0.06127748,0,0,0.000306,0.000351,0.000308,0.000275,0.000352,0.000455,0.00041,0.000367,0,0.898465058,0.799027736,0.798302045,0.79063163,0.499681915,1,0.999994396,1.95E-12,8.89E-10,0.997438886,5.27E-14,0.002561114,0,0,0,0,0,0,1,1,1,7,0.515757812,0.747107141,0.708664383,0.538015598,0.471748338,1,0.999994434,1.95E-12,8.79E-10,0.997439193,5.43E-14,0.002560807,2,2,3,2,1,3,1,1,1,5,2,1,0,0,0
45,3,11,1,0,4,5,1,0.197429337,0.23640768,0.329755303,0.23640768,0.05739948,0.723287369,0.086983114,0.132330037,1,0,0,0,1,0,8,6,0,0,0,1,0,0,0,1,5,1,45,3,1,2,3,4,1,3,4,3,5,6,7,8,1,4,4,4,1,4,0.575757576,3,1,4,0.692307692,3,3680,16116,16262,"Scuola secondaria di 2Âº grado (diploma di istruzione liceale, diploma di istruzione tecnica, diploma di istruzione professionale)","Scuola secondaria di 2Âº grado (diploma di istruzione liceale, diploma di istruzione tecnica, diploma di istruzione professionale)",2,3,4,3,2,4,2,4,3,3,1,6,5,8,6,6,7,6,6,8,6,6,1,1,0.000693828,0.00159,0.001395,0.001327,0.000752,0.001852859,0.001653838,0.001554939,6,4,1,1,1,1,1,1,1,1,11,0.22904768,0.378251217,0.250226816,0.250259013,0.220504339,0.999996604,0.20712335,2.47E-06,0.015298521,1.28E-05,1.35E-05,0.999973619,4,3,3,3,0,1,0,1,0,1,0.86862442,0.785216713,0.783900029,0.784435529,0.38686513,0.999996619,0.207996956,2.47E-06,0.015246918,1.28E-05,1.33E-05,0.999973809,1,0,0,0,0,0,0,0,1,2,0,5,1,1,1
45,4,2,0,0,4,5,7,0.068357878,0.110330007,0.110330007,0.710982107,0.002706842,0.071606739,0.010026511,0.915659907,0,1,0,1,0,0,4,6,0,0,1,0,0,0,0,1,6,1,45,4,1,2,3,4,3,2,4,5,5,6,7,8,3,4,3,5,2,5,0.476190476,3,3,5,0.244444444,2,3746,14242,13769,Laurea triennale,"Scuola secondaria di 2Âº grado (diploma di istruzione liceale, diploma di istruzione tecnica, diploma di istruzione professionale)",1,3,4,3,4,4,2,4,4,4,4,6,7,8,6,8,8,6,8,8,8,8,0,0,0.000306152,0.000351,0.000308,0.000275,0.000352,0.000455359,0.000410313,0.000367235,2,1,0.002016,0.002034,0.00187,0.001831,0.002227,0.00232,0.002152,0.002088,2,0.885739764,0.798568632,0.795076115,0.795111594,0.412065118,0.001988301,6.51E-07,0.996445001,0.996022556,1.20E-12,0.99885178,0.001076391,2,0,0,1,0,0,1,1,1,0,0.896866109,0.794115494,0.787371238,0.790166252,0.480835153,0.001988274,6.54E-07,0.996504332,0.996019061,1.21E-12,0.998845398,0.001076939,0,0,0,0,0,0,1,1,1,2,0,1,0,0,1
45,5,0,0,0,4,5,5,0.010026511,0.002706842,0.915659907,0.071606739,0.010026511,0.915659907,0.002706842,0.071606739,1,0,0,0,1,0,3,6,0,0,0,0,1,0,0,1,3,1,45,5,1,2,3,4,3,2,5,4,5,6,7,8,3,5,2,4,2,5,0.476190476,3,2,5,0.476190476,3,3660,NaN,NaN,Laurea specialistica,,1,3,4,3,4,3,3,4,3,3,3,6,5,8,6,6,8,6,6,8,6,6,0,0,0.000306152,0.000351,0.000308,0.000275,0.000352,0.000455359,0.000410313,0.000367235,0,0,0.000306,0.000351,0.000308,0.000275,0.000352,0.000455,0.00041,0.000367,0,0.899139591,0.799278768,0.798844663,0.798844701,0.499884689,0.999894295,0.004136977,9.48E-05,0.216870435,3.87E-09,0.000442304,0.999555715,0,0,0,0,0,0,1,1,1,0,0.896326696,0.796122316,0.794633182,0.794786872,0.470434742,0.999894436,0.004163583,9.48E-05,0.215901947,3.88E-09,0.000460444,0.999537258,0,0,0,0,0,0,1,1,1,0,0,0,0,1,1
45,6,0,1,0,4,5,8,0.002706842,0.010026511,0.071606739,0.915659907,0.000977198,0.796442413,0.101048593,0.101531796,0,0,1,0,1,0,3,6,0,1,0,0,1,0,0,1,4,1,45,6,1,2,3,4,1,3,5,5,5,6,7,8,2,5,3,4,1,5,1.047619048,4,2,5,0.476190476,3,3774,17023,18176,Laurea specialistica,Dottorato di ricerca,2,3,4,3,4,4,3,4,4,4,4,6,7,8,6,6,7,6,6,8,6,6,1,1,0.000957953,0.000969,0.00086,0.00081,0.001126,0.001204491,0.001092811,0.001025973,0,0,0.000306,0.000351,0.000308,0.000275,0.000352,0.000455,0.00041,0.000367,0,0.899657266,0.799910991,0.799788756,0.799791181,0.489622761,0.000805806,1.21E-07,0.997627817,0.998416509,5.35E-14,0.999484418,0.000443708,0,0,0,0,0,0,1,1,1,1,0.87380232,0.789796347,0.785775476,0.786192884,0.435545885,0.000805842,1.22E-07,0.997687119,0.998414528,5.35E-14,0.999478799,0.00044349,1,0,0,1,0,0,1,1,1,1,0,1,0,0,1
45,7,0,0,0,4,5,7,0.010026511,0.002706842,0.915659907,0.071606739,0.002706842,0.915659907,0.010026511,0.071606739,0,0,1,0,1,0,4,6,0,1,0,0,1,0,0,1,4,1,45,7,1,2,3,4,1,1,5,4,5,6,7,8,4,5,3,4,1,5,1.545454545,4,3,5,0.166666667,2,3658,13388,15893,"Scuola secondaria di 2Âº grado (diploma di istruzione liceale, diploma di istruzione tecnica, diploma di istruzione professionale)",,1,3,4,3,4,3,3,4,3,3,3,6,7,8,6,6,8,6,6,8,6,6,0,0,0.000306152,0.000351,0.000308,0.000275,0.000352,0.000455359,0.000410313,0.000367235,0,0,0.000306,0.000351,0.000308,0.000275,0.000352,0.000455,0.00041,0.000367,0,0.899139591,0.799278768,0.798844663,0.798844701,0.499884689,0.999894295,0.004136977,9.48E-05,0.216870435,3.87E-09,0.000442304,0.999555715,0,0,0,0,0,0,1,1,1,0,0.895277011,0.795761303,0.788849523,0.78903088,0.474704247,0.999894436,0.004163583,9.48E-05,0.215901947,3.88E-09,0.000460444,0.999537258,0,0,0,0,0,0,1,1,1,1,0,3,1,0,1
45,8,0,0,0,4,5,7,0.002706842,0.071606739,0.010026511,0.915659907,0.010026511,0.915659907,0.071606739,0.002706842,0,0,1,0,1,0,1,6,0,1,0,0,1,1,0,0,4,1,45,8,1,2,3,4,2,4,4,5,5,6,7,8,4,5,5,4,2,5,0.422222222,3,4,5,0.074074074,1,3758,17002,14814,Laurea specialistica,"Scuola secondaria di 2Âº grado (diploma di istruzione liceale, diploma di istruzione tecnica, diploma di istruzione professionale)",2,3,4,2,4,4,2,4,4,4,4,6,7,5,6,6,7,6,6,7,6,6,0,0,0.000306152,0.000351,0.000308,0.000275,0.000352,0.000455359,0.000410313,0.000367235,0,0,0.000306,0.000351,0.000308,0.000275,0.000352,0.000455,0.00041,0.000367,0,0.899193323,0.799722883,0.799169438,0.799178538,0.487675641,0.003100637,5.13E-06,0.995334411,0.996018099,4.45E-11,0.998263016,0.001665198,0,0,0,0,0,0,1,1,1,0,0.897355818,0.798026291,0.797209173,0.797269583,0.508980094,0.003100356,5.15E-06,0.995393929,0.996014586,4.46E-11,0.998255347,0.001667037,0,0,0,0,0,0,1,1,1,1,0,2,0,0,1
45,9,0,2,0,4,5,7,0.010026511,0.002706842,0.071606739,0.915659907,0.068357878,0.110330007,0.710982107,0.110330007,0,1,0,1,0,0,6,6,0,0,0,1,0,1,0,0,4,1,45,9,1,2,3,4,3,2,4,5,5,6,7,8,3,2,4,3,2,5,0.476190476,3,2,4,0.222222222,2,NaN,NaN,NaN,,,1,3,4,3,4,4,3,4,4,4,4,6,7,5,7,6,7,7,8,7,7,7,2,1,0.002016214,0.002034,0.00187,0.001831,0.002227,0.002320115,0.002151938,0.002087662,0,0,0.000306,0.000351,0.000308,0.000275,0.000352,0.000455,0.00041,0.000367,0,0.899577289,0.79989544,0.799435219,0.799437349,0.484898621,0.001001689,1.03E-07,0.997432241,0.998416528,4.11E-14,0.999381237,0.000546896,0,0,0,0,0,0,1,1,1,2,0.870623002,0.79583074,0.769152963,0.769287175,0.452715286,0.001001743,1.04E-07,0.997491513,0.998414546,4.12E-14,0.999375617,0.000546679,2,0,0,1,0,0,1,1,1,0,0,5,1,1,1
45,10,1,3,0,4,5,7,0.000977198,0.101531796,0.101048593,0.796442413,0.365401124,0.000903428,0.633121317,0.000574131,0,1,0,0,0,1,5,6,0,0,0,0,1,0,1,0,5,1,45,10,1,2,3,4,2,3,4,5,5,6,7,8,4,3,5,2,2,5,0.476190476,3,2,5,0.476190476,3,3530,NaN,NaN,"Scuola secondaria di 2Âº grado (diploma di istruzione liceale, diploma di istruzione tecnica, diploma di istruzione professionale)","Scuola secondaria di 2Âº grado (diploma di istruzione liceale, diploma di istruzione tecnica, diploma di istruzione professionale)",2,3,4,3,4,4,2,4,4,4,4,5,5,5,7,6,7,7,5,7,7,7,1,1,0.002904536,0.003386,0.003071,0.003098,0.003666,0.004387326,0.004079551,0.00411772,1,1,0.000958,0.000969,0.00086,0.00081,0.001126,0.001204,0.001093,0.001026,1,0.897580007,0.799573308,0.79918085,0.799194864,0.439814324,0.001599792,7.67E-07,0.996832899,0.996022441,1.57E-12,0.999054772,0.000873385,1,0,0,1,0,0,1,1,1,3,0.867312092,0.79554182,0.791407786,0.768189251,0.548982723,0.001599754,7.70E-07,0.996892264,0.996018945,1.57E-12,0.999048575,0.000873747,2,1,0,2,1,0,1,1,1,1,0,0,0,1,1
45,11,0,0,0,4,5,6,0.010026511,0.002706842,0.071606739,0.915659907,0.002706842,0.010026511,0.915659907,0.071606739,0,1,0,1,0,0,3,6,0,0,0,1,0,0,1,0,4,1,45,11,1,2,3,4,1,1,4,5,5,6,7,8,1,4,5,3,1,5,1.545454545,4,1,5,0.897435897,4,3784,12942,13395,"Scuola secondaria di 2Âº grado (diploma di istruzione liceale, diploma di istruzione tecnica, diploma di istruzione professionale)","Scuola secondaria di 2Âº grado (diploma di istruzione liceale, diploma di istruzione tecnica, diploma di istruzione professionale)",1,3,4,3,4,4,3,4,4,4,4,6,7,8,7,8,7,7,8,7,7,7,0,0,0.000306152,0.000351,0.000308,0.000275,0.000352,0.000455359,0.000410313,0.000367235,0,0,0.000306,0.000351,0.000308,0.000275,0.000352,0.000455,0.00041,0.000367,0,0.899577289,0.79989544,0.799435219,0.799437349,0.484898621,0.001001689,1.03E-07,0.997432241,0.998416528,4.11E-14,0.999381237,0.000546896,0,0,0,0,0,0,1,1,1,0,0.899259628,0.799366178,0.799054432,0.799247696,0.484790148,0.001001743,1.04E-07,0.997491513,0.998414546,4.12E-14,0.999375617,0.000546679,0,0,0,0,0,0,1,1,1,1,0,2,1,0,1
46,1,3,10,1,4,5,8,0.632696695,0.365826623,0.00090283,0.000573852,0.34327131,0.199474064,0.135320841,0.321933784,0,0,1,0,1,0,3,2,0,1,0,0,1,0,1,0,3,1,46,1,1,2,3,4,4,4,4,3,5,6,7,8,4,3,4,4,3,4,0.066666667,1,3,4,0.066666667,1,3815,17912,18855,Laurea triennale,Laurea triennale,1,1,1,2,2,3,1,1,1,2,2,5,7,8,7,6,8,6,5,8,8,5,6,4,0.264142056,0.264142,0.264142,0.264142,0.269542,0.269541779,0.269541779,0.269541779,1,1,0.002905,0.003386,0.003071,0.003098,0.003666,0.004387,0.00408,0.004118,3,0.895000839,0.797839038,0.796160162,0.795154231,0.545405212,1,0.999999479,1.16E-14,6.72E-11,0.996071006,8.34E-16,0.003928994,0,1,2,0,1,3,1,1,1,10,0.21245487,0.353882862,0.279712953,0.281253371,0.205429869,1,0.999999484,1.16E-14,6.65E-11,0.996071498,8.24E-16,0.003928502,4,2,2,1,0,1,0,0,0,3,0,7,0,0,0
46,2,0,0,0,4,5,5,0.071606739,0.010026511,0.002706842,0.915659907,0.915659907,0.071606739,0.010026511,0.002706842,0,1,0,0,1,0,3,2,0,0,0,0,1,0,0,1,3,1,46,2,1,2,3,4,4,4,2,5,5,6,7,8,5,4,4,3,2,5,0.422222222,3,3,5,0.166666667,2,3682,15772,17052,"Scuola secondaria di 2Âº grado (diploma di istruzione liceale, diploma di istruzione tecnica, diploma di istruzione professionale)","Scuola secondaria di 2Âº grado (diploma di istruzione liceale, diploma di istruzione tecnica, diploma di istruzione professionale)",1,1,4,2,4,4,1,4,4,4,4,5,5,5,6,6,7,5,5,5,6,5,0,0,0.000306152,0.000351,0.000308,0.000275,0.000352,0.000455359,0.000410313,0.000367235,0,0,0.000306,0.000351,0.000308,0.000275,0.000352,0.000455,0.00041,0.000367,0,0.898710787,0.799105215,0.791770666,0.791787816,0.471980926,0.019156145,4.18E-05,0.979300266,0.994068545,9.47E-10,0.990131515,0.009797282,0,0,0,0,0,0,1,1,1,0,0.899296996,0.799380705,0.798929519,0.798925727,0.497488442,0.019154382,4.20E-05,0.979360375,0.994064209,9.49E-10,0.990111482,0.009811534,0,0,0,0,0,0,1,1,1,1,0,1,0,0,1
46,3,0,0,1,4,5,6,0.071606739,0.002706842,0.915659907,0.010026511,0.010026511,0.915659907,0.071606739,0.002706842,0,0,1,0,0,1,8,2,0,0,0,1,0,0,0,1,8,0,46,3,1,2,3,4,2,1,4,2,5,6,7,8,3,5,4,3,1,4,0.703703704,3,3,5,0.244444444,2,3515,14773,NaN,Laurea specialistica,Laurea triennale,1,3,1,3,4,3,3,1,3,3,3,6,7,5,6,6,7,6,6,7,6,6,0,0,0.000306152,0.000351,0.000308,0.000275,0.000352,0.000455359,0.000410313,0.000367235,0,0,0.000306,0.000351,0.000308,0.000275,0.000352,0.000455,0.00041,0.000367,0,0.898344791,0.798102344,0.797913641,0.797913591,0.50818623,0.999999983,0.576682197,2.10E-09,0.002868654,2.40E-06,2.08E-08,0.999997579,0,0,0,0,0,0,1,1,1,0,0.897355818,0.798026291,0.797209173,0.797269583,0.508980094,0.999999983,0.578590911,2.10E-09,0.002838427,2.40E-06,2.00E-08,0.999997577,0,0,0,0,0,0,1,1,1,1,0,1,0,0,1
46,4,9,3,1,4,5,7,0.249852657,0.167407958,0.462788248,0.119951137,0.632956231,0.36556655,0.000574023,0.000903195,1,0,0,0,1,0,2,2,0,0,0,0,1,0,0,1,3,1,46,4,1,2,3,4,5,5,5,4,5,6,7,8,5,5,4,5,4,5,0.052631579,1,4,5,0.052631579,1,3788,17903,NaN,Nessun titolo di studio,Nessun titolo di studio,1,3,1,2,2,3,3,4,1,3,3,5,5,5,6,6,8,6,5,5,6,5,1,1,0.002904536,0.003386,0.003071,0.003098,0.003666,0.004387326,0.004079551,0.00411772,4,3,0.064213,0.064213,0.207538,0.207538,0.066126,0.066126,0.213353,0.213353,9,0.3028533,0.570136027,0.481147375,0.480918826,0.277669729,0.999999999,0.99943455,6.32E-10,0.000115242,0.000531867,6.38E-09,0.999468127,5,1,1,3,0,0,0,1,0,3,0.89387416,0.797096692,0.789262276,0.789263243,0.50511151,0.999999999,0.999439925,6.33E-10,0.000113805,0.000532307,6.69E-09,0.999467686,1,0,1,1,0,1,1,1,0,4,0,3,0,0,0
46,5,0,0,0,4,5,7,0.010026511,0.002706842,0.071606739,0.915659907,0.002706842,0.071606739,0.915659907,0.010026511,0,0,1,1,0,0,3,2,0,1,0,1,0,0,1,0,5,1,46,5,1,2,3,4,4,3,4,5,5,6,7,8,3,4,5,4,3,5,0.166666667,2,3,5,0.166666667,2,3823,15520,15248,"Scuola secondaria di 2Âº grado (diploma di istruzione liceale, diploma di istruzione tecnica, diploma di istruzione professionale)",Laurea triennale,1,3,4,3,4,4,3,4,4,4,4,6,7,8,7,6,7,7,6,7,7,7,0,0,0.000306152,0.000351,0.000308,0.000275,0.000352,0.000455359,0.000410313,0.000367235,0,0,0.000306,0.000351,0.000308,0.000275,0.000352,0.000455,0.00041,0.000367,0,0.899577289,0.79989544,0.799435219,0.799437349,0.484898621,0.001001689,1.03E-07,0.997432241,0.998416528,4.11E-14,0.999381237,0.000546896,0,0,0,0,0,0,1,1,1,0,0.899032073,0.799495974,0.798733223,0.79879813,0.487653354,0.001001743,1.04E-07,0.997491513,0.998414546,4.12E-14,0.999375617,0.000546679,0,0,0,0,0,0,1,1,1,1,0,1,0,0,1
46,6,0,1,1,4,5,5,0.010026511,0.071606739,0.002706842,0.915659907,0.101531796,0.101048593,0.796442413,0.000977198,0,0,1,0,1,0,3,2,0,1,0,0,1,0,0,1,3,1,46,6,1,2,3,4,2,3,2,5,5,6,7,8,3,3,5,2,2,5,0.666666667,3,2,5,0.487179487,3,3510,12017,13609,"Scuola secondaria di 2Âº grado (diploma di istruzione liceale, diploma di istruzione tecnica, diploma di istruzione professionale)","Scuola secondaria di 2Âº grado (diploma di istruzione liceale, diploma di istruzione tecnica, diploma di istruzione professionale)",2,1,4,2,4,4,2,4,4,4,4,6,7,5,7,6,7,7,5,7,7,7,1,1,0.000957953,0.000969,0.00086,0.00081,0.001126,0.001204491,0.001092811,0.001025973,0,0,0.000306,0.000351,0.000308,0.000275,0.000352,0.000455,0.00041,0.000367,0,0.898945751,0.799546248,0.79870335,0.798719681,0.487580712,0.008882612,3.65E-05,0.989561513,0.995986828,1.16E-09,0.995271699,0.004656729,0,0,0,0,0,0,1,1,1,1,0.886768564,0.798307955,0.785570768,0.776717677,0.499253234,0.008881712,3.67E-05,0.989621305,0.9959832,1.16E-09,0.99525624,0.004666376,1,0,0,1,0,0,1,1,1,1,0,2,0,1,1
46,7,0,0,0,4,5,6,0.002706842,0.071606739,0.010026511,0.915659907,0.071606739,0.010026511,0.915659907,0.002706842,1,0,0,0,1,0,5,2,0,0,0,1,0,1,0,0,5,1,46,7,1,2,3,4,3,4,4,5,5,6,7,8,4,4,5,3,3,5,0.166666667,2,3,5,0.166666667,2,3720,NaN,NaN,"Scuola secondaria di 2Âº grado (diploma di istruzione liceale, diploma di istruzione tecnica, diploma di istruzione professionale)",Laurea specialistica,2,3,4,2,4,4,2,4,4,4,4,5,7,5,7,6,7,7,5,7,7,7,0,0,0.000306152,0.000351,0.000308,0.000275,0.000352,0.000455359,0.000410313,0.000367235,0,0,0.000306,0.000351,0.000308,0.000275,0.000352,0.000455,0.00041,0.000367,0,0.899193323,0.799722883,0.799169438,0.799178538,0.487675641,0.003100637,5.13E-06,0.995334411,0.996018099,4.45E-11,0.998263016,0.001665198,0,0,0,0,0,0,1,1,1,0,0.891494905,0.799153601,0.79767892,0.773250751,0.540876282,0.003100356,5.15E-06,0.995393929,0.996014586,4.46E-11,0.998255347,0.001667037,0,0,0,0,0,0,1,1,1,1,0,1,0,0,1
46,8,0,0,1,4,5,7,0.002706842,0.010026511,0.071606739,0.915659907,0.002706842,0.010026511,0.071606739,0.915659907,0,0,1,0,0,1,1,2,0,1,0,0,1,0,0,1,1,1,46,8,1,2,3,4,2,3,4,5,5,6,7,8,2,3,4,5,2,5,0.476190476,3,2,5,0.476190476,3,3669,NaN,NaN,Laurea specialistica,,2,3,4,3,4,4,3,4,4,4,4,6,7,8,7,8,8,7,8,8,8,8,0,0,0.000306152,0.000351,0.000308,0.000275,0.000352,0.000455359,0.000410313,0.000367235,0,0,0.000306,0.000351,0.000308,0.000275,0.000352,0.000455,0.00041,0.000367,0,0.899657266,0.799910991,0.799788756,0.799791181,0.489622761,0.000805806,1.21E-07,0.997627817,0.998416509,5.35E-14,0.999484418,0.000443708,0,0,0,0,0,0,1,1,1,0,0.899050835,0.798112755,0.795772565,0.796665679,0.499713462,0.000805842,1.22E-07,0.997687119,0.998414528,5.35E-14,0.999478799,0.00044349,0,0,0,0,0,0,1,1,1,0,0,0,0,1,1
47,1,0,1,0,1,1,5,0.010026511,0.071606739,0.002706842,0.915659907,0.796442413,0.101531796,0.000977198,0.101048593,NaN,NaN,NaN,NaN,NaN,NaN,NaN,NaN,NaN,NaN,NaN,NaN,NaN,NaN,NaN,NaN,NaN,NaN,47,1,1,2,3,4,1,5,3,5,5,6,7,8,5,3,1,2,1,5,1.047619048,4,1,5,1.060606061,4,NaN,NaN,NaN,,,2,1,4,2,4,4,2,4,4,4,4,5,5,5,6,8,8,5,5,5,6,5,1,1,0.000957953,0.000969,0.00086,0.00081,0.001126,0.001204491,0.001092811,0.001025973,0,0,0.000306,0.000351,0.000308,0.000275,0.000352,0.000455,0.00041,0.000367,0,0.898945751,0.799546248,0.79870335,0.798719681,0.487580712,0.008882612,3.65E-05,0.989561513,0.995986828,1.16E-09,0.995271699,0.004656729,0,0,0,0,0,0,1,1,1,1,0.895799033,0.798002014,0.790423556,0.790254316,0.492126984,0.008881712,3.67E-05,0.989621305,0.9959832,1.16E-09,0.99525624,0.004666376,1,0,0,1,0,0,1,1,1,3,1,1,0,0,1
47,2,0,0,1,1,1,4,0.071606739,0.915659907,0.010026511,0.002706842,0.010026511,0.002706842,0.071606739,0.915659907,NaN,NaN,NaN,NaN,NaN,NaN,NaN,NaN,NaN,NaN,NaN,NaN,NaN,NaN,NaN,NaN,NaN,NaN,47,2,1,2,3,4,5,5,2,1,5,6,7,8,5,1,5,5,1,5,1.307692308,4,1,5,1,4,2454,12688,14429,Scuola secondaria di 1Âº grado (Licenza media),Scuola secondaria di 1Âº grado (Licenza media),2,1,1,2,2,3,2,2,1,2,2,5,7,8,7,8,8,7,8,8,8,8,0,0,0.000306152,0.000351,0.000308,0.000275,0.000352,0.000455359,0.000410313,0.000367235,0,0,0.000306,0.000351,0.000308,0.000275,0.000352,0.000455,0.00041,0.000367,0,0.89920837,0.799527005,0.797852205,0.779980765,0.5011577,1,0.99999966,3.51E-14,5.39E-11,0.999042559,5.05E-16,0.000957441,0,0,0,0,0,0,1,1,1,0,0.899116397,0.798261758,0.797564226,0.798371181,0.480995445,1,0.999999663,3.51E-14,5.32E-11,0.999042646,5.41E-16,0.000957354,0,0,0,0,0,0,1,1,1,1,0,3,0,0,0
47,3,5,10,1,1,1,3,0.483263322,0.347059774,0.000349756,0.169327148,0.377408159,0.22419666,0.301323477,0.097071705,NaN,NaN,NaN,NaN,NaN,NaN,NaN,NaN,NaN,NaN,NaN,NaN,NaN,NaN,NaN,NaN,NaN,NaN,47,3,1,2,3,4,4,5,1,2,5,6,7,8,5,4,2,1,1,5,1.111111111,4,1,5,1.111111111,4,2379,17117,17286,Scuola secondaria di 1Âº grado (Licenza media),Scuola secondaria di 1Âº grado (Licenza media),1,1,4,2,2,4,1,2,1,2,1,6,7,8,7,6,7,5,5,7,6,5,5,4,0.104602065,0.104602,0.104602,0.104602,0.114425,0.114424833,0.114424833,0.114424833,2,2,0.009316,0.010101,0.009699,0.011409,0.011178,0.012377,0.012055,0.014129,5,0.817213746,0.778103789,0.768335344,0.766298828,0.4749843,0.999999995,0.999400466,8.90E-11,1.03E-07,0.791717003,1.71E-10,0.208282997,2,1,1,1,0,1,0,1,0,10,0.255153194,0.541344767,0.401957723,0.393492901,0.213000019,0.999999995,0.999403787,8.91E-11,1.02E-07,0.791768969,1.65E-10,0.208231031,5,3,1,3,1,0,1,1,0,2,1,2,0,0,0
47,4,0,10,0,1,1,4,0.002706842,0.010026511,0.071606739,0.915659907,0.336249198,0.223242207,0.298716692,0.141791904,NaN,NaN,NaN,NaN,NaN,NaN,NaN,NaN,NaN,NaN,NaN,NaN,NaN,NaN,NaN,NaN,NaN,NaN,47,4,1,2,3,4,2,2,4,4,5,6,7,8,4,4,4,4,2,4,0.444444444,2,4,4,0,0,2379,12123,11630,Scuola secondaria di 1Âº grado (Licenza media),Scuola secondaria di 1Âº grado (Licenza media),2,3,4,3,4,4,3,4,4,4,4,5,7,5,6,6,7,5,8,5,6,7,5,3,0.064212664,0.064213,0.207538,0.207538,0.066126,0.066125904,0.213352685,0.213352685,0,0,0.000306,0.000351,0.000308,0.000275,0.000352,0.000455,0.00041,0.000367,0,0.899657266,0.799910991,0.799788756,0.799791181,0.489622761,0.000805806,1.21E-07,0.997627817,0.998416509,5.35E-14,0.999484418,0.000443708,0,0,0,0,0,0,1,1,1,10,0.233282355,0.449288197,0.381961478,0.401001253,0.207560501,0.000805842,1.22E-07,0.997687119,0.998414528,5.35E-14,0.999478799,0.00044349,4,1,3,2,0,1,0,1,0,2,0,6,0,0,0
47,5,10,10,1,1,1,2,0.239504385,0.39191894,0.12907229,0.239504385,0.201734062,0.210991869,0.420370745,0.166903324,NaN,NaN,NaN,NaN,NaN,NaN,NaN,NaN,NaN,NaN,NaN,NaN,NaN,NaN,NaN,NaN,NaN,NaN,47,5,1,2,3,4,5,5,5,1,5,6,7,8,5,3,2,1,1,5,1,4,1,5,1.060606061,4,2134,11950,14527,Scuola secondaria di 1Âº grado (Licenza media),Scuola primaria (Licenza elementare),2,1,4,2,2,4,2,2,3,4,1,6,7,5,7,8,7,7,8,5,6,7,5,3,0.064212664,0.064213,0.207538,0.207538,0.066126,0.066125904,0.213352685,0.213352685,5,3,0.264142,0.264142,0.264142,0.264142,0.269542,0.269542,0.269542,0.269542,10,0.246460852,0.486641431,0.404947963,0.398269053,0.262868034,0.999999764,0.966501773,1.07E-07,0.00016554,0.025662817,6.07E-07,0.974336573,3,2,3,2,1,1,1,1,0,10,0.267308699,0.599219322,0.39986289,0.426198444,0.272378387,0.999999766,0.966656141,1.07E-07,0.000164005,0.025677639,5.71E-07,0.974321786,4,0,2,2,0,0,0,0,0,6,1,7,2,0,0
47,6,5,8,1,1,1,5,0.483113246,0.347155361,0.169381669,0.000349724,0.240932448,0.466909514,0.066180972,0.225977066,NaN,NaN,NaN,NaN,NaN,NaN,NaN,NaN,NaN,NaN,NaN,NaN,NaN,NaN,NaN,NaN,NaN,NaN,47,6,1,2,3,4,5,5,4,3,5,6,7,8,5,5,4,4,3,5,0.215686275,2,4,5,0.074074074,1,2231,13662,14277,"Scuola secondaria di 2Âº grado (diploma di istruzione liceale, diploma di istruzione tecnica, diploma di istruzione professionale)",Scuola secondaria di 1Âº grado (Licenza media),1,1,1,2,2,3,1,1,3,2,2,6,5,5,6,8,7,5,6,8,6,6,4,3,0.104602065,0.104602,0.104602,0.104602,0.114425,0.114424833,0.114424833,0.114424833,2,2,0.009316,0.010101,0.009699,0.011409,0.011178,0.012377,0.012055,0.014129,5,0.860813733,0.790331324,0.783386205,0.782378185,0.584691886,1,0.999996597,2.74E-14,4.78E-10,0.964647242,1.50E-14,0.035352758,1,1,2,1,1,1,1,1,0,8,0.32698713,0.626362593,0.616856151,0.623011375,0.282270859,1,0.999996627,2.75E-14,4.72E-10,0.964655959,1.47E-14,0.035344041,5,1,1,2,0,0,0,0,0,1,0,4,0,0,0
47,7,0,0,0,1,1,2,0.010026511,0.002706842,0.071606739,0.915659907,0.010026511,0.071606739,0.915659907,0.002706842,NaN,NaN,NaN,NaN,NaN,NaN,NaN,NaN,NaN,NaN,NaN,NaN,NaN,NaN,NaN,NaN,NaN,NaN,47,7,1,2,3,4,4,1,5,5,5,6,7,8,5,5,5,1,1,5,0.955555556,4,1,5,1,4,NaN,NaN,NaN,,,1,3,4,3,4,4,3,4,4,4,4,6,7,5,7,6,7,7,6,7,7,7,0,0,0.000306152,0.000351,0.000308,0.000275,0.000352,0.000455359,0.000410313,0.000367235,0,0,0.000306,0.000351,0.000308,0.000275,0.000352,0.000455,0.00041,0.000367,0,0.899577289,0.79989544,0.799435219,0.799437349,0.484898621,0.001001689,1.03E-07,0.997432241,0.998416528,4.11E-14,0.999381237,0.000546896,0,0,0,0,0,0,1,1,1,0,0.898483665,0.79944866,0.795283695,0.794938399,0.500186889,0.001001743,1.04E-07,0.997491513,0.998414546,4.12E-14,0.999375617,0.000546679,0,0,0,0,0,0,1,1,1,1,0,3,0,0,0
47,8,3,10,1,1,1,3,0.186983808,0.579982908,0.232632748,0.000400536,0.378645598,0.242630392,0.207086584,0.171637426,NaN,NaN,NaN,NaN,NaN,NaN,NaN,NaN,NaN,NaN,NaN,NaN,NaN,NaN,NaN,NaN,NaN,NaN,47,8,1,2,3,4,5,5,5,1,5,6,7,8,5,5,5,5,1,5,1,4,5,5,0,0,2423,13512,16145,Scuola secondaria di 1Âº grado (Licenza media),"Scuola secondaria di 2Âº grado (diploma di istruzione liceale, diploma di istruzione tecnica, diploma di istruzione professionale)",2,1,1,3,2,3,2,2,1,2,2,5,5,5,6,6,8,5,6,5,8,7,5,3,0.264142056,0.264142,0.264142,0.264142,0.269542,0.269541779,0.269541779,0.269541779,1,1,0.001107,0.007361,0.006785,0.007864,0.001221,0.009058,0.008537,0.00985,3,0.894332157,0.798112705,0.796419776,0.778593459,0.503365057,1,0.999997728,6.81E-14,3.60E-10,0.985931127,1.42E-14,0.014068873,2,1,0,1,0,0,0,1,1,10,0.225323954,0.618072794,0.31083355,0.315732801,0.24405481,1,0.999997747,6.82E-14,3.56E-10,0.985934345,1.52E-14,0.014065655,2,3,3,2,1,1,1,1,0,3,0,6,0,0,0
47,9,0,9,0,1,1,3,0.002706842,0.071606739,0.010026511,0.915659907,0.168601884,0.306806929,0.162342454,0.362248733,NaN,NaN,NaN,NaN,NaN,NaN,NaN,NaN,NaN,NaN,NaN,NaN,NaN,NaN,NaN,NaN,NaN,NaN,47,9,1,2,3,4,5,5,5,5,5,6,7,8,5,5,5,5,5,5,0,0,5,5,0,0,2201,19293,18785,"Scuola secondaria di 2Âº grado (diploma di istruzione liceale, diploma di istruzione tecnica, diploma di istruzione professionale)","Scuola secondaria di 2Âº grado (diploma di istruzione liceale, diploma di istruzione tecnica, diploma di istruzione professionale)",2,3,4,2,4,4,2,4,4,4,4,5,7,5,6,8,8,7,6,8,6,8,5,4,0.052765352,0.207538,0.207538,0.207538,0.052802,0.213352685,0.213352685,0.213352685,0,0,0.000306,0.000351,0.000308,0.000275,0.000352,0.000455,0.00041,0.000367,0,0.899193323,0.799722883,0.799169438,0.799178538,0.487675641,0.003100637,5.13E-06,0.995334411,0.996018099,4.45E-11,0.998263016,0.001665198,0,0,0,0,0,0,1,1,1,9,0.217397197,0.363957078,0.270097037,0.375708106,0.203551811,0.003100356,5.15E-06,0.995393929,0.996014586,4.46E-11,0.998255347,0.001667037,5,1,2,2,0,1,0,0,0,6,0,7,0,0,0
47,10,4,4,1,1,1,0,0.499254044,0.499502525,0.000745539,0.000497891,0.499502525,0.499254044,0.000745539,0.000497891,NaN,NaN,NaN,NaN,NaN,NaN,NaN,NaN,NaN,NaN,NaN,NaN,NaN,NaN,NaN,NaN,NaN,NaN,47,10,1,2,3,4,5,1,5,5,5,6,7,8,4,1,5,5,1,5,1,4,1,5,0.955555556,4,2172,14173,16239,"Scuola secondaria di 2Âº grado (diploma di istruzione liceale, diploma di istruzione tecnica, diploma di istruzione professionale)",Scuola secondaria di 1Âº grado (Licenza media),1,1,1,2,2,3,1,2,1,2,2,6,5,5,6,6,7,6,5,5,6,5,2,2,0.002904536,0.003386,0.003071,0.003098,0.003666,0.004387326,0.004079551,0.00411772,2,2,0.002905,0.003386,0.003071,0.003098,0.003666,0.004387,0.00408,0.004118,4,0.876172475,0.795397527,0.791145078,0.780512036,0.518535754,1,0.999999559,1.61E-14,4.70E-11,0.997544712,6.12E-16,0.002455288,1,1,1,1,1,1,1,1,0,4,0.857275772,0.788685302,0.787003872,0.787011657,0.493826429,1,0.999999563,1.61E-14,4.64E-11,0.997544991,6.56E-16,0.002455009,1,1,1,1,1,1,1,1,0,8,2,10,4,0,0
47,11,8,7,1,1,1,1,0.120541762,0.434097185,0.212844616,0.232516437,0.39007859,0.425958572,0.139191532,0.044771305,NaN,NaN,NaN,NaN,NaN,NaN,NaN,NaN,NaN,NaN,NaN,NaN,NaN,NaN,NaN,NaN,NaN,NaN,47,11,1,2,3,4,5,5,5,5,5,6,7,8,5,5,5,5,5,5,0,0,5,5,0,0,NaN,NaN,NaN,,,2,1,1,3,2,4,2,2,3,4,2,6,5,5,6,6,8,5,5,7,6,6,4,3,0.019469538,0.01947,0.019672,0.019672,0.021729,0.021728649,0.022186591,0.022186591,4,3,0.052765,0.207538,0.207538,0.207538,0.052802,0.213353,0.213353,0.213353,8,0.313768213,0.612750284,0.584407911,0.580447009,0.318365937,0.999999996,0.997200155,2.09E-09,8.62E-06,0.065916699,1.32E-08,0.934083287,4,1,1,1,0,0,0,0,0,7,0.39702559,0.699792499,0.663927163,0.66635572,0.418949351,0.999999996,0.997219505,2.09E-09,8.50E-06,0.065951363,1.32E-08,0.934048624,4,0,2,3,0,1,1,1,0,6,0,8,0,0,0
47,12,8,12,1,1,1,4,0.347678558,0.280707428,0.074020553,0.297593461,0.18939835,0.28831801,0.2424066,0.27987704,NaN,NaN,NaN,NaN,NaN,NaN,NaN,NaN,NaN,NaN,NaN,NaN,NaN,NaN,NaN,NaN,NaN,NaN,47,12,1,2,3,4,4,5,1,4,5,6,7,8,4,5,5,4,1,5,0.857142857,4,4,5,0.074074074,1,2181,11245,15159,Scuola secondaria di 1Âº grado (Licenza media),Scuola secondaria di 1Âº grado (Licenza media),2,1,1,3,2,4,2,1,1,4,4,5,5,5,7,6,7,6,8,7,6,8,7,5,1,1,1,1,1,1,1,1,5,4,0.104602,0.104602,0.104602,0.104602,0.114425,0.114425,0.114425,0.114425,8,0.226732271,0.419484453,0.377723195,0.375188157,0.23580708,0.999999849,0.997222602,1.49E-07,0.00084563,0.010151299,1.07E-06,0.989847634,3,2,2,1,0,1,0,0,0,12,0.213891678,0.338758568,0.21077389,0.282813385,0.200796064,0.999999849,0.997243739,1.49E-07,0.000838711,0.010157494,9.79E-07,0.989841528,6,3,2,4,1,1,1,1,0,4,0,2,0,0,0
47,13,0,0,0,1,1,5,0.071606739,0.002706842,0.010026511,0.915659907,0.010026511,0.002706842,0.071606739,0.915659907,NaN,NaN,NaN,NaN,NaN,NaN,NaN,NaN,NaN,NaN,NaN,NaN,NaN,NaN,NaN,NaN,NaN,NaN,47,13,1,2,3,4,4,2,3,5,5,6,7,8,3,2,4,5,2,5,0.476190476,3,2,5,0.476190476,3,2329,12970,14884,"Scuola secondaria di 2Âº grado (diploma di istruzione liceale, diploma di istruzione tecnica, diploma di istruzione professionale)",Scuola primaria (Licenza elementare),1,1,4,3,4,4,1,4,4,4,4,5,7,8,7,8,8,7,8,8,8,8,0,0,0.000306152,0.000351,0.000308,0.000275,0.000352,0.000455359,0.000410313,0.000367235,0,0,0.000306,0.000351,0.000308,0.000275,0.000352,0.000455,0.00041,0.000367,0,0.898888497,0.799350397,0.797684547,0.797696998,0.460720507,0.009961383,6.25E-06,0.988480558,0.994103904,3.35E-11,0.994769874,0.00515859,0,0,0,0,0,0,1,1,1,0,0.899116397,0.798261758,0.797564226,0.798371181,0.480995445,0.009961122,6.28E-06,0.988539714,0.994099714,3.35E-11,0.994760075,0.005162581,0,0,0,0,0,0,1,1,1,0,0,0,0,1,1
47,14,11,8,0,1,1,4,0.32,0.28,0.2,0.2,0.222729419,0.170896254,0.243043799,0.363330528,NaN,NaN,NaN,NaN,NaN,NaN,NaN,NaN,NaN,NaN,NaN,NaN,NaN,NaN,NaN,NaN,NaN,NaN,47,14,1,2,3,4,5,5,5,5,5,6,7,8,4,4,4,4,5,5,0,0,4,4,0,0,2174,16688,21707,Scuola primaria (Licenza elementare),Scuola primaria (Licenza elementare),2,1,1,2,2,3,3,1,1,2,4,6,7,5,7,8,8,6,5,7,8,8,5,4,0.064212664,0.064213,0.207538,0.207538,0.066126,0.066125904,0.213352685,0.213352685,6,3,1,1,1,1,1,1,1,1,11,0.246016659,0.640620414,0.311183873,0.257998723,0.29347733,1,0.999995982,1.17E-11,2.38E-07,0.522933204,7.56E-11,0.477066796,3,3,3,2,1,1,1,1,0,8,0.224796339,0.389390696,0.283378287,0.419832697,0.214010512,1,0.999996016,1.17E-11,2.36E-07,0.523036771,7.35E-11,0.476963229,3,1,2,1,0,0,0,0,0,8,0,7,0,0,0
47,15,12,9,0,1,1,5,0.284450558,0.238516481,0.238516481,0.238516481,0.211590953,0.172617778,0.341336614,0.274454654,NaN,NaN,NaN,NaN,NaN,NaN,NaN,NaN,NaN,NaN,NaN,NaN,NaN,NaN,NaN,NaN,NaN,NaN,47,15,1,2,3,4,5,5,5,5,5,6,7,8,4,4,4,4,5,5,0,0,4,4,0,0,2096,8421,8947,Scuola secondaria di 1Âº grado (Licenza media),Scuola secondaria di 1Âº grado (Licenza media),1,1,1,3,4,3,1,2,3,2,4,6,5,8,7,8,7,5,6,7,7,8,5,4,0.064212664,0.064213,0.207538,0.207538,0.066126,0.066125904,0.213352685,0.213352685,7,4,1,1,1,1,1,1,1,1,12,0.22832113,0.308137959,0.242121539,0.234798605,0.206905181,0.999999992,0.99046964,4.08E-09,0.000138336,0.001841969,3.13E-08,0.998157999,5,2,3,3,1,1,1,1,0,9,0.230207612,0.389292951,0.360384883,0.425694673,0.208000546,0.999999992,0.990539001,4.09E-09,0.00013658,0.001843308,3.21E-08,0.998156659,3,1,3,1,0,1,0,0,0,8,0,6,0,0,0
47,16,4,9,1,1,1,1,0.499254044,0.499502525,0.000745539,0.000497891,0.218794848,0.237005861,0.330587716,0.213611576,NaN,NaN,NaN,NaN,NaN,NaN,NaN,NaN,NaN,NaN,NaN,NaN,NaN,NaN,NaN,NaN,NaN,NaN,47,16,1,2,3,4,5,1,1,1,5,6,7,8,5,1,1,1,1,5,2,4,1,5,2,4,NaN,NaN,NaN,,,1,1,1,2,2,3,1,2,1,2,2,5,7,5,7,6,8,7,5,8,7,6,5,3,0.064212664,0.064213,0.207538,0.207538,0.066126,0.066125904,0.213352685,0.213352685,2,2,0.002905,0.003386,0.003071,0.003098,0.003666,0.004387,0.00408,0.004118,4,0.876172475,0.795397527,0.791145078,0.780512036,0.518535754,1,0.999999559,1.61E-14,4.70E-11,0.997544712,6.12E-16,0.002455288,1,1,1,1,1,1,1,1,0,9,0.258801781,0.461074552,0.36627744,0.328416015,0.204214374,1,0.999999563,1.61E-14,4.64E-11,0.997544991,6.56E-16,0.002455009,2,2,3,0,0,1,0,0,0,4,0,5,1,0,0
47,19,8,11,1,1,1,2,0.346549315,0.312449532,0.171053938,0.169947216,0.329755303,0.275386023,0.197429337,0.197429337,NaN,NaN,NaN,NaN,NaN,NaN,NaN,NaN,NaN,NaN,NaN,NaN,NaN,NaN,NaN,NaN,NaN,NaN,47,19,1,2,3,4,5,5,5,3,5,6,7,8,5,5,5,5,3,5,0.222222222,2,5,5,0,0,2289,13358,18536,Scuola secondaria di 1Âº grado (Licenza media),"Scuola secondaria di 2Âº grado (diploma di istruzione liceale, diploma di istruzione tecnica, diploma di istruzione professionale)",2,1,1,2,2,4,3,2,1,4,1,5,7,5,6,6,8,5,8,5,7,6,6,4,1,1,1,1,1,1,1,1,4,3,0.052765,0.207538,0.207538,0.207538,0.052802,0.213353,0.213353,0.213353,8,0.29875327,0.592715153,0.492857448,0.488908561,0.281263643,0.999999999,0.999823596,6.54E-10,2.05E-06,0.290338075,4.40E-09,0.70966192,3,1,2,2,1,0,1,1,0,11,0.214553997,0.423306524,0.274914738,0.288338519,0.203166836,0.999999999,0.999824875,6.55E-10,2.02E-06,0.290429753,4.11E-09,0.709570243,6,1,3,2,0,1,0,0,0,5,1,7,0,0,0
47,20,7,8,0,1,1,4,0.112693212,0.298558717,0.173785688,0.414962384,0.174119937,0.194613392,0.452721668,0.178545004,NaN,NaN,NaN,NaN,NaN,NaN,NaN,NaN,NaN,NaN,NaN,NaN,NaN,NaN,NaN,NaN,NaN,NaN,47,20,1,2,3,4,4,5,5,5,5,6,7,8,4,4,4,4,4,5,0.052631579,1,4,4,0,0,3766,12527,12645,Scuola secondaria di 1Âº grado (Licenza media),Scuola secondaria di 1Âº grado (Licenza media),2,3,1,2,4,4,2,2,3,4,4,6,5,5,7,6,7,7,6,7,8,7,3,2,0.008431472,0.072006,0.186683,0.186683,0.008098,0.07436182,0.19265144,0.19265144,3,3,0.019316,0.020129,0.020129,0.051007,0.020958,0.02241,0.02241,0.055774,7,0.579317112,0.751173754,0.739938928,0.740245762,0.331656269,0.999825348,0.328681056,0.00017177,0.189275592,7.10E-05,0.000684162,0.999244781,2,1,2,0,0,1,0,0,0,8,0.581458962,0.753585411,0.696174549,0.703038048,0.367299975,0.99982534,0.330223404,0.000171831,0.188013931,7.11E-05,0.000661869,0.999267007,4,1,1,2,0,0,0,1,0,3,0,6,0,0,0
48,2,4,0,1,1,1,2,0.124168309,0.580034171,0.295378742,0.000418778,0.002706842,0.071606739,0.010026511,0.915659907,NaN,NaN,NaN,NaN,NaN,NaN,NaN,NaN,NaN,NaN,NaN,NaN,NaN,NaN,NaN,NaN,NaN,NaN,48,2,1,2,3,4,4,5,3,1,5,6,7,8,5,5,5,5,1,5,0.897435897,4,5,5,0,0,NaN,NaN,NaN,,,2,1,1,3,2,3,2,2,3,2,2,6,7,8,6,8,8,6,8,8,8,8,0,0,0.000306152,0.000351,0.000308,0.000275,0.000352,0.000455359,0.000410313,0.000367235,2,2,0.009316,0.010101,0.009699,0.011409,0.011178,0.012377,0.012055,0.014129,4,0.858590486,0.791471103,0.785247666,0.769702174,0.525697323,1,0.999985156,1.61E-13,2.56E-09,0.882940222,2.36E-13,0.117059778,3,1,0,2,0,0,0,1,1,0,0.896866109,0.794115494,0.787371238,0.790166252,0.480835153,1,0.999985276,1.61E-13,2.52E-09,0.882977609,2.50E-13,0.117022391,0,0,0,0,0,0,1,1,1,1,0,6,0,0,1
48,3,4,3,1,1,1,4,0.552346983,0.172121066,0.214926978,0.060604973,0.365401124,0.633121317,0.000903428,0.000574131,NaN,NaN,NaN,NaN,NaN,NaN,NaN,NaN,NaN,NaN,NaN,NaN,NaN,NaN,NaN,NaN,NaN,NaN,48,3,1,2,3,4,5,4,2,2,5,6,7,8,5,4,2,4,2,5,0.692307692,3,2,5,0.422222222,3,2203,15333,15316,"Scuola secondaria di 2Âº grado (diploma di istruzione liceale, diploma di istruzione tecnica, diploma di istruzione professionale)","Scuola secondaria di 2Âº grado (diploma di istruzione liceale, diploma di istruzione tecnica, diploma di istruzione professionale)",1,3,1,2,4,3,1,1,1,2,1,5,5,5,6,6,7,6,6,5,6,6,1,1,0.002904536,0.003386,0.003071,0.003098,0.003666,0.004387326,0.004079551,0.00411772,2,2,0.002506,0.021473,0.022494,0.022494,0.002578,0.023613,0.025097,0.025097,4,0.866764545,0.789315646,0.788554069,0.788392664,0.5514172,1,0.99947341,5.74E-12,1.09E-07,0.299131199,6.53E-11,0.700868801,3,1,0,1,0,0,0,0,1,3,0.885892903,0.792777905,0.791187237,0.791312669,0.493562963,1,0.999477587,5.76E-12,1.09E-07,0.299223193,5.85E-11,0.700776807,2,1,0,2,1,0,1,1,1,1,0,5,2,0,1
48,4,4,1,0,1,1,2,0.124305221,0.000418702,0.29534091,0.579935167,0.101531796,0.000977198,0.796442413,0.101048593,NaN,NaN,NaN,NaN,NaN,NaN,NaN,NaN,NaN,NaN,NaN,NaN,NaN,NaN,NaN,NaN,NaN,NaN,48,4,1,2,3,4,1,1,1,4,5,6,7,8,1,1,5,1,1,4,1.285714286,3,1,5,2,4,2208,12666,14012,Scuola secondaria di 1Âº grado (Licenza media),"Scuola secondaria di 2Âº grado (diploma di istruzione liceale, diploma di istruzione tecnica, diploma di istruzione professionale)",1,3,4,3,4,4,1,4,4,3,4,5,7,8,7,8,7,7,5,7,7,7,1,1,0.000957953,0.000969,0.00086,0.00081,0.001126,0.001204491,0.001092811,0.001025973,2,2,0.009316,0.010101,0.009699,0.011409,0.011178,0.012377,0.012055,0.014129,4,0.880748615,0.797554911,0.7902342,0.790274215,0.444510585,0.167120263,1.84E-05,0.831347123,0.931602734,1.44E-10,0.922886484,0.07704715,2,0,1,2,0,0,1,1,0,1,0.887693598,0.796813852,0.796415825,0.792319758,0.414992052,0.167112801,1.85E-05,0.831407858,0.931464818,1.36E-10,0.9271701,0.072757811,1,0,0,1,0,0,1,1,1,4,0,4,0,0,1
48,5,0,0,0,1,1,2,0.010026511,0.071606739,0.002706842,0.915659907,0.010026511,0.002706842,0.071606739,0.915659907,NaN,NaN,NaN,NaN,NaN,NaN,NaN,NaN,NaN,NaN,NaN,NaN,NaN,NaN,NaN,NaN,NaN,NaN,48,5,1,2,3,4,5,5,4,5,5,6,7,8,5,4,5,5,4,5,0.052631579,1,4,5,0.052631579,1,2259,13393,13214,"Scuola secondaria di 2Âº grado (diploma di istruzione liceale, diploma di istruzione tecnica, diploma di istruzione professionale)","Scuola secondaria di 2Âº grado (diploma di istruzione liceale, diploma di istruzione tecnica, diploma di istruzione professionale)",2,1,4,2,4,4,2,4,4,4,4,5,7,8,7,8,8,7,8,8,8,8,0,0,0.000306152,0.000351,0.000308,0.000275,0.000352,0.000455359,0.000410313,0.000367235,0,0,0.000306,0.000351,0.000308,0.000275,0.000352,0.000455,0.00041,0.000367,0,0.898945751,0.799546248,0.79870335,0.798719681,0.487580712,0.008882612,3.65E-05,0.989561513,0.995986828,1.16E-09,0.995271699,0.004656729,0,0,0,0,0,0,1,1,1,0,0.899116397,0.798261758,0.797564226,0.798371181,0.480995445,0.008881712,3.67E-05,0.989621305,0.9959832,1.16E-09,0.99525624,0.004666376,0,0,0,0,0,0,1,1,1,3,0,3,0,0,0
48,6,11,9,0,1,1,2,0.21519147,0.36188061,0.146818487,0.276109433,0.259879938,0.237749823,0.370021186,0.132349053,NaN,NaN,NaN,NaN,NaN,NaN,NaN,NaN,NaN,NaN,NaN,NaN,NaN,NaN,NaN,NaN,NaN,NaN,48,6,1,2,3,4,5,5,5,4,5,6,7,8,4,5,3,4,4,5,0.052631579,1,3,5,0.166666667,2,2042,10858,12585,"Scuola secondaria di 2Âº grado (diploma di istruzione liceale, diploma di istruzione tecnica, diploma di istruzione professionale)",Scuola secondaria di 1Âº grado (Licenza media),2,1,1,2,4,4,3,4,1,2,2,5,7,5,7,6,7,5,8,7,7,6,5,3,0.264142056,0.264142,0.264142,0.264142,0.269542,0.269541779,0.269541779,0.269541779,5,3,0.064213,0.064213,0.207538,0.207538,0.066126,0.066126,0.213353,0.213353,11,0.242004959,0.447710642,0.372249778,0.371032893,0.277302437,0.999999681,0.992662448,2.19E-07,0.000145093,0.016169404,1.34E-06,0.983829243,4,1,2,2,0,0,0,1,0,9,0.257734945,0.549830379,0.354479741,0.328670349,0.234713243,0.999999682,0.992702328,2.19E-07,0.000144117,0.016179022,1.34E-06,0.98381963,3,2,3,2,1,1,1,1,0,5,1,9,4,0,0
48,7,5,0,1,1,1,2,0.247045825,0.35172655,0.000307633,0.400919992,0.071606739,0.010026511,0.915659907,0.002706842,NaN,NaN,NaN,NaN,NaN,NaN,NaN,NaN,NaN,NaN,NaN,NaN,NaN,NaN,NaN,NaN,NaN,NaN,48,7,1,2,3,4,5,5,4,3,5,6,7,8,4,4,4,2,3,5,0.215686275,2,2,4,0.285714286,2,2208,12169,13540,Scuola secondaria di 1Âº grado (Licenza media),Scuola secondaria di 1Âº grado (Licenza media),2,1,1,2,4,4,2,4,1,4,2,5,7,5,7,6,7,7,5,7,7,7,0,0,0.000306152,0.000351,0.000308,0.000275,0.000352,0.000455359,0.000410313,0.000367235,3,3,0.009316,0.010101,0.009699,0.011409,0.011178,0.012377,0.012055,0.014129,5,0.502608574,0.717886516,0.69947826,0.699341602,0.350207339,0.999973046,0.96304564,2.57E-05,0.004549813,0.006096066,0.000123759,0.993779129,1,1,2,0,0,1,0,1,0,0,0.891494905,0.799153601,0.79767892,0.773250751,0.540876282,0.999973068,0.963241211,2.57E-05,0.004521307,0.006099927,0.000120805,0.993778183,0,0,0,0,0,0,1,1,1,7,3,3,0,0,0
48,8,9,4,1,1,1,5,0.279421749,0.392188059,0.170632653,0.15775754,0.579921707,0.295471193,0.124188385,0.000418715,NaN,NaN,NaN,NaN,NaN,NaN,NaN,NaN,NaN,NaN,NaN,NaN,NaN,NaN,NaN,NaN,NaN,NaN,48,8,1,2,3,4,5,5,3,1,5,6,7,8,5,5,1,1,1,5,1.047619048,4,1,5,1.777777778,4,2341,11727,13872,"Scuola secondaria di 2Âº grado (diploma di istruzione liceale, diploma di istruzione tecnica, diploma di istruzione professionale)","Scuola secondaria di 2Âº grado (diploma di istruzione liceale, diploma di istruzione tecnica, diploma di istruzione professionale)",1,3,1,3,2,4,2,1,4,2,2,5,5,5,7,6,7,5,6,5,6,5,2,2,0.009315631,0.010101,0.009699,0.011409,0.011178,0.012376918,0.012055149,0.014129339,5,4,0.008431,0.072006,0.186683,0.186683,0.008098,0.074362,0.192651,0.192651,9,0.250093783,0.412573188,0.396284665,0.396213536,0.209170496,0.999999997,0.995852225,8.58E-10,1.13E-05,0.042176851,7.06E-09,0.957823142,4,2,1,1,0,0,0,0,0,4,0.850864372,0.787593929,0.7797412,0.779691127,0.496075147,0.999999997,0.995883128,8.59E-10,1.12E-05,0.042200072,6.85E-09,0.957799921,2,0,1,2,0,1,1,1,0,6,1,3,0,0,0
48,9,8,9,0,1,1,7,0.073112741,0.311637655,0.340270211,0.274979392,0.149794673,0.264631208,0.412419035,0.173155084,NaN,NaN,NaN,NaN,NaN,NaN,NaN,NaN,NaN,NaN,NaN,NaN,NaN,NaN,NaN,NaN,NaN,NaN,48,9,1,2,3,4,5,5,5,5,5,6,7,8,5,5,5,5,5,5,0,0,5,5,0,0,2361,13457,13731,Laurea triennale,"Scuola secondaria di 2Âº grado (diploma di istruzione liceale, diploma di istruzione tecnica, diploma di istruzione professionale)",2,3,1,2,4,3,2,2,3,3,4,6,5,5,7,8,8,6,6,7,7,7,4,4,0.052765352,0.207538,0.207538,0.207538,0.052802,0.213352685,0.213352685,0.213352685,5,3,0.104602,0.104602,0.104602,0.104602,0.114425,0.114425,0.114425,0.114425,8,0.250330441,0.483227629,0.348876647,0.328138998,0.255492461,0.99999993,0.951302079,5.37E-08,0.001484277,0.000509847,3.88E-07,0.999489765,2,2,3,0,0,2,0,0,0,9,0.317832315,0.622901006,0.604370589,0.626537588,0.221519987,0.99999993,0.951617697,5.37E-08,0.001463985,0.000510272,4.15E-07,0.999489312,5,2,1,2,0,1,0,0,0,9,0,6,0,0,0
48,10,12,10,0,1,1,3,0.291868154,0.322967039,0.192582404,0.192582404,0.236240472,0.435173301,0.156114869,0.172471359,NaN,NaN,NaN,NaN,NaN,NaN,NaN,NaN,NaN,NaN,NaN,NaN,NaN,NaN,NaN,NaN,NaN,NaN,48,10,1,2,3,4,5,5,3,5,5,6,7,8,3,4,1,2,3,5,0.222222222,2,1,4,0.666666667,3,2119,13643,14085,"Scuola secondaria di 2Âº grado (diploma di istruzione liceale, diploma di istruzione tecnica, diploma di istruzione professionale)","Scuola secondaria di 2Âº grado (diploma di istruzione liceale, diploma di istruzione tecnica, diploma di istruzione professionale)",2,3,1,3,4,3,1,1,4,2,2,5,5,8,7,8,7,6,6,5,6,6,4,4,0.052765352,0.207538,0.207538,0.207538,0.052802,0.213352685,0.213352685,0.213352685,7,5,1,1,1,1,1,1,1,1,12,0.236910601,0.296507455,0.246262096,0.246149486,0.205014704,0.999999989,0.970574234,2.60E-09,5.39E-05,0.002948639,2.49E-08,0.997051336,7,2,2,3,1,1,0,0,0,10,0.264305001,0.524632122,0.516460996,0.525708012,0.206365919,0.999999989,0.970779279,2.60E-09,5.34E-05,0.002950746,2.47E-08,0.997049229,7,3,0,3,0,0,0,1,1,6,0,2,1,0,1
49,35,0,0,1,1,1,3,0.071606739,0.915659907,0.002706842,0.010026511,0.010026511,0.071606739,0.915659907,0.002706842,NaN,NaN,NaN,NaN,NaN,NaN,NaN,NaN,NaN,NaN,NaN,NaN,NaN,NaN,NaN,NaN,NaN,NaN,49,35,1,2,3,4,5,5,1,4,5,6,7,8,5,4,5,3,1,5,0.955555556,4,3,5,0.215686275,2,2216,12042,12540,Scuola secondaria di 1Âº grado (Licenza media),Scuola secondaria di 1Âº grado (Licenza media),2,1,1,2,2,4,2,2,1,2,2,6,7,5,7,6,7,7,6,7,7,7,0,0,0.000306152,0.000351,0.000308,0.000275,0.000352,0.000455359,0.000410313,0.000367235,0,0,0.000306,0.000351,0.000308,0.000275,0.000352,0.000455,0.00041,0.000367,0,0.898465058,0.799027736,0.798302045,0.79063163,0.499681915,1,0.999994396,1.95E-12,8.89E-10,0.997438886,5.27E-14,0.002561114,0,0,0,0,0,0,1,1,1,0,0.898483665,0.79944866,0.795283695,0.794938399,0.500186889,1,0.999994434,1.95E-12,8.79E-10,0.997439193,5.43E-14,0.002560807,0,0,0,0,0,0,1,1,1,1,0,3,1,0,0
49,65,11,9,1,1,1,2,0.234384275,0.289320264,0.280318252,0.195977209,0.249981573,0.249968365,0.37498631,0.125063751,NaN,NaN,NaN,NaN,NaN,NaN,NaN,NaN,NaN,NaN,NaN,NaN,NaN,NaN,NaN,NaN,NaN,NaN,49,65,1,2,3,4,2,5,2,2,5,6,7,8,1,2,5,2,2,5,0.818181818,3,1,5,1.2,4,NaN,NaN,NaN,,,2,1,1,2,2,3,3,1,3,2,4,6,5,8,6,8,7,5,6,7,7,7,5,4,0.052765352,0.207538,0.207538,0.207538,0.052802,0.213352685,0.213352685,0.213352685,6,4,1,1,1,1,1,1,1,1,11,0.244583409,0.604125777,0.23486854,0.221144554,0.240449362,1,0.999973605,2.77E-11,1.69E-06,0.105528523,2.84E-10,0.894471476,4,3,3,3,1,1,1,1,0,9,0.247635682,0.462641444,0.450249749,0.492506179,0.207974051,1,0.999973828,2.77E-11,1.67E-06,0.105579968,2.73E-10,0.894420032,4,2,1,2,0,0,0,0,0,3,0,2,0,1,1
49,67,8,8,1,1,1,4,0.2845761,0.149044086,0.333658764,0.232721049,0.196452749,0.344126932,0.135612166,0.323808152,NaN,NaN,NaN,NaN,NaN,NaN,NaN,NaN,NaN,NaN,NaN,NaN,NaN,NaN,NaN,NaN,NaN,NaN,49,67,1,2,3,4,5,5,2,3,5,6,7,8,5,4,5,3,2,5,0.6,3,3,5,0.215686275,2,2369,9902,12497,"Scuola secondaria di 2Âº grado (diploma di istruzione liceale, diploma di istruzione tecnica, diploma di istruzione professionale)","Scuola secondaria di 2Âº grado (diploma di istruzione liceale, diploma di istruzione tecnica, diploma di istruzione professionale)",2,3,1,2,4,4,3,1,1,4,3,6,7,5,7,6,8,6,6,5,8,8,5,4,0.064212664,0.064213,0.207538,0.207538,0.066126,0.066125904,0.213352685,0.213352685,5,4,0.052765,0.207538,0.207538,0.207538,0.052802,0.213353,0.213353,0.213353,8,0.223740725,0.329686845,0.268278536,0.268225606,0.248024536,0.999997593,0.689012485,1.82E-06,0.02259588,7.41E-05,1.19E-05,0.999913969,3,2,2,1,0,1,0,0,0,8,0.228630363,0.470465225,0.33619881,0.401235312,0.205592612,0.9999976,0.690334758,1.82E-06,0.02244121,7.42E-05,1.04E-05,0.999915386,3,2,2,1,0,1,0,0,0,9,4,7,3,0,0
49,72,9,12,1,1,1,0,0.405525073,0.31761825,0.216704015,0.060152662,0.190626878,0.273831096,0.289692057,0.24584997,NaN,NaN,NaN,NaN,NaN,NaN,NaN,NaN,NaN,NaN,NaN,NaN,NaN,NaN,NaN,NaN,NaN,NaN,49,72,1,2,3,4,3,3,5,3,5,6,7,8,4,2,5,3,3,5,0.285714286,2,2,5,0.476190476,3,2132,10123,10594,Nessun titolo di studio,Nessun titolo di studio,2,3,1,2,2,4,1,2,1,3,1,5,5,5,7,6,8,6,6,7,7,8,7,5,1,1,1,1,1,1,1,1,5,4,0.104602,0.104602,0.104602,0.104602,0.114425,0.114425,0.114425,0.114425,9,0.29306864,0.614602094,0.556536374,0.537793982,0.300072939,1,0.999689222,9.42E-12,7.62E-08,0.522933204,5.44E-11,0.477066796,5,2,1,2,1,0,0,0,0,12,0.223123166,0.337528545,0.223007216,0.280227784,0.200724106,1,0.999691602,9.43E-12,7.53E-08,0.523036771,5.40E-11,0.476963229,6,2,3,3,1,2,0,0,0,8,1,5,2,0,1
49,82,0,0,0,1,1,4,0.071606739,0.010026511,0.002706842,0.915659907,0.071606739,0.915659907,0.002706842,0.010026511,NaN,NaN,NaN,NaN,NaN,NaN,NaN,NaN,NaN,NaN,NaN,NaN,NaN,NaN,NaN,NaN,NaN,NaN,49,82,1,2,3,4,4,4,3,5,5,6,7,8,5,5,4,4,3,5,0.166666667,2,4,5,0.074074074,1,NaN,NaN,NaN,,,1,1,4,2,4,4,1,4,4,4,4,6,5,5,6,6,8,6,6,5,6,6,0,0,0.000306152,0.000351,0.000308,0.000275,0.000352,0.000455359,0.000410313,0.000367235,0,0,0.000306,0.000351,0.000308,0.000275,0.000352,0.000455,0.00041,0.000367,0,0.898710787,0.799105215,0.791770666,0.791787816,0.471980926,0.019156145,4.18E-05,0.979300266,0.994068545,9.47E-10,0.990131515,0.009797282,0,0,0,0,0,0,1,1,1,0,0.898982328,0.798860794,0.798608006,0.798633227,0.489002097,0.019154382,4.20E-05,0.979360375,0.994064209,9.49E-10,0.990111482,0.009811534,0,0,0,0,0,0,1,1,1,1,0,2,0,0,1
49,89,3,6,1,1,1,1,0.365401124,0.633121317,0.000903428,0.000574131,0.442369944,0.145025181,0.412254185,0.00035069,NaN,NaN,NaN,NaN,NaN,NaN,NaN,NaN,NaN,NaN,NaN,NaN,NaN,NaN,NaN,NaN,NaN,NaN,49,89,1,2,3,4,5,4,3,2,5,6,7,8,2,5,4,3,2,5,0.476190476,3,2,5,0.476190476,3,2214,8767,10957,Scuola secondaria di 1Âº grado (Licenza media),Scuola secondaria di 1Âº grado (Licenza media),1,1,1,2,2,3,2,2,1,2,2,5,7,5,7,6,7,7,5,5,6,5,3,3,0.009315631,0.010101,0.009699,0.011409,0.011178,0.012376918,0.012055149,0.014129339,1,1,0.002905,0.003386,0.003071,0.003098,0.003666,0.004387,0.00408,0.004118,3,0.894238072,0.79805093,0.796339937,0.77895963,0.502104482,1,0.9999996,2.82E-14,6.35E-11,0.998466504,6.56E-16,0.001533496,2,1,0,2,1,0,1,1,1,6,0.57691738,0.74768729,0.708908795,0.666509633,0.500692942,1,0.999999603,2.83E-14,6.26E-11,0.998466661,7.03E-16,0.001533339,2,1,1,2,1,0,1,1,0,2,1,7,3,0,0
49,90,11,3,1,1,1,2,0.275371967,0.329734332,0.132385124,0.262508576,0.000400536,0.186983808,0.579982908,0.232632748,NaN,NaN,NaN,NaN,NaN,NaN,NaN,NaN,NaN,NaN,NaN,NaN,NaN,NaN,NaN,NaN,NaN,NaN,49,90,1,2,3,4,3,4,5,1,5,6,7,8,2,3,4,1,1,5,0.897435897,4,1,4,0.666666667,3,2255,15398,15801,Scuola secondaria di 1Âº grado (Licenza media),"Scuola secondaria di 2Âº grado (diploma di istruzione liceale, diploma di istruzione tecnica, diploma di istruzione professionale)",2,3,1,2,4,3,1,2,1,2,4,6,7,8,7,6,8,7,6,7,7,7,1,1,0.001106908,0.007361,0.006785,0.007864,0.001221,0.009058014,0.008536963,0.009850282,6,4,0.264142,0.264142,0.264142,0.264142,0.269542,0.269542,0.269542,0.269542,11,0.239641921,0.486145697,0.387742904,0.283812381,0.260995945,0.999999995,0.99867156,3.19E-09,1.78E-05,0.04217685,2.72E-08,0.957823122,5,2,3,2,0,2,0,0,0,3,0.892656253,0.79767365,0.796226031,0.796743581,0.481678599,0.999999995,0.99868076,3.20E-09,1.76E-05,0.042200071,2.82E-08,0.957799901,2,1,0,1,0,0,0,1,1,5,2,2,1,0,1
49,94,9,7,1,1,1,0,0.07970943,0.286020475,0.234911132,0.399358963,0.123636747,0.294015523,0.488539663,0.093808067,NaN,NaN,NaN,NaN,NaN,NaN,NaN,NaN,NaN,NaN,NaN,NaN,NaN,NaN,NaN,NaN,NaN,NaN,49,94,1,2,3,4,5,3,2,4,5,6,7,8,5,4,5,1,2,5,0.476190476,3,1,5,0.955555556,4,2374,11435,14221,"Scuola secondaria di 2Âº grado (diploma di istruzione liceale, diploma di istruzione tecnica, diploma di istruzione professionale)",Scuola secondaria di 1Âº grado (Licenza media),1,3,4,2,4,4,2,2,4,4,3,5,7,5,7,8,7,7,6,7,7,6,3,2,0.019315757,0.020129,0.020129,0.051007,0.020958,0.022410321,0.022410321,0.055774414,4,3,0.104602,0.104602,0.104602,0.104602,0.114425,0.114425,0.114425,0.114425,9,0.317297853,0.706079504,0.618523956,0.618535752,0.311889666,0.980661541,0.005181556,0.018650301,0.261836386,1.69E-06,0.05203144,0.947734354,3,2,3,1,1,2,0,0,0,7,0.590603248,0.759459028,0.745422613,0.718211833,0.365533004,0.980680039,0.005206885,0.018650498,0.26063473,1.69E-06,0.051340818,0.948401719,2,3,2,1,1,3,1,1,1,6,3,3,1,0,0
49,97,6,10,0,1,1,1,0.209976821,0.50307663,0.11846886,0.16847769,0.201032736,0.278732166,0.185468642,0.334766456,NaN,NaN,NaN,NaN,NaN,NaN,NaN,NaN,NaN,NaN,NaN,NaN,NaN,NaN,NaN,NaN,NaN,NaN,49,97,1,2,3,4,4,5,3,1,5,6,7,8,5,1,1,2,1,5,0.897435897,4,1,5,1.592592593,4,2088,11834,12945,Scuola secondaria di 1Âº grado (Licenza media),Scuola secondaria di 1Âº grado (Licenza media),2,3,4,2,2,3,2,1,4,2,2,6,7,8,6,6,8,6,8,7,8,5,5,3,0.264142056,0.264142,0.264142,0.264142,0.269542,0.269541779,0.269541779,0.269541779,3,2,0.007575,0.042593,0.056122,0.056122,0.00767,0.044635,0.05893,0.05893,6,0.43383402,0.70382612,0.55811115,0.55627341,0.337569854,0.999999996,0.997618187,1.36E-09,6.49E-06,0.101601451,1.08E-08,0.898398538,3,0,1,2,0,0,1,1,0,10,0.213925335,0.572712011,0.225126383,0.226518763,0.232162767,0.999999996,0.997632047,1.36E-09,6.44E-06,0.10165176,1.11E-08,0.898348229,3,3,3,3,1,1,1,1,0,5,2,7,3,0,1
49,98,8,12,1,1,1,2,0.212482244,0.377465743,0.204350461,0.205701552,0.295442628,0.203461537,0.172193745,0.32890209,NaN,NaN,NaN,NaN,NaN,NaN,NaN,NaN,NaN,NaN,NaN,NaN,NaN,NaN,NaN,NaN,NaN,NaN,49,98,1,2,3,4,1,5,1,3,5,6,7,8,5,5,1,1,1,5,1.466666667,4,1,5,1.777777778,4,NaN,NaN,NaN,,,2,1,1,2,2,3,2,2,1,3,4,5,5,5,7,6,8,7,8,5,6,8,6,4,0.064212664,0.064213,0.207538,0.207538,0.066126,0.066125904,0.213352685,0.213352685,4,2,0.052765,0.207538,0.207538,0.207538,0.052802,0.213353,0.213353,0.213353,8,0.383851409,0.763471672,0.651209009,0.353211868,0.487672019,1,0.999991456,3.32E-11,2.40E-07,0.637242349,1.37E-10,0.362757651,1,3,3,1,1,1,1,1,0,12,0.212489627,0.393476693,0.220353284,0.283112684,0.204714377,1,0.999991527,3.33E-11,2.37E-07,0.637335582,1.50E-10,0.362664418,4,2,2,2,1,0,0,0,0,5,2,7,2,0,1
50,1,10,8,1,1,1,1,0.308057586,0.389361649,0.17822974,0.124351025,0.265255009,0.407331234,0.071178225,0.256235532,NaN,NaN,NaN,NaN,NaN,NaN,NaN,NaN,NaN,NaN,NaN,NaN,NaN,NaN,NaN,NaN,NaN,NaN,50,1,1,2,3,4,5,5,5,5,5,6,7,8,4,4,4,4,5,5,0,0,4,4,0,0,2271,13204,19227,Scuola primaria (Licenza elementare),Scuola primaria (Licenza elementare),1,3,4,3,2,4,2,1,1,2,2,5,7,5,6,8,8,6,6,5,8,6,4,4,0.021014721,0.06231,0.110585,0.110585,0.022436,0.067072428,0.119836818,0.119836818,5,4,0.052765,0.207538,0.207538,0.207538,0.052802,0.213353,0.213353,0.213353,10,0.257396023,0.450016508,0.424517095,0.423093933,0.211132685,0.999999964,0.973084876,8.73E-10,5.18E-06,0.042176851,7.20E-09,0.957823141,6,2,1,2,0,1,0,0,0,8,0.296171075,0.607173509,0.55042044,0.561352315,0.215799722,0.999999965,0.973231602,8.74E-10,5.14E-06,0.042200072,6.99E-09,0.957799921,4,2,1,1,0,0,0,0,0,7,0,6,0,0,0
50,2,2,0,1,1,1,3,0.068357878,0.710982107,0.110330007,0.110330007,0.915659907,0.071606739,0.010026511,0.002706842,NaN,NaN,NaN,NaN,NaN,NaN,NaN,NaN,NaN,NaN,NaN,NaN,NaN,NaN,NaN,NaN,NaN,NaN,50,2,1,2,3,4,2,5,1,3,5,6,7,8,5,3,2,1,1,5,1.060606061,4,1,5,1.060606061,4,NaN,NaN,NaN,,,2,3,1,2,2,3,2,2,4,2,2,5,5,5,6,6,7,5,5,5,6,5,0,0,0.000306152,0.000351,0.000308,0.000275,0.000352,0.000455359,0.000410313,0.000367235,2,1,0.002016,0.002034,0.00187,0.001831,0.002227,0.00232,0.002152,0.002088,2,0.807654039,0.782573937,0.753149093,0.747134425,0.438390351,1,0.999972865,1.37E-11,6.10E-08,0.818564313,2.60E-11,0.181435687,2,0,0,1,0,0,1,1,1,0,0.899296996,0.799380705,0.798929519,0.798925727,0.497488442,1,0.999973075,1.37E-11,6.02E-08,0.818620702,2.84E-11,0.181379298,0,0,0,0,0,0,1,1,1,4,1,0,0,1,1
50,3,0,0,1,1,1,5,0.071606739,0.915659907,0.010026511,0.002706842,0.010026511,0.071606739,0.915659907,0.002706842,NaN,NaN,NaN,NaN,NaN,NaN,NaN,NaN,NaN,NaN,NaN,NaN,NaN,NaN,NaN,NaN,NaN,NaN,50,3,1,2,3,4,5,5,4,3,5,6,7,8,5,5,5,5,3,5,0.215686275,2,5,5,0,0,NaN,NaN,NaN,,,2,1,1,2,2,3,2,2,1,2,2,6,7,5,7,6,7,7,6,7,7,7,0,0,0.000306152,0.000351,0.000308,0.000275,0.000352,0.000455359,0.000410313,0.000367235,0,0,0.000306,0.000351,0.000308,0.000275,0.000352,0.000455,0.00041,0.000367,0,0.89920837,0.799527005,0.797852205,0.779980765,0.5011577,1,0.99999966,3.51E-14,5.39E-11,0.999042559,5.05E-16,0.000957441,0,0,0,0,0,0,1,1,1,0,0.898483665,0.79944866,0.795283695,0.794938399,0.500186889,1,0.999999663,3.51E-14,5.32E-11,0.999042646,5.41E-16,0.000957354,0,0,0,0,0,0,1,1,1,1,0,6,0,0,0
50,4,7,6,0,1,1,5,0.214608337,0.157583871,0.446984448,0.180823343,0.223739133,0.339030998,0.375462168,0.061767701,NaN,NaN,NaN,NaN,NaN,NaN,NaN,NaN,NaN,NaN,NaN,NaN,NaN,NaN,NaN,NaN,NaN,NaN,50,4,1,2,3,4,5,5,5,5,5,6,7,8,5,5,5,5,5,5,0,0,5,5,0,0,NaN,NaN,NaN,,,1,3,4,3,2,4,3,2,1,3,3,6,5,8,7,6,7,7,6,5,7,6,4,3,0.019469538,0.01947,0.019672,0.019672,0.021729,0.021728649,0.022186591,0.022186591,4,3,0.052765,0.207538,0.207538,0.207538,0.052802,0.213353,0.213353,0.213353,7,0.352414263,0.602932721,0.549512439,0.549469789,0.243305442,0.999999748,0.523621949,3.97E-08,0.002451937,2.14E-05,2.57E-07,0.999978365,4,1,1,1,0,0,0,0,0,6,0.339525552,0.655447423,0.626570518,0.632420779,0.276762188,0.999999752,0.525028086,3.97E-08,0.002426393,2.14E-05,2.69E-07,0.999978332,2,1,2,0,0,1,0,0,0,8,0,7,0,0,0
50,5,10,12,1,1,1,3,0.329029094,0.281579445,0.234129795,0.155261666,0.143479884,0.262238715,0.348888323,0.245393079,NaN,NaN,NaN,NaN,NaN,NaN,NaN,NaN,NaN,NaN,NaN,NaN,NaN,NaN,NaN,NaN,NaN,NaN,50,5,1,2,3,4,5,5,5,1,5,6,7,8,5,5,5,5,1,5,1,4,5,5,0,0,2390,12334,15832,Scuola secondaria di 1Âº grado (Licenza media),Scuola primaria (Licenza elementare),2,1,1,2,2,3,1,4,1,2,3,6,5,5,6,8,8,7,8,7,6,7,6,5,0.264142056,0.264142,0.264142,0.264142,0.269542,0.269541779,0.269541779,0.269541779,5,3,0.264142,0.264142,0.264142,0.264142,0.269542,0.269542,0.269542,0.269542,10,0.285734666,0.698859427,0.409632161,0.361751508,0.325823044,1,0.999996056,1.93E-11,1.76E-07,0.522933204,9.94E-11,0.477066796,3,2,3,2,1,1,1,1,0,12,0.226972602,0.345478887,0.253871037,0.301939499,0.201733952,1,0.99999609,1.93E-11,1.74E-07,0.523036771,9.99E-11,0.476963229,6,3,1,3,0,0,0,1,0,4,0,6,0,0,0
50,6,7,7,1,1,1,1,0.315070819,0.351736669,0.262722264,0.070470247,0.44246711,0.126772143,0.306591087,0.124169659,NaN,NaN,NaN,NaN,NaN,NaN,NaN,NaN,NaN,NaN,NaN,NaN,NaN,NaN,NaN,NaN,NaN,NaN,50,6,1,2,3,4,5,3,5,4,5,6,7,8,4,5,4,4,3,5,0.215686275,2,4,5,0.058823529,1,NaN,NaN,NaN,,,1,3,1,2,2,4,3,1,1,2,2,6,5,5,7,8,8,5,5,5,7,7,3,3,0.021014721,0.06231,0.110585,0.110585,0.022436,0.067072428,0.119836818,0.119836818,4,3,0.017557,0.110585,0.110585,0.110585,0.018293,0.119837,0.119837,0.119837,7,0.299084028,0.54637495,0.523826543,0.522906606,0.257496895,1,0.999863323,6.49E-12,6.75E-08,0.522933204,3.75E-11,0.477066796,2,1,2,0,0,1,0,0,0,7,0.437835946,0.686044853,0.67045002,0.63846833,0.270916614,1,0.999864371,6.50E-12,6.69E-08,0.523036771,3.56E-11,0.476963229,3,2,2,1,0,3,0,0,1,7,3,9,3,0,0
50,7,3,3,1,1,1,4,0.632696695,0.365826623,0.00090283,0.000573852,0.632956231,0.36556655,0.000903195,0.000574023,NaN,NaN,NaN,NaN,NaN,NaN,NaN,NaN,NaN,NaN,NaN,NaN,NaN,NaN,NaN,NaN,NaN,NaN,50,7,1,2,3,4,5,5,3,3,5,6,7,8,5,5,2,3,3,5,0.333333333,2,2,5,0.6,3,2383,12663,13302,"Scuola secondaria di 2Âº grado (diploma di istruzione liceale, diploma di istruzione tecnica, diploma di istruzione professionale)",Scuola primaria (Licenza elementare),1,1,1,2,2,3,1,1,1,2,2,5,5,5,6,6,7,5,6,5,6,5,1,1,0.002904536,0.003386,0.003071,0.003098,0.003666,0.004387326,0.004079551,0.00411772,1,1,0.002905,0.003386,0.003071,0.003098,0.003666,0.004387,0.00408,0.004118,3,0.895000839,0.797839038,0.796160162,0.795154231,0.545405212,1,0.999999479,1.16E-14,6.72E-11,0.996071006,8.34E-16,0.003928994,0,1,2,0,1,3,1,1,1,3,0.892922976,0.796668134,0.794938728,0.794938184,0.498228803,1,0.999999484,1.16E-14,6.65E-11,0.996071498,8.24E-16,0.003928502,1,0,1,1,0,1,1,1,0,2,0,3,1,0,0
50,9,6,8,0,1,1,6,0.464873689,0.133428537,0.149099277,0.252598497,0.1284296,0.195265409,0.457133418,0.219171573,NaN,NaN,NaN,NaN,NaN,NaN,NaN,NaN,NaN,NaN,NaN,NaN,NaN,NaN,NaN,NaN,NaN,NaN,50,9,1,2,3,4,4,4,4,4,5,6,7,8,4,4,4,4,4,4,0,0,4,4,0,0,NaN,NaN,NaN,,,2,1,1,3,4,4,1,4,1,3,1,6,5,8,7,6,7,7,6,7,8,7,3,2,0.021014721,0.06231,0.110585,0.110585,0.022436,0.067072428,0.119836818,0.119836818,3,3,0.021015,0.06231,0.110585,0.110585,0.022436,0.067072,0.119837,0.119837,6,0.410483408,0.627168264,0.587760453,0.587639664,0.259373822,0.999999492,0.865719359,3.57E-07,0.001610344,0.000429596,2.61E-06,0.999567779,3,1,1,1,0,0,0,0,0,8,0.62645556,0.756864501,0.745541975,0.753802187,0.371630394,0.999999494,0.86646462,3.58E-07,0.001601099,0.000429926,2.50E-06,0.999567555,4,1,1,1,0,0,0,0,0,7,0,6,0,0,0
50,11,10,9,0,1,1,3,0.175889853,0.129805744,0.336240707,0.358063695,0.086426069,0.358824644,0.329097443,0.225651844,NaN,NaN,NaN,NaN,NaN,NaN,NaN,NaN,NaN,NaN,NaN,NaN,NaN,NaN,NaN,NaN,NaN,NaN,50,11,1,2,3,4,4,3,1,4,5,6,7,8,3,4,5,3,1,4,0.666666667,3,3,5,0.244444444,2,2243,17532,19001,Scuola secondaria di 1Âº grado (Licenza media),Scuola secondaria di 1Âº grado (Licenza media),2,1,1,2,4,4,3,4,3,3,4,6,5,8,7,8,7,6,6,8,6,7,5,4,0.104602065,0.104602,0.104602,0.104602,0.114425,0.114424833,0.114424833,0.114424833,5,4,0.052765,0.207538,0.207538,0.207538,0.052802,0.213353,0.213353,0.213353,10,0.246020101,0.609922731,0.557599169,0.559477851,0.264658097,0.999509461,0.147373099,0.000488042,0.681974702,2.97E-06,0.001944212,0.998052676,7,1,2,3,0,3,0,1,1,9,0.237060762,0.416077088,0.396977585,0.437535091,0.208216126,0.999509256,0.148489351,0.000488304,0.680500697,2.98E-06,0.001965693,0.998031179,5,1,3,2,0,3,0,0,1,8,3,2,0,0,0
50,12,0,6,1,1,1,4,0.071606739,0.915659907,0.002706842,0.010026511,0.093296603,0.437280804,0.147179118,0.322243475,NaN,NaN,NaN,NaN,NaN,NaN,NaN,NaN,NaN,NaN,NaN,NaN,NaN,NaN,NaN,NaN,NaN,NaN,50,12,1,2,3,4,4,4,5,4,5,6,7,8,3,3,3,3,4,5,0.058823529,1,3,3,0,0,2207,12398,12721,"Scuola secondaria di 2Âº grado (diploma di istruzione liceale, diploma di istruzione tecnica, diploma di istruzione professionale)","Scuola secondaria di 2Âº grado (diploma di istruzione liceale, diploma di istruzione tecnica, diploma di istruzione professionale)",2,1,1,2,2,4,2,2,1,2,2,6,7,5,6,8,8,6,8,7,6,6,4,3,0.019315757,0.020129,0.020129,0.051007,0.020958,0.022410321,0.022410321,0.055774414,0,0,0.000306,0.000351,0.000308,0.000275,0.000352,0.000455,0.00041,0.000367,0,0.898465058,0.799027736,0.798302045,0.79063163,0.499681915,1,0.999994396,1.95E-12,8.89E-10,0.997438886,5.27E-14,0.002561114,0,0,0,0,0,0,1,1,1,6,0.307806423,0.587978971,0.541479467,0.556307347,0.289990174,1,0.999994434,1.95E-12,8.79E-10,0.997439193,5.43E-14,0.002560807,3,1,1,1,0,0,0,0,0,9,3,9,0,0,0
50,13,11,0,1,1,1,1,0.285036188,0.250033634,0.139168274,0.325761904,0.071606739,0.915659907,0.010026511,0.002706842,NaN,NaN,NaN,NaN,NaN,NaN,NaN,NaN,NaN,NaN,NaN,NaN,NaN,NaN,NaN,NaN,NaN,NaN,50,13,1,2,3,4,3,5,2,3,5,6,7,8,4,5,5,4,2,5,0.487179487,3,4,5,0.074074074,1,2319,12397,13789,Scuola secondaria di 1Âº grado (Licenza media),Scuola primaria (Licenza elementare),2,1,1,3,2,3,2,4,4,4,1,6,5,5,6,6,7,6,6,5,6,6,0,0,0.000306152,0.000351,0.000308,0.000275,0.000352,0.000455359,0.000410313,0.000367235,6,5,0.264142,0.264142,0.264142,0.264142,0.269542,0.269542,0.269542,0.269542,11,0.219312058,0.422591261,0.247612682,0.247394363,0.230624305,0.999999621,0.994493282,3.68E-07,0.00419656,0.001102578,2.73E-06,0.998894679,7,1,3,3,0,3,0,1,1,0,0.898268869,0.798118492,0.797944825,0.797978569,0.485760921,0.999999621,0.994536735,3.69E-07,0.004163847,0.0011034,2.65E-06,0.998893932,0,0,0,0,0,0,1,1,1,3,1,4,1,0,0
50,14,10,10,1,1,1,1,0.177250271,0.331186144,0.299358277,0.192205307,0.302072794,0.280653796,0.276487537,0.140785873,NaN,NaN,NaN,NaN,NaN,NaN,NaN,NaN,NaN,NaN,NaN,NaN,NaN,NaN,NaN,NaN,NaN,NaN,50,14,1,2,3,4,5,5,5,5,5,6,7,8,5,5,5,5,5,5,0,0,5,5,0,0,2361,11587,13319,"Scuola secondaria di 2Âº grado (diploma di istruzione liceale, diploma di istruzione tecnica, diploma di istruzione professionale)","Scuola secondaria di 2Âº grado (diploma di istruzione liceale, diploma di istruzione tecnica, diploma di istruzione professionale)",2,3,1,3,2,4,2,1,4,2,3,6,5,8,7,8,7,5,6,5,6,7,6,5,0.264142056,0.264142,0.264142,0.264142,0.269542,0.269541779,0.269541779,0.269541779,6,4,0.064213,0.064213,0.207538,0.207538,0.066126,0.066126,0.213353,0.213353,10,0.239159717,0.307218081,0.251020575,0.249203481,0.211629126,0.999999992,0.991196766,4.33E-09,0.000208156,0.004717063,3.35E-08,0.995282903,4,1,3,2,0,1,0,0,0,10,0.220704841,0.282850749,0.257741687,0.296133181,0.20089305,0.999999992,0.991260229,4.34E-09,0.000206152,0.004720372,3.10E-08,0.995279597,5,1,3,2,0,2,0,0,0,9,0,8,0,0,0
50,16,2,6,1,1,1,3,0.110330007,0.710982107,0.068357878,0.110330007,0.43601932,0.175420683,0.301654629,0.086905368,NaN,NaN,NaN,NaN,NaN,NaN,NaN,NaN,NaN,NaN,NaN,NaN,NaN,NaN,NaN,NaN,NaN,NaN,50,16,1,2,3,4,5,5,5,5,5,6,7,8,5,5,5,5,5,5,0,0,5,5,0,0,NaN,NaN,NaN,,,2,1,1,2,2,3,2,2,4,2,2,5,5,5,7,6,8,7,6,5,7,5,3,3,0.021014721,0.06231,0.110585,0.110585,0.022436,0.067072428,0.119836818,0.119836818,2,1,0.002016,0.002034,0.00187,0.001831,0.002227,0.00232,0.002152,0.002088,2,0.867282667,0.793510321,0.774683025,0.762433097,0.490428697,1,0.999996191,4.75E-12,8.57E-09,0.976699397,1.19E-12,0.023300603,2,0,0,1,0,0,1,1,1,6,0.414206072,0.666473663,0.602990553,0.598394592,0.303852278,1,0.99999622,4.75E-12,8.46E-09,0.976705085,1.30E-12,0.023294915,3,0,2,2,0,1,0,0,0,8,0,6,0,0,0
50,17,0,1,0,1,1,3,0.010026511,0.071606739,0.002706842,0.915659907,0.05739948,0.132330037,0.723287369,0.086983114,NaN,NaN,NaN,NaN,NaN,NaN,NaN,NaN,NaN,NaN,NaN,NaN,NaN,NaN,NaN,NaN,NaN,NaN,50,17,1,2,3,4,1,1,3,5,5,6,7,8,1,5,4,3,1,5,1.466666667,4,1,5,0.897435897,4,2274,11023,12031,"Scuola secondaria di 2Âº grado (diploma di istruzione liceale, diploma di istruzione tecnica, diploma di istruzione professionale)",Laurea specialistica,2,1,4,2,4,4,2,4,4,4,4,6,7,5,7,8,7,7,6,7,7,7,1,1,0.000693828,0.00159,0.001395,0.001327,0.000752,0.001852859,0.001653838,0.001554939,0,0,0.000306,0.000351,0.000308,0.000275,0.000352,0.000455,0.00041,0.000367,0,0.898945751,0.799546248,0.79870335,0.798719681,0.487580712,0.008882612,3.65E-05,0.989561513,0.995986828,1.16E-09,0.995271699,0.004656729,0,0,0,0,0,0,1,1,1,1,0.890747397,0.797999776,0.794185974,0.794246728,0.45590244,0.008881712,3.67E-05,0.989621305,0.9959832,1.16E-09,0.99525624,0.004666376,1,0,0,0,0,0,0,0,1,5,2,4,2,0,1
50,18,0,8,1,1,1,4,0.071606739,0.915659907,0.002706842,0.010026511,0.124660272,0.282615866,0.158113611,0.434610251,NaN,NaN,NaN,NaN,NaN,NaN,NaN,NaN,NaN,NaN,NaN,NaN,NaN,NaN,NaN,NaN,NaN,NaN,50,18,1,2,3,4,5,5,5,1,5,6,7,8,5,5,1,5,1,5,1,4,1,5,1,4,2919,11922,16584,Scuola secondaria di 1Âº grado (Licenza media),Scuola secondaria di 1Âº grado (Licenza media),2,1,1,2,2,4,2,2,1,2,2,6,7,8,6,8,7,5,8,8,8,6,4,3,0.064212664,0.064213,0.207538,0.207538,0.066126,0.066125904,0.213352685,0.213352685,0,0,0.000306,0.000351,0.000308,0.000275,0.000352,0.000455,0.00041,0.000367,0,0.898465058,0.799027736,0.798302045,0.79063163,0.499681915,1,0.999994396,1.95E-12,8.89E-10,0.997438886,5.27E-14,0.002561114,0,0,0,0,0,0,1,1,1,8,0.255462151,0.515083386,0.435998038,0.468643946,0.268616518,1,0.999994434,1.95E-12,8.79E-10,0.997439193,5.43E-14,0.002560807,4,1,3,2,0,3,0,1,1,5,1,4,0,0,0
50,20,3,1,0,1,1,0,0.000573852,0.365826623,0.632696695,0.00090283,0.101048593,0.101531796,0.796442413,0.000977198,NaN,NaN,NaN,NaN,NaN,NaN,NaN,NaN,NaN,NaN,NaN,NaN,NaN,NaN,NaN,NaN,NaN,NaN,50,20,1,2,3,4,2,5,1,1,5,6,7,8,5,3,5,1,1,5,1.592592593,4,1,5,1.047619048,4,2283,12598,11690,"Scuola secondaria di 2Âº grado (diploma di istruzione liceale, diploma di istruzione tecnica, diploma di istruzione professionale)",Scuola secondaria di 1Âº grado (Licenza media),2,3,4,3,2,3,3,2,3,3,2,5,7,5,7,6,7,7,6,7,7,7,1,1,0.000957953,0.000969,0.00086,0.00081,0.001126,0.001204491,0.001092811,0.001025973,1,1,0.002905,0.003386,0.003071,0.003098,0.003666,0.004387,0.00408,0.004118,3,0.841852872,0.782445308,0.753424026,0.753413471,0.491645426,0.999999991,0.889796929,5.15E-10,6.99E-05,0.000147078,4.38E-09,0.999852917,0,1,2,0,1,3,1,1,1,1,0.887235138,0.798260916,0.795142485,0.786973112,0.488637934,0.999999991,0.890405406,5.15E-10,6.89E-05,0.000147216,4.95E-09,0.999852779,1,0,0,1,0,0,1,1,1,7,3,2,0,0,0
50,21,6,1,1,1,1,2,0.221052531,0.34625738,0.43237148,0.000318609,0.101048593,0.101531796,0.000977198,0.796442413,NaN,NaN,NaN,NaN,NaN,NaN,NaN,NaN,NaN,NaN,NaN,NaN,NaN,NaN,NaN,NaN,NaN,NaN,50,21,1,2,3,4,1,1,5,1,5,6,7,8,1,5,1,1,1,5,2,4,1,5,2,4,2160,15780,18027,Scuola secondaria di 1Âº grado (Licenza media),Scuola secondaria di 1Âº grado (Licenza media),1,3,1,3,2,3,2,1,3,2,3,5,5,8,6,8,8,6,8,8,8,8,1,1,0.000957953,0.000969,0.00086,0.00081,0.001126,0.001204491,0.001092811,0.001025973,3,2,0.009316,0.010101,0.009699,0.011409,0.011178,0.012377,0.012055,0.014129,6,0.441946088,0.648624334,0.629815783,0.627547169,0.393059053,1,0.999638008,1.09E-12,6.70E-07,0.02078787,1.41E-11,0.97921213,3,0,2,2,0,1,1,1,0,1,0.890924449,0.790984291,0.78744529,0.791529562,0.452142934,1,0.99964125,1.09E-12,6.61E-07,0.020801242,1.32E-11,0.979198758,1,0,0,1,0,0,1,1,1,3,0,6,1,0,1
51,1,10,6,0,1,1,0,0.227039808,0.152337551,0.271772426,0.348850215,0.000350676,0.442290829,0.412316996,0.1450415,NaN,NaN,NaN,NaN,NaN,NaN,NaN,NaN,NaN,NaN,NaN,NaN,NaN,NaN,NaN,NaN,NaN,NaN,51,1,1,2,3,4,1,5,4,5,5,6,7,8,5,5,5,5,1,5,0.955555556,4,5,5,0,0,2146,11494,12738,Scuola secondaria di 1Âº grado (Licenza media),"Scuola secondaria di 2Âº grado (diploma di istruzione liceale, diploma di istruzione tecnica, diploma di istruzione professionale)",1,1,4,2,2,4,3,1,4,4,3,6,7,8,7,6,7,6,6,8,6,7,3,3,0.009315631,0.010101,0.009699,0.011409,0.011178,0.012376918,0.012055149,0.014129339,5,4,0.264142,0.264142,0.264142,0.264142,0.269542,0.269542,0.269542,0.269542,10,0.24839579,0.596571973,0.452092082,0.452109894,0.224336491,0.999958812,0.512881281,3.98E-05,0.256541453,2.77E-05,0.00017846,0.99979308,4,3,2,2,0,1,0,1,0,6,0.604872419,0.740360716,0.7082435,0.71544735,0.413999871,0.999958808,0.514605439,3.98E-05,0.255221998,2.77E-05,0.000165089,0.9998064,3,0,3,3,0,3,1,1,1,5,2,7,0,0,0
51,2,11,7,1,1,1,2,0.273208677,0.295870347,0.234709884,0.196211092,0.171556131,0.216126887,0.352543364,0.259773618,NaN,NaN,NaN,NaN,NaN,NaN,NaN,NaN,NaN,NaN,NaN,NaN,NaN,NaN,NaN,NaN,NaN,NaN,51,2,1,2,3,4,4,4,4,4,5,6,7,8,5,5,5,5,4,4,0,0,5,5,0,0,3012,14449,14083,"Scuola secondaria di 2Âº grado (diploma di istruzione liceale, diploma di istruzione tecnica, diploma di istruzione professionale)","Scuola secondaria di 2Âº grado (diploma di istruzione liceale, diploma di istruzione tecnica, diploma di istruzione professionale)",2,3,1,2,2,3,2,1,1,3,4,5,7,8,7,6,8,7,5,8,6,7,5,4,0.008431472,0.072006,0.186683,0.186683,0.008098,0.07436182,0.19265144,0.19265144,6,4,1,1,1,1,1,1,1,1,11,0.24855539,0.592952693,0.316246438,0.247788937,0.259005834,1,0.999927726,6.90E-11,2.45E-06,0.105528523,8.04E-10,0.894471476,3,3,3,3,1,1,1,1,0,7,0.259549972,0.424912585,0.368507323,0.410209108,0.203176966,1,0.999928348,6.92E-11,2.42E-06,0.105579968,8.16E-10,0.894420032,2,1,2,0,0,0,0,0,0,7,0,9,0,0,0
51,3,10,10,1,1,1,4,0.286298431,0.139839725,0.251930918,0.321930925,0.19227244,0.438363243,0.246172834,0.123191483,NaN,NaN,NaN,NaN,NaN,NaN,NaN,NaN,NaN,NaN,NaN,NaN,NaN,NaN,NaN,NaN,NaN,NaN,51,3,1,2,3,4,5,5,3,4,5,6,7,8,5,3,5,4,3,5,0.215686275,2,3,5,0.215686275,2,2465,13395,13697,"Scuola secondaria di 2Âº grado (diploma di istruzione liceale, diploma di istruzione tecnica, diploma di istruzione professionale)",Scuola secondaria di 1Âº grado (Licenza media),1,1,1,2,2,4,3,1,3,4,4,6,7,5,6,6,7,6,5,8,7,6,4,3,0.064212664,0.064213,0.207538,0.207538,0.066126,0.066125904,0.213352685,0.213352685,6,4,0.264142,0.264142,0.264142,0.264142,0.269542,0.269542,0.269542,0.269542,10,0.218572221,0.380395314,0.294622749,0.296407104,0.225023747,0.999999706,0.987945133,2.89E-07,0.006632825,0.000688286,1.80E-06,0.999309909,5,2,2,3,1,1,1,1,0,10,0.27032644,0.57191533,0.462253863,0.471649663,0.263343444,0.999999706,0.988054999,2.90E-07,0.006562605,0.000688807,1.64E-06,0.999309555,4,0,2,3,0,0,1,1,0,6,1,7,3,0,0
51,4,12,10,1,1,1,3,0.251350733,0.190427197,0.238291212,0.319930857,0.329180547,0.138408,0.297781242,0.234630211,NaN,NaN,NaN,NaN,NaN,NaN,NaN,NaN,NaN,NaN,NaN,NaN,NaN,NaN,NaN,NaN,NaN,NaN,51,4,1,2,3,4,5,5,5,5,5,6,7,8,5,5,5,5,5,5,0,0,5,5,0,0,2371,13464,14473,Laurea specialistica,Laurea triennale,2,3,1,2,2,3,3,4,4,4,1,6,5,8,7,6,7,7,5,8,7,5,5,4,0.052765352,0.207538,0.207538,0.207538,0.052802,0.213352685,0.213352685,0.213352685,7,5,1,1,1,1,1,1,1,1,12,0.216899839,0.518434619,0.231421215,0.231518787,0.215073578,0.999998882,0.969085269,1.09E-06,0.027555545,0.000118788,7.90E-06,0.999873263,7,2,3,4,1,3,1,1,1,10,0.235758831,0.392874112,0.309328512,0.306867579,0.210431675,0.999998881,0.969333931,1.09E-06,0.027333541,0.000118892,7.69E-06,0.999873368,4,2,2,1,0,1,0,0,0,8,0,6,0,0,0
51,5,10,12,1,1,1,1,0.259918208,0.323742684,0.232456535,0.183882574,0.282281003,0.237296235,0.244500137,0.235922624,NaN,NaN,NaN,NaN,NaN,NaN,NaN,NaN,NaN,NaN,NaN,NaN,NaN,NaN,NaN,NaN,NaN,NaN,51,5,1,2,3,4,4,4,4,4,5,6,7,8,4,4,4,4,4,4,0,0,4,4,0,0,NaN,NaN,NaN,,,1,1,4,2,2,3,2,1,4,2,3,6,5,5,6,8,8,7,8,7,6,5,7,5,1,1,1,1,1,1,1,1,6,4,0.264142,0.264142,0.264142,0.264142,0.269542,0.269542,0.269542,0.269542,10,0.24092682,0.406899357,0.29172568,0.283517917,0.215405773,0.999999997,0.999009678,1.54E-09,2.34E-05,0.042176851,1.24E-08,0.957823136,3,2,3,1,0,1,0,0,0,12,0.214107535,0.368223868,0.211535654,0.213253697,0.20075747,0.999999997,0.999015847,1.54E-09,2.32E-05,0.042200072,1.21E-08,0.957799916,6,1,3,3,0,1,0,1,0,9,0,6,0,0,0
51,6,11,8,1,1,1,5,0.232127719,0.209269801,0.322087025,0.236515455,0.170896254,0.243043799,0.363330528,0.222729419,NaN,NaN,NaN,NaN,NaN,NaN,NaN,NaN,NaN,NaN,NaN,NaN,NaN,NaN,NaN,NaN,NaN,NaN,51,6,1,2,3,4,5,4,4,5,5,6,7,8,5,4,4,5,4,5,0.074074074,1,4,5,0.074074074,1,2456,11367,12887,Laurea triennale,"Scuola secondaria di 2Âº grado (diploma di istruzione liceale, diploma di istruzione tecnica, diploma di istruzione professionale)",1,1,4,2,4,3,3,1,4,2,3,6,7,5,7,6,8,7,5,8,6,7,5,4,0.064212664,0.064213,0.207538,0.207538,0.066126,0.066125904,0.213352685,0.213352685,6,5,0.264142,0.264142,0.264142,0.264142,0.269542,0.269542,0.269542,0.269542,11,0.224369945,0.436194406,0.236085672,0.236028208,0.207531573,0.999998763,0.754759562,7.28E-07,0.014366824,7.41E-05,4.67E-06,0.999921179,5,2,2,2,0,0,0,0,0,8,0.268574979,0.564863837,0.353767125,0.377704242,0.209713899,0.999998771,0.755685774,7.29E-07,0.014271415,7.42E-05,4.50E-06,0.999921284,3,1,2,1,0,0,0,0,0,6,2,9,3,0,0
51,7,1,10,0,1,1,6,0.086983114,0.05739948,0.132330037,0.723287369,0.22873515,0.062914296,0.365316621,0.343033933,NaN,NaN,NaN,NaN,NaN,NaN,NaN,NaN,NaN,NaN,NaN,NaN,NaN,NaN,NaN,NaN,NaN,NaN,51,7,1,2,3,4,5,1,5,5,5,6,7,8,1,4,5,3,1,5,1,4,1,5,0.897435897,4,2411,12605,14126,Scuola secondaria di 1Âº grado (Licenza media),Scuola secondaria di 1Âº grado (Licenza media),2,1,4,3,4,4,3,4,4,4,4,6,7,8,7,8,8,5,5,8,7,7,5,4,0.104602065,0.104602,0.104602,0.104602,0.114425,0.114424833,0.114424833,0.114424833,1,1,0.000694,0.00159,0.001395,0.001327,0.000752,0.001853,0.001654,0.001555,1,0.897297078,0.799516901,0.79919221,0.799206694,0.419380516,0.0023184,8.65E-07,0.996117594,0.998415767,1.39E-12,0.99868462,0.001243564,1,0,0,0,0,0,0,0,1,10,0.237415913,0.519024354,0.32360069,0.361016989,0.226750672,0.002318478,8.69E-07,0.996176764,0.998413781,1.39E-12,0.998678188,0.001244162,5,1,2,3,1,1,1,1,0,5,1,5,2,0,0
51,8,6,6,1,1,1,2,0.412466228,0.442209507,0.144973582,0.000350683,0.306615663,0.512783073,0.180250562,0.000350702,NaN,NaN,NaN,NaN,NaN,NaN,NaN,NaN,NaN,NaN,NaN,NaN,NaN,NaN,NaN,NaN,NaN,NaN,51,8,1,2,3,4,5,4,4,3,5,6,7,8,5,4,3,5,3,5,0.166666667,2,3,5,0.215686275,2,2498,10414,11042,Laurea triennale,"Scuola secondaria di 2Âº grado (diploma di istruzione liceale, diploma di istruzione tecnica, diploma di istruzione professionale)",2,3,1,2,2,3,2,1,1,2,1,5,5,5,6,6,7,6,6,5,7,6,2,2,0.009315631,0.010101,0.009699,0.011409,0.011178,0.012376918,0.012055149,0.014129339,3,3,0.009316,0.010101,0.009699,0.011409,0.011178,0.012377,0.012055,0.014129,6,0.733898262,0.777377013,0.746613952,0.709981241,0.523182981,1,0.99999684,5.26E-14,9.78E-10,0.977642974,2.40E-14,0.022357026,2,2,1,2,1,1,1,1,0,6,0.78499447,0.765459144,0.758286918,0.758949857,0.439592288,1,0.999996868,5.28E-14,9.70E-10,0.977648303,2.18E-14,0.022351697,3,1,1,3,1,0,1,1,0,2,0,7,3,0,0
51,9,3,11,1,1,1,4,0.632861616,0.365661362,0.000903062,0.000573961,0.182345649,0.231150207,0.327061741,0.259442403,NaN,NaN,NaN,NaN,NaN,NaN,NaN,NaN,NaN,NaN,NaN,NaN,NaN,NaN,NaN,NaN,NaN,NaN,51,9,1,2,3,4,4,4,4,1,5,6,7,8,3,5,5,4,1,4,0.692307692,3,3,5,0.215686275,2,2454,10525,11933,Scuola secondaria di 1Âº grado (Licenza media),"Scuola secondaria di 2Âº grado (diploma di istruzione liceale, diploma di istruzione tecnica, diploma di istruzione professionale)",1,1,1,2,2,3,2,1,1,2,1,6,7,5,7,6,8,6,5,7,7,8,6,4,0.264142056,0.264142,0.264142,0.264142,0.269542,0.269541779,0.269541779,0.269541779,1,1,0.002905,0.003386,0.003071,0.003098,0.003666,0.004387,0.00408,0.004118,3,0.894731992,0.797640137,0.795972292,0.791969125,0.545299562,1,0.999999478,1.47E-14,1.62E-10,0.996071006,1.22E-15,0.003928994,1,0,1,1,0,1,1,1,0,11,0.23451325,0.481227527,0.248213959,0.29501354,0.206426719,1,0.999999482,1.47E-14,1.60E-10,0.996071498,1.11E-15,0.003928502,4,2,3,2,0,1,0,0,0,3,0,3,1,0,0
51,10,1,8,0,1,1,6,0.101048593,0.000977198,0.101531796,0.796442413,0.000301048,0.305231823,0.375945142,0.318521987,NaN,NaN,NaN,NaN,NaN,NaN,NaN,NaN,NaN,NaN,NaN,NaN,NaN,NaN,NaN,NaN,NaN,NaN,51,10,1,2,3,4,4,5,5,5,5,6,7,8,1,5,5,4,4,5,0.052631579,1,1,5,0.955555556,4,2412,14228,12614,"Scuola secondaria di 2Âº grado (diploma di istruzione liceale, diploma di istruzione tecnica, diploma di istruzione professionale)","Scuola secondaria di 2Âº grado (diploma di istruzione liceale, diploma di istruzione tecnica, diploma di istruzione professionale)",1,1,4,3,4,4,3,4,4,4,4,6,7,8,6,6,7,7,6,8,8,7,4,3,0.050472327,0.050472,0.050472,0.050472,0.061277,0.06127748,0.06127748,0.06127748,1,1,0.000958,0.000969,0.00086,0.00081,0.001126,0.001204,0.001093,0.001026,1,0.897329824,0.799491871,0.798115904,0.798127017,0.408850438,0.002880919,7.35E-07,0.995555957,0.998415897,1.07E-12,0.998395724,0.00153248,1,0,0,1,0,0,1,1,1,8,0.31641632,0.636840047,0.559166321,0.581736549,0.284361853,0.002881044,7.38E-07,0.995615047,0.998413912,1.07E-12,0.99838901,0.001533363,4,1,2,3,1,1,1,1,0,6,1,1,0,0,0
51,11,0,4,1,1,1,4,0.071606739,0.915659907,0.010026511,0.002706842,0.499502525,0.000745539,0.000497891,0.499254044,NaN,NaN,NaN,NaN,NaN,NaN,NaN,NaN,NaN,NaN,NaN,NaN,NaN,NaN,NaN,NaN,NaN,NaN,51,11,1,2,3,4,4,5,2,1,5,6,7,8,5,4,2,4,1,5,1.111111111,4,2,5,0.422222222,3,2379,15104,15941,"Scuola secondaria di 2Âº grado (diploma di istruzione liceale, diploma di istruzione tecnica, diploma di istruzione professionale)","Scuola secondaria di 2Âº grado (diploma di istruzione liceale, diploma di istruzione tecnica, diploma di istruzione professionale)",2,1,1,2,2,3,2,2,1,2,2,5,5,8,6,8,8,5,8,5,8,5,2,2,0.002904536,0.003386,0.003071,0.003098,0.003666,0.004387326,0.004079551,0.00411772,0,0,0.000306,0.000351,0.000308,0.000275,0.000352,0.000455,0.00041,0.000367,0,0.89920837,0.799527005,0.797852205,0.779980765,0.5011577,1,0.99999966,3.51E-14,5.39E-11,0.999042559,5.05E-16,0.000957441,0,0,0,0,0,0,1,1,1,4,0.820471446,0.775813573,0.739274213,0.735318852,0.501794616,1,0.999999663,3.51E-14,5.32E-11,0.999042646,5.41E-16,0.000957354,1,1,1,1,1,1,1,1,0,0,0,2,0,1,1
51,12,0,0,1,1,1,5,0.071606739,0.915659907,0.010026511,0.002706842,0.915659907,0.071606739,0.010026511,0.002706842,NaN,NaN,NaN,NaN,NaN,NaN,NaN,NaN,NaN,NaN,NaN,NaN,NaN,NaN,NaN,NaN,NaN,NaN,51,12,1,2,3,4,5,5,4,3,5,6,7,8,4,5,4,3,3,5,0.215686275,2,3,5,0.166666667,2,2490,14381,13820,Scuola secondaria di 1Âº grado (Licenza media),Scuola secondaria di 1Âº grado (Licenza media),2,1,1,2,2,3,2,2,1,2,2,5,5,5,6,6,7,5,5,5,6,5,0,0,0.000306152,0.000351,0.000308,0.000275,0.000352,0.000455359,0.000410313,0.000367235,0,0,0.000306,0.000351,0.000308,0.000275,0.000352,0.000455,0.00041,0.000367,0,0.89920837,0.799527005,0.797852205,0.779980765,0.5011577,1,0.99999966,3.51E-14,5.39E-11,0.999042559,5.05E-16,0.000957441,0,0,0,0,0,0,1,1,1,0,0.899296996,0.799380705,0.798929519,0.798925727,0.497488442,1,0.999999663,3.51E-14,5.32E-11,0.999042646,5.41E-16,0.000957354,0,0,0,0,0,0,1,1,1,1,0,3,1,0,0
51,13,6,5,1,1,1,1,0.045822947,0.529090228,0.125492233,0.299594592,0.201706528,0.527005439,0.270916774,0.000371259,NaN,NaN,NaN,NaN,NaN,NaN,NaN,NaN,NaN,NaN,NaN,NaN,NaN,NaN,NaN,NaN,NaN,NaN,51,13,1,2,3,4,5,5,3,4,5,6,7,8,4,4,5,5,3,5,0.215686275,2,4,5,0.074074074,1,2426,13004,13492,"Scuola secondaria di 2Âº grado (diploma di istruzione liceale, diploma di istruzione tecnica, diploma di istruzione professionale)",Scuola secondaria di 1Âº grado (Licenza media),2,1,4,2,2,4,2,2,3,4,2,6,5,5,6,6,7,6,6,5,6,7,2,1,0.009315631,0.010101,0.009699,0.011409,0.011178,0.012376918,0.012055149,0.014129339,3,2,0.01947,0.01947,0.019672,0.019672,0.021729,0.021729,0.022187,0.022187,6,0.510439299,0.725991361,0.706193179,0.704675646,0.434768206,0.999999687,0.969670996,1.48E-07,9.33E-05,0.040500534,7.02E-07,0.959498757,3,0,1,2,0,0,1,1,0,5,0.786329598,0.766852207,0.762406824,0.763742019,0.427685749,0.99999969,0.969801624,1.48E-07,9.23E-05,0.04052311,7.16E-07,0.959476167,0,2,3,0,1,3,1,1,1,4,1,10,4,0,0
51,15,11,12,1,1,1,4,0.292371749,0.139569802,0.343387029,0.22467142,0.32890209,0.295442628,0.172193745,0.203461537,NaN,NaN,NaN,NaN,NaN,NaN,NaN,NaN,NaN,NaN,NaN,NaN,NaN,NaN,NaN,NaN,NaN,NaN,51,15,1,2,3,4,3,4,2,1,5,6,7,8,5,5,5,4,1,4,0.666666667,3,4,5,0.052631579,1,NaN,NaN,NaN,,,1,1,1,2,2,3,1,4,3,4,3,6,5,8,6,6,7,6,5,8,7,5,6,4,0.064212664,0.064213,0.207538,0.207538,0.066126,0.066125904,0.213352685,0.213352685,6,4,0.264142,0.264142,0.264142,0.264142,0.269542,0.269542,0.269542,0.269542,11,0.226573881,0.426871146,0.240389599,0.240021788,0.214955909,0.999999991,0.999367793,8.55E-09,0.000300822,0.001841969,6.07E-08,0.99815797,5,2,2,3,1,1,1,1,0,12,0.212741651,0.316641562,0.278500079,0.279642323,0.203905706,0.999999991,0.999374274,8.56E-09,0.000297187,0.001843308,5.92E-08,0.998156632,4,2,2,2,1,0,0,0,0,8,3,4,0,0,0
51,16,0,2,0,1,1,1,0.002706842,0.010026511,0.071606739,0.915659907,0.110330007,0.110330007,0.710982107,0.068357878,NaN,NaN,NaN,NaN,NaN,NaN,NaN,NaN,NaN,NaN,NaN,NaN,NaN,NaN,NaN,NaN,NaN,NaN,51,16,1,2,3,4,5,5,5,5,5,6,7,8,5,5,5,5,5,5,0,0,5,5,0,0,2510,11354,11338,"Scuola secondaria di 2Âº grado (diploma di istruzione liceale, diploma di istruzione tecnica, diploma di istruzione professionale)",Scuola secondaria di 1Âº grado (Licenza media),2,3,4,3,4,4,3,4,4,4,4,6,7,8,7,6,7,7,5,7,7,7,2,1,0.002016214,0.002034,0.00187,0.001831,0.002227,0.002320115,0.002151938,0.002087662,0,0,0.000306,0.000351,0.000308,0.000275,0.000352,0.000455,0.00041,0.000367,0,0.899657266,0.799910991,0.799788756,0.799791181,0.489622761,0.000805806,1.21E-07,0.997627817,0.998416509,5.35E-14,0.999484418,0.000443708,0,0,0,0,0,0,1,1,1,2,0.862225298,0.795364749,0.78807424,0.784135912,0.420113541,0.000805842,1.22E-07,0.997687119,0.998414528,5.35E-14,0.999478799,0.00044349,2,0,0,1,0,0,1,1,1,6,0,8,0,0,0
51,17,4,6,0,1,1,3,0.000497891,0.000745539,0.499254044,0.499502525,0.18377913,0.507388396,0.247981417,0.060851058,NaN,NaN,NaN,NaN,NaN,NaN,NaN,NaN,NaN,NaN,NaN,NaN,NaN,NaN,NaN,NaN,NaN,NaN,51,17,1,2,3,4,3,3,1,5,5,6,7,8,4,5,4,1,1,5,0.888888889,4,1,5,0.857142857,4,NaN,NaN,NaN,,,2,3,4,3,4,3,3,4,4,3,4,6,5,8,6,6,7,7,6,5,6,6,3,2,0.019469538,0.01947,0.019672,0.019672,0.021729,0.021728649,0.022186591,0.022186591,2,2,0.002905,0.003386,0.003071,0.003098,0.003666,0.004387,0.00408,0.004118,4,0.884469295,0.79840484,0.797172453,0.797200467,0.498082335,0.720660747,4.41E-05,0.278858741,0.981113178,3.80E-10,0.561019511,0.438940145,1,1,1,1,1,1,1,1,0,6,0.489779742,0.700132594,0.692387105,0.695411204,0.320392007,0.720537479,4.44E-05,0.278999109,0.981059049,3.59E-10,0.585720025,0.414234434,3,0,1,1,0,0,0,0,0,6,2,1,0,0,1
51,18,0,5,1,1,1,1,0.010026511,0.915659907,0.071606739,0.002706842,0.545939743,0.130183762,0.323475872,0.000400623,NaN,NaN,NaN,NaN,NaN,NaN,NaN,NaN,NaN,NaN,NaN,NaN,NaN,NaN,NaN,NaN,NaN,NaN,51,18,1,2,3,4,5,5,5,1,5,6,7,8,5,5,5,5,1,5,1,4,5,5,0,0,2496,14094,13529,Scuola secondaria di 1Âº grado (Licenza media),Scuola secondaria di 1Âº grado (Licenza media),2,3,1,2,2,3,2,2,3,2,2,5,5,5,7,6,7,5,5,5,6,7,2,2,0.009315631,0.010101,0.009699,0.011409,0.011178,0.012376918,0.012055149,0.014129339,0,0,0.000306,0.000351,0.000308,0.000275,0.000352,0.000455,0.00041,0.000367,0,0.896118658,0.797352194,0.792687284,0.789337034,0.554502546,1,0.999984188,2.39E-13,2.73E-09,0.923592536,2.26E-13,0.076407464,0,0,0,0,0,0,1,1,1,5,0.768399813,0.771538319,0.749991268,0.749722172,0.506825285,1,0.999984313,2.39E-13,2.69E-09,0.923617229,2.40E-13,0.076382771,1,1,3,1,1,3,1,1,1,3,0,6,0,0,0
51,19,0,6,1,1,1,3,0.915659907,0.002706842,0.071606739,0.010026511,0.512721694,0.306699585,0.0003507,0.180228022,NaN,NaN,NaN,NaN,NaN,NaN,NaN,NaN,NaN,NaN,NaN,NaN,NaN,NaN,NaN,NaN,NaN,NaN,51,19,1,2,3,4,5,3,4,1,5,6,7,8,5,1,1,1,1,5,0.897435897,4,1,5,2,4,2389,17131,17848,Scuola secondaria di 1Âº grado (Licenza media),Scuola secondaria di 1Âº grado (Licenza media),1,1,1,3,4,3,1,1,1,3,1,5,5,5,6,6,8,6,5,8,6,5,2,2,0.009315631,0.010101,0.009699,0.011409,0.011178,0.012376918,0.012055149,0.014129339,0,0,0.000306,0.000351,0.000308,0.000275,0.000352,0.000455,0.00041,0.000367,0,0.895779069,0.795505632,0.794469113,0.794450278,0.512571545,1,0.996853001,1.57E-11,9.36E-07,0.017571953,2.48E-10,0.982428047,0,0,0,0,0,0,1,1,1,6,0.850696411,0.78726773,0.752755979,0.752778108,0.504632619,1,0.996878943,1.58E-11,9.27E-07,0.017582177,2.32E-10,0.982417822,2,0,2,2,0,1,1,1,0,2,1,3,0,0,1
52,5,1,2,0,1,2,4,0.000977198,0.101531796,0.101048593,0.796442413,0.068357878,0.110330007,0.710982107,0.110330007,NaN,NaN,NaN,NaN,NaN,NaN,NaN,NaN,NaN,NaN,NaN,NaN,NaN,NaN,NaN,NaN,NaN,NaN,52,5,1,2,3,4,2,2,2,2,5,6,7,8,1,2,4,3,2,2,0,0,1,4,0.666666667,3,2545,10323,11942,"Scuola secondaria di 2Âº grado (diploma di istruzione liceale, diploma di istruzione tecnica, diploma di istruzione professionale)",Scuola secondaria di 1Âº grado (Licenza media),2,3,4,3,4,4,2,4,4,4,4,6,7,5,7,6,7,7,8,7,7,7,2,1,0.002016214,0.002034,0.00187,0.001831,0.002227,0.002320115,0.002151938,0.002087662,1,1,0.000958,0.000969,0.00086,0.00081,0.001126,0.001204,0.001093,0.001026,1,0.897580007,0.799573308,0.79918085,0.799194864,0.439814324,0.001599792,7.67E-07,0.996832899,0.996022441,1.57E-12,0.999054772,0.000873385,1,0,0,1,0,0,1,1,1,2,0.870623002,0.79583074,0.769152963,0.769287175,0.452715286,0.001599754,7.70E-07,0.996892264,0.996018945,1.57E-12,0.999048575,0.000873747,2,0,0,1,0,0,1,1,1,7,0,2,0,0,1
52,6,0,0,0,1,2,1,0.010026511,0.002706842,0.071606739,0.915659907,0.002706842,0.010026511,0.915659907,0.071606739,NaN,NaN,NaN,NaN,NaN,NaN,NaN,NaN,NaN,NaN,NaN,NaN,NaN,NaN,NaN,NaN,NaN,NaN,52,6,1,2,3,4,3,1,4,5,5,6,7,8,2,2,5,4,1,5,0.897435897,4,2,5,0.692307692,3,2585,9936,10879,Scuola secondaria di 1Âº grado (Licenza media),Scuola secondaria di 1Âº grado (Licenza media),1,3,4,3,4,4,3,4,4,4,4,6,7,8,7,8,7,7,8,7,7,7,0,0,0.000306152,0.000351,0.000308,0.000275,0.000352,0.000455359,0.000410313,0.000367235,0,0,0.000306,0.000351,0.000308,0.000275,0.000352,0.000455,0.00041,0.000367,0,0.899577289,0.79989544,0.799435219,0.799437349,0.484898621,0.001001689,1.03E-07,0.997432241,0.998416528,4.11E-14,0.999381237,0.000546896,0,0,0,0,0,0,1,1,1,0,0.899259628,0.799366178,0.799054432,0.799247696,0.484790148,0.001001743,1.04E-07,0.997491513,0.998414546,4.12E-14,0.999375617,0.000546679,0,0,0,0,0,0,1,1,1,0,0,1,0,1,1
52,7,1,4,0,1,2,2,0.086983114,0.05739948,0.132330037,0.723287369,0.000418778,0.124168309,0.580034171,0.295378742,NaN,NaN,NaN,NaN,NaN,NaN,NaN,NaN,NaN,NaN,NaN,NaN,NaN,NaN,NaN,NaN,NaN,NaN,52,7,1,2,3,4,4,4,4,4,5,6,7,8,1,3,5,1,4,4,0,0,1,5,1.466666667,4,2614,11313,13253,"Scuola secondaria di 2Âº grado (diploma di istruzione liceale, diploma di istruzione tecnica, diploma di istruzione professionale)",Scuola secondaria di 1Âº grado (Licenza media),2,1,4,3,4,4,3,4,4,4,4,6,7,8,7,6,8,7,8,7,7,7,2,2,0.009315631,0.010101,0.009699,0.011409,0.011178,0.012376918,0.012055149,0.014129339,1,1,0.000694,0.00159,0.001395,0.001327,0.000752,0.001853,0.001654,0.001555,1,0.897297078,0.799516901,0.79919221,0.799206694,0.419380516,0.0023184,8.65E-07,0.996117594,0.998415767,1.39E-12,0.99868462,0.001243564,1,0,0,0,0,0,0,0,1,4,0.870688394,0.793357763,0.789140406,0.790882863,0.455234183,0.002318478,8.69E-07,0.996176764,0.998413781,1.39E-12,0.998678188,0.001244162,3,1,0,2,0,0,0,1,1,6,0,2,0,0,1
52,8,0,0,1,1,2,3,0.071606739,0.915659907,0.010026511,0.002706842,0.915659907,0.071606739,0.010026511,0.002706842,NaN,NaN,NaN,NaN,NaN,NaN,NaN,NaN,NaN,NaN,NaN,NaN,NaN,NaN,NaN,NaN,NaN,NaN,52,8,1,2,3,4,3,5,3,2,5,6,7,8,5,4,3,1,2,5,0.487179487,3,1,5,0.897435897,4,2558,14278,15119,"Scuola secondaria di 2Âº grado (diploma di istruzione liceale, diploma di istruzione tecnica, diploma di istruzione professionale)","Scuola secondaria di 2Âº grado (diploma di istruzione liceale, diploma di istruzione tecnica, diploma di istruzione professionale)",2,1,1,2,2,3,2,2,1,2,2,5,5,5,6,6,7,5,5,5,6,5,0,0,0.000306152,0.000351,0.000308,0.000275,0.000352,0.000455359,0.000410313,0.000367235,0,0,0.000306,0.000351,0.000308,0.000275,0.000352,0.000455,0.00041,0.000367,0,0.89920837,0.799527005,0.797852205,0.779980765,0.5011577,1,0.99999966,3.51E-14,5.39E-11,0.999042559,5.05E-16,0.000957441,0,0,0,0,0,0,1,1,1,0,0.899296996,0.799380705,0.798929519,0.798925727,0.497488442,1,0.999999663,3.51E-14,5.32E-11,0.999042646,5.41E-16,0.000957354,0,0,0,0,0,0,1,1,1,1,0,0,0,1,1
52,9,0,0,0,1,2,2,0.002706842,0.010026511,0.915659907,0.071606739,0.010026511,0.915659907,0.002706842,0.071606739,NaN,NaN,NaN,NaN,NaN,NaN,NaN,NaN,NaN,NaN,NaN,NaN,NaN,NaN,NaN,NaN,NaN,NaN,52,9,1,2,3,4,5,5,5,5,5,6,7,8,5,5,5,5,5,5,0,0,5,5,0,0,2554,11226,NaN,Scuola secondaria di 1Âº grado (Licenza media),"Scuola secondaria di 2Âº grado (diploma di istruzione liceale, diploma di istruzione tecnica, diploma di istruzione professionale)",2,3,4,3,4,3,3,4,3,3,3,6,5,8,6,6,8,6,6,8,6,6,0,0,0.000306152,0.000351,0.000308,0.000275,0.000352,0.000455359,0.000410313,0.000367235,0,0,0.000306,0.000351,0.000308,0.000275,0.000352,0.000455,0.00041,0.000367,0,0.898812731,0.799137247,0.798473225,0.798473267,0.499551811,0.999868576,0.004868986,0.000117831,0.216711024,6.20E-09,0.000545166,0.999452392,0,0,0,0,0,0,1,1,1,0,0.896326696,0.796122316,0.794633182,0.794786872,0.470434742,0.999868751,0.00489858,0.000117922,0.215742596,6.21E-09,0.000567576,0.99942959,0,0,0,0,0,0,1,1,1,6,0,6,0,0,0
52,10,5,3,1,1,2,4,0.13005268,0.323484475,0.546062142,0.000400703,0.365826623,0.632696695,0.00090283,0.000573852,NaN,NaN,NaN,NaN,NaN,NaN,NaN,NaN,NaN,NaN,NaN,NaN,NaN,NaN,NaN,NaN,NaN,NaN,52,10,1,2,3,4,2,5,1,3,5,6,7,8,3,5,2,3,1,5,1.060606061,4,2,5,0.487179487,3,2639,10939,13930,"Scuola secondaria di 2Âº grado (diploma di istruzione liceale, diploma di istruzione tecnica, diploma di istruzione professionale)",Scuola secondaria di 1Âº grado (Licenza media),1,3,1,3,2,3,2,2,3,3,3,6,5,5,6,6,7,6,6,5,6,5,1,1,0.002904536,0.003386,0.003071,0.003098,0.003666,0.004387326,0.004079551,0.00411772,2,2,0.009316,0.010101,0.009699,0.011409,0.011178,0.012377,0.012055,0.014129,5,0.705693523,0.737275275,0.727280202,0.726262313,0.469452155,1,0.998045176,6.16E-12,4.27E-06,0.002279703,6.74E-11,0.997720296,3,0,1,2,0,1,1,1,0,3,0.886777603,0.793204008,0.792402386,0.792408696,0.493321863,1,0.998062287,6.16E-12,4.20E-06,0.002281493,7.13E-11,0.997718507,0,1,2,0,1,3,1,1,1,8,4,3,1,0,1
52,11,12,11,1,1,2,5,0.328943863,0.192574191,0.248822937,0.22965901,0.233235148,0.365111031,0.151963892,0.249689929,NaN,NaN,NaN,NaN,NaN,NaN,NaN,NaN,NaN,NaN,NaN,NaN,NaN,NaN,NaN,NaN,NaN,NaN,52,11,1,2,3,4,5,5,4,5,5,6,7,8,5,5,5,3,4,5,0.052631579,1,3,5,0.222222222,2,NaN,NaN,NaN,,,2,3,1,3,4,4,3,4,1,2,1,5,5,8,6,6,8,7,8,5,6,6,5,4,0.264142056,0.264142,0.264142,0.264142,0.269542,0.269541779,0.269541779,0.269541779,6,4,0.264142,0.264142,0.264142,0.264142,0.269542,0.269542,0.269542,0.269542,12,0.22071221,0.266564024,0.225337701,0.225368998,0.207304813,0.999998681,0.717237999,8.82E-07,0.008888915,7.41E-05,6.21E-06,0.999919626,4,2,2,1,0,0,0,0,0,11,0.214663244,0.422160978,0.297621411,0.315322852,0.204497599,0.999998688,0.718475058,8.83E-07,0.008856632,7.42E-05,5.71E-06,0.999920058,4,1,2,2,0,0,0,1,0,5,1,7,2,0,0
52,12,0,2,0,1,2,3,0.010026511,0.915659907,0.002706842,0.071606739,0.068357878,0.110330007,0.710982107,0.110330007,NaN,NaN,NaN,NaN,NaN,NaN,NaN,NaN,NaN,NaN,NaN,NaN,NaN,NaN,NaN,NaN,NaN,NaN,52,12,1,2,3,4,4,4,4,4,5,6,7,8,5,5,5,5,4,4,0,0,5,5,0,0,2776,10042,13211,Scuola secondaria di 1Âº grado (Licenza media),Scuola secondaria di 1Âº grado (Licenza media),2,1,4,2,2,4,2,2,4,2,2,6,7,5,7,6,7,7,8,7,7,7,2,1,0.002016214,0.002034,0.00187,0.001831,0.002227,0.002320115,0.002151938,0.002087662,0,0,0.000306,0.000351,0.000308,0.000275,0.000352,0.000455,0.00041,0.000367,0,0.897846929,0.798294477,0.797802644,0.797637956,0.49557102,0.99999989,0.995339651,3.64E-08,1.05E-05,0.385935607,1.21E-07,0.614064271,0,0,0,0,0,0,1,1,1,2,0.870623002,0.79583074,0.769152963,0.769287175,0.452715286,0.999999892,0.995359214,3.64E-08,1.04E-05,0.386039707,1.30E-07,0.613960162,2,0,0,1,0,0,1,1,1,6,0,8,0,0,0
52,13,1,5,0,1,2,6,0.723287369,0.132330037,0.05739948,0.086983114,0.165795263,0.515563154,0.201516353,0.117125231,NaN,NaN,NaN,NaN,NaN,NaN,NaN,NaN,NaN,NaN,NaN,NaN,NaN,NaN,NaN,NaN,NaN,NaN,52,13,1,2,3,4,5,1,1,4,5,6,7,8,1,5,4,3,1,5,1.545454545,4,1,5,0.897435897,4,2737,15018,16531,"Scuola secondaria di 2Âº grado (diploma di istruzione liceale, diploma di istruzione tecnica, diploma di istruzione professionale)","Scuola secondaria di 2Âº grado (diploma di istruzione liceale, diploma di istruzione tecnica, diploma di istruzione professionale)",1,1,1,2,4,3,1,1,1,2,1,6,5,8,6,6,8,6,6,5,7,6,3,2,0.007575165,0.042593,0.056122,0.056122,0.00767,0.044634694,0.058929956,0.058929956,1,1,0.000694,0.00159,0.001395,0.001327,0.000752,0.001853,0.001654,0.001555,1,0.895835046,0.797550621,0.79704778,0.796883192,0.544298177,1,0.999926053,1.99E-12,1.54E-08,0.798606965,6.69E-12,0.201393035,1,0,0,0,0,0,0,0,1,5,0.638365174,0.74349535,0.729914186,0.731789534,0.362926669,1,0.999926634,2.00E-12,1.53E-08,0.79865666,5.99E-12,0.20134334,3,0,1,2,0,0,1,1,0,5,2,4,1,0,1
52,14,0,1,0,1,2,2,0.010026511,0.002706842,0.071606739,0.915659907,0.05739948,0.086983114,0.723287369,0.132330037,NaN,NaN,NaN,NaN,NaN,NaN,NaN,NaN,NaN,NaN,NaN,NaN,NaN,NaN,NaN,NaN,NaN,NaN,52,14,1,2,3,4,3,4,3,5,5,6,7,8,3,3,5,3,3,5,0.244444444,2,3,5,0.285714286,2,2488,12176,12207,Scuola secondaria di 1Âº grado (Licenza media),Scuola secondaria di 1Âº grado (Licenza media),1,3,4,3,4,4,3,4,4,4,4,5,7,8,7,6,7,7,8,7,7,7,1,1,0.000693828,0.00159,0.001395,0.001327,0.000752,0.001852859,0.001653838,0.001554939,0,0,0.000306,0.000351,0.000308,0.000275,0.000352,0.000455,0.00041,0.000367,0,0.899577289,0.79989544,0.799435219,0.799437349,0.484898621,0.001001689,1.03E-07,0.997432241,0.998416528,4.11E-14,0.999381237,0.000546896,0,0,0,0,0,0,1,1,1,1,0.886976977,0.796051296,0.794806553,0.794945647,0.392596109,0.001001743,1.04E-07,0.997491513,0.998414546,4.12E-14,0.999375617,0.000546679,1,0,0,0,0,0,0,0,1,5,2,3,0,0,1
52,15,11,11,0,1,2,5,0.195977209,0.234384275,0.289320264,0.280318252,0.276984765,0.193495654,0.282806743,0.246712838,NaN,NaN,NaN,NaN,NaN,NaN,NaN,NaN,NaN,NaN,NaN,NaN,NaN,NaN,NaN,NaN,NaN,NaN,52,15,1,2,3,4,5,2,4,1,5,6,7,8,5,3,4,2,1,5,1.111111111,4,2,5,0.476190476,3,2653,10654,10684,Nessun titolo di studio,"Scuola secondaria di 2Âº grado (diploma di istruzione liceale, diploma di istruzione tecnica, diploma di istruzione professionale)",2,3,4,3,2,3,2,4,3,4,1,5,5,5,6,8,8,7,5,8,6,7,7,4,0.264142056,0.264142,0.264142,0.264142,0.269542,0.269541779,0.269541779,0.269541779,6,4,1,1,1,1,1,1,1,1,11,0.223845019,0.49327906,0.236490208,0.236538404,0.219122017,0.999997334,0.663275853,2.55E-06,0.066415504,1.28E-05,1.56E-05,0.999971484,4,3,3,3,1,1,1,1,0,11,0.218491636,0.560389772,0.213961686,0.228937871,0.201290639,0.999997333,0.664724633,2.55E-06,0.066080129,1.28E-05,1.50E-05,0.999972057,4,3,2,3,1,0,1,1,0,8,4,5,0,0,0
52,16,1,4,0,1,2,2,0.000977198,0.101048593,0.796442413,0.101531796,0.580047629,0.124285176,0.000418764,0.29524843,NaN,NaN,NaN,NaN,NaN,NaN,NaN,NaN,NaN,NaN,NaN,NaN,NaN,NaN,NaN,NaN,NaN,NaN,52,16,1,2,3,4,5,5,4,5,5,6,7,8,5,5,5,4,4,5,0.052631579,1,4,5,0.052631579,1,2611,15692,16971,"Scuola secondaria di 2Âº grado (diploma di istruzione liceale, diploma di istruzione tecnica, diploma di istruzione professionale)","Scuola secondaria di 2Âº grado (diploma di istruzione liceale, diploma di istruzione tecnica, diploma di istruzione professionale)",2,3,4,3,2,3,3,4,3,3,3,5,5,8,6,8,8,5,5,5,6,5,2,2,0.009315631,0.010101,0.009699,0.011409,0.011178,0.012376918,0.012055149,0.014129339,1,1,0.000958,0.000969,0.00086,0.00081,0.001126,0.001204,0.001093,0.001026,1,0.886162434,0.796471805,0.786451162,0.786451128,0.497823208,0.999999447,0.385801974,4.96E-07,0.133754733,2.48E-07,2.97E-06,0.999996772,1,0,0,1,0,0,1,1,1,4,0.866214672,0.791586899,0.78366018,0.783504025,0.501343887,0.999999448,0.387593138,4.96E-07,0.132772644,2.48E-07,3.14E-06,0.999996592,3,1,0,3,1,0,1,1,1,10,3,6,1,0,0
52,17,4,4,1,1,2,4,0.499502525,0.499254044,0.000745539,0.000497891,0.499378285,0.499378285,0.000745539,0.000497891,NaN,NaN,NaN,NaN,NaN,NaN,NaN,NaN,NaN,NaN,NaN,NaN,NaN,NaN,NaN,NaN,NaN,NaN,52,17,1,2,3,4,5,4,4,5,5,6,7,8,4,5,1,4,4,5,0.074074074,1,1,5,0.857142857,4,2671,12938,13191,Scuola secondaria di 1Âº grado (Licenza media),"Scuola secondaria di 2Âº grado (diploma di istruzione liceale, diploma di istruzione tecnica, diploma di istruzione professionale)",2,1,1,2,2,3,2,1,1,2,1,5,5,5,6,6,7,6,6,5,6,5,2,2,0.002904536,0.003386,0.003071,0.003098,0.003666,0.004387326,0.004079551,0.00411772,2,2,0.002905,0.003386,0.003071,0.003098,0.003666,0.004387,0.00408,0.004118,4,0.874698599,0.795106239,0.780445551,0.740802703,0.518230346,1,0.999999556,1.83E-14,1.37E-10,0.997544712,9.38E-16,0.002455288,1,1,1,1,1,1,1,1,0,4,0.85606761,0.788364994,0.784144395,0.784153184,0.493690684,1,0.99999956,1.83E-14,1.36E-10,0.997544991,8.54E-16,0.002455009,2,0,2,2,0,3,1,1,1,7,2,4,1,0,0
52,18,10,10,0,1,2,4,0.138665661,0.290207154,0.262404141,0.308723044,0.371698018,0.23741052,0.191665687,0.199225775,NaN,NaN,NaN,NaN,NaN,NaN,NaN,NaN,NaN,NaN,NaN,NaN,NaN,NaN,NaN,NaN,NaN,NaN,52,18,1,2,3,4,5,5,5,5,5,6,7,8,5,5,5,5,5,5,0,0,5,5,0,0,2622,10374,11512,Scuola secondaria di 1Âº grado (Licenza media),Scuola secondaria di 1Âº grado (Licenza media),2,3,4,2,2,3,1,2,4,3,4,5,5,8,6,6,7,6,5,7,8,5,5,4,0.264142056,0.264142,0.264142,0.264142,0.269542,0.269541779,0.269541779,0.269541779,6,4,0.264142,0.264142,0.264142,0.264142,0.269542,0.269542,0.269542,0.269542,10,0.221879358,0.606593725,0.242195151,0.243144596,0.21801671,0.999998963,0.93511521,1.02E-06,0.014015868,0.000190354,5.89E-06,0.999803754,4,2,2,3,1,0,1,1,0,10,0.222455545,0.450257081,0.405799138,0.406549056,0.210753198,0.999998963,0.935551774,1.02E-06,0.013856669,0.000190518,6.75E-06,0.999802735,5,1,2,2,0,0,0,0,0,9,0,6,0,0,0
52,19,0,0,0,1,2,0,0.071606739,0.010026511,0.002706842,0.915659907,0.071606739,0.915659907,0.010026511,0.002706842,NaN,NaN,NaN,NaN,NaN,NaN,NaN,NaN,NaN,NaN,NaN,NaN,NaN,NaN,NaN,NaN,NaN,NaN,52,19,1,2,3,4,5,5,5,5,5,6,7,8,5,5,5,5,5,5,0,0,5,5,0,0,2678,12165,16262,Scuola secondaria di 1Âº grado (Licenza media),Scuola secondaria di 1Âº grado (Licenza media),1,1,4,2,4,4,1,4,4,4,4,6,5,5,6,6,7,6,6,5,6,6,0,0,0.000306152,0.000351,0.000308,0.000275,0.000352,0.000455359,0.000410313,0.000367235,0,0,0.000306,0.000351,0.000308,0.000275,0.000352,0.000455,0.00041,0.000367,0,0.898710787,0.799105215,0.791770666,0.791787816,0.471980926,0.019156145,4.18E-05,0.979300266,0.994068545,9.47E-10,0.990131515,0.009797282,0,0,0,0,0,0,1,1,1,0,0.898268869,0.798118492,0.797944825,0.797978569,0.485760921,0.019154382,4.20E-05,0.979360375,0.994064209,9.49E-10,0.990111482,0.009811534,0,0,0,0,0,0,1,1,1,6,0,6,0,0,0
53,1,9,10,1,1,2,4,0.438364712,0.28073884,0.123191774,0.157704675,0.380577366,0.271344013,0.124755254,0.223323367,NaN,NaN,NaN,NaN,NaN,NaN,NaN,NaN,NaN,NaN,NaN,NaN,NaN,NaN,NaN,NaN,NaN,NaN,53,1,1,2,3,4,5,5,4,3,5,6,7,8,5,5,3,4,3,5,0.215686275,2,3,5,0.215686275,2,2773,14764,16184,Scuola secondaria di 1Âº grado (Licenza media),Scuola secondaria di 1Âº grado (Licenza media),1,1,1,3,2,3,2,1,4,2,1,5,5,8,7,6,7,6,5,8,6,5,5,4,0.064212664,0.064213,0.207538,0.207538,0.066126,0.066125904,0.213352685,0.213352685,4,3,0.064213,0.064213,0.207538,0.207538,0.066126,0.066126,0.213353,0.213353,9,0.392114619,0.678827094,0.659166406,0.656617827,0.360183816,1,0.999960748,3.86E-12,1.72E-07,0.406170165,3.40E-11,0.593829835,5,0,2,3,0,1,1,1,0,10,0.229544614,0.493757741,0.454242742,0.454794028,0.211879088,1,0.999961097,3.87E-12,1.70E-07,0.406273148,3.16E-11,0.593726852,5,1,2,2,0,1,0,0,0,2,0,2,0,0,0
53,2,0,2,0,1,2,6,0.002706842,0.071606739,0.010026511,0.915659907,0.110330007,0.710982107,0.110330007,0.068357878,NaN,NaN,NaN,NaN,NaN,NaN,NaN,NaN,NaN,NaN,NaN,NaN,NaN,NaN,NaN,NaN,NaN,NaN,53,2,1,2,3,4,3,3,2,5,5,6,7,8,3,5,3,3,2,5,0.487179487,3,3,5,0.285714286,2,2833,15273,17835,"Scuola secondaria di 2Âº grado (diploma di istruzione liceale, diploma di istruzione tecnica, diploma di istruzione professionale)","Scuola secondaria di 2Âº grado (diploma di istruzione liceale, diploma di istruzione tecnica, diploma di istruzione professionale)",2,3,4,2,4,4,2,4,4,4,4,6,7,8,6,6,7,6,6,5,6,6,2,1,0.002016214,0.002034,0.00187,0.001831,0.002227,0.002320115,0.002151938,0.002087662,0,0,0.000306,0.000351,0.000308,0.000275,0.000352,0.000455,0.00041,0.000367,0,0.899193323,0.799722883,0.799169438,0.799178538,0.487675641,0.003100637,5.13E-06,0.995334411,0.996018099,4.45E-11,0.998263016,0.001665198,0,0,0,0,0,0,1,1,1,2,0.835069744,0.781974951,0.776656143,0.777198272,0.39311098,0.003100356,5.15E-06,0.995393929,0.996014586,4.46E-11,0.998255347,0.001667037,2,0,0,1,0,0,1,1,1,3,1,5,0,0,1
53,3,1,7,0,1,2,3,0.796442413,0.101531796,0.000977198,0.101048593,0.20270252,0.422557486,0.205673399,0.169066595,NaN,NaN,NaN,NaN,NaN,NaN,NaN,NaN,NaN,NaN,NaN,NaN,NaN,NaN,NaN,NaN,NaN,NaN,53,3,1,2,3,4,5,5,5,5,5,6,7,8,1,1,1,1,5,5,0,0,1,1,0,0,NaN,NaN,NaN,,,1,1,1,2,4,4,1,1,1,2,1,6,5,5,6,6,7,6,8,5,7,6,3,2,0.008431472,0.072006,0.186683,0.186683,0.008098,0.07436182,0.19265144,0.19265144,1,1,0.000958,0.000969,0.00086,0.00081,0.001126,0.001204,0.001093,0.001026,1,0.890917302,0.794065444,0.791648518,0.791580625,0.499995041,0.999999993,0.99878127,1.11E-10,2.53E-07,0.596781062,5.23E-10,0.403218938,1,0,0,1,0,0,1,1,1,7,0.476738621,0.675895662,0.661107395,0.664891281,0.264751608,0.999999993,0.99878939,1.11E-10,2.52E-07,0.596862579,4.50E-10,0.403137421,3,0,2,2,0,0,1,1,0,7,0,6,0,0,0
53,4,0,1,0,1,2,2,0.010026511,0.002706842,0.071606739,0.915659907,0.101048593,0.101531796,0.796442413,0.000977198,NaN,NaN,NaN,NaN,NaN,NaN,NaN,NaN,NaN,NaN,NaN,NaN,NaN,NaN,NaN,NaN,NaN,NaN,53,4,1,2,3,4,1,3,5,4,5,6,7,8,3,4,5,2,1,5,0.897435897,4,2,5,0.476190476,3,2270,15266,21037,Dottorato di ricerca,Laurea triennale,1,3,4,3,4,4,3,4,4,4,4,5,7,5,7,6,7,7,6,7,7,7,1,1,0.000957953,0.000969,0.00086,0.00081,0.001126,0.001204491,0.001092811,0.001025973,0,0,0.000306,0.000351,0.000308,0.000275,0.000352,0.000455,0.00041,0.000367,0,0.899577289,0.79989544,0.799435219,0.799437349,0.484898621,0.001001689,1.03E-07,0.997432241,0.998416528,4.11E-14,0.999381237,0.000546896,0,0,0,0,0,0,1,1,1,1,0.887235138,0.798260916,0.795142485,0.786973112,0.488637934,0.001001743,1.04E-07,0.997491513,0.998414546,4.12E-14,0.999375617,0.000546679,1,0,0,1,0,0,1,1,1,4,2,1,0,0,1
53,5,0,1,0,1,2,3,0.002706842,0.915659907,0.010026511,0.071606739,0.101048593,0.101531796,0.796442413,0.000977198,NaN,NaN,NaN,NaN,NaN,NaN,NaN,NaN,NaN,NaN,NaN,NaN,NaN,NaN,NaN,NaN,NaN,NaN,53,5,1,2,3,4,5,5,5,5,5,6,7,8,5,5,5,5,5,5,0,0,5,5,0,0,NaN,NaN,NaN,,,2,3,4,2,2,4,2,2,4,2,2,5,7,5,7,6,7,7,6,7,7,7,1,1,0.000957953,0.000969,0.00086,0.00081,0.001126,0.001204491,0.001092811,0.001025973,0,0,0.000306,0.000351,0.000308,0.000275,0.000352,0.000455,0.00041,0.000367,0,0.897269907,0.797790935,0.796684988,0.796646592,0.493093448,0.999999684,0.96771917,1.05E-07,7.26E-05,0.063359269,5.18E-07,0.936640209,0,0,0,0,0,0,1,1,1,1,0.887235138,0.798260916,0.795142485,0.786973112,0.488637934,0.999999688,0.967853471,1.05E-07,7.19E-05,0.063393042,5.55E-07,0.936606398,1,0,0,1,0,0,1,1,1,6,0,7,0,0,0
53,6,9,10,1,1,2,3,0.130825198,0.343688909,0.293767144,0.23171875,0.327249833,0.19710136,0.241452913,0.234195894,NaN,NaN,NaN,NaN,NaN,NaN,NaN,NaN,NaN,NaN,NaN,NaN,NaN,NaN,NaN,NaN,NaN,NaN,53,6,1,2,3,4,5,5,5,5,5,6,7,8,5,5,5,5,5,5,0,0,5,5,0,0,2542,12419,14385,Scuola secondaria di 1Âº grado (Licenza media),"Scuola secondaria di 2Âº grado (diploma di istruzione liceale, diploma di istruzione tecnica, diploma di istruzione professionale)",2,1,1,3,2,4,3,2,3,4,2,5,5,5,6,8,8,6,8,7,7,5,6,4,0.264142056,0.264142,0.264142,0.264142,0.269542,0.269541779,0.269541779,0.269541779,5,4,0.052765,0.207538,0.207538,0.207538,0.052802,0.213353,0.213353,0.213353,9,0.246953338,0.363765529,0.303342609,0.303246214,0.238188985,0.999999992,0.99310256,4.16E-09,5.43E-05,0.004717063,2.77E-08,0.995282909,4,1,2,1,0,1,0,0,0,10,0.211529405,0.586551215,0.219001586,0.219715413,0.201373231,0.999999992,0.993150958,4.15E-09,5.35E-05,0.004720372,2.78E-08,0.9952796,6,0,3,4,0,1,1,1,0,6,0,8,0,0,0
53,9,4,0,0,1,2,2,0.580047629,0.124285176,0.000418764,0.29524843,0.002706842,0.915659907,0.071606739,0.010026511,NaN,NaN,NaN,NaN,NaN,NaN,NaN,NaN,NaN,NaN,NaN,NaN,NaN,NaN,NaN,NaN,NaN,NaN,53,9,1,2,3,4,5,5,4,2,5,6,7,8,4,5,5,4,2,5,0.5,3,4,5,0.074074074,1,2584,14892,15451,Scuola secondaria di 1Âº grado (Licenza media),Scuola secondaria di 1Âº grado (Licenza media),1,1,4,2,4,4,1,1,1,2,1,6,7,8,6,6,7,6,6,7,6,6,0,0,0.000306152,0.000351,0.000308,0.000275,0.000352,0.000455359,0.000410313,0.000367235,2,2,0.009316,0.010101,0.009699,0.011409,0.011178,0.012377,0.012055,0.014129,4,0.833013562,0.778840227,0.737290954,0.737233693,0.45339909,0.999999055,0.916665809,1.53E-08,1.73E-05,0.056119387,1.21E-07,0.943880491,3,1,0,3,1,0,1,1,1,0,0.890405861,0.796930365,0.79582644,0.795943657,0.50203661,0.99999907,0.91700521,1.53E-08,1.73E-05,0.056145788,1.06E-07,0.943854105,0,0,0,0,0,0,1,1,1,4,1,2,0,0,0
53,10,3,8,1,1,2,2,0.632861616,0.365661362,0.000903062,0.000573961,0.269558779,0.420198933,0.075463062,0.234779225,NaN,NaN,NaN,NaN,NaN,NaN,NaN,NaN,NaN,NaN,NaN,NaN,NaN,NaN,NaN,NaN,NaN,NaN,53,10,1,2,3,4,4,3,3,1,5,6,7,8,5,3,4,1,1,4,0.575757576,3,1,5,0.897435897,4,2496,14192,14042,"Scuola secondaria di 2Âº grado (diploma di istruzione liceale, diploma di istruzione tecnica, diploma di istruzione professionale)","Scuola secondaria di 2Âº grado (diploma di istruzione liceale, diploma di istruzione tecnica, diploma di istruzione professionale)",1,1,1,2,2,3,2,1,1,2,1,6,7,8,6,6,8,6,5,5,8,6,4,3,0.104602065,0.104602,0.104602,0.104602,0.114425,0.114424833,0.114424833,0.114424833,1,1,0.002905,0.003386,0.003071,0.003098,0.003666,0.004387,0.00408,0.004118,3,0.894731992,0.797640137,0.795972292,0.791969125,0.545299562,1,0.999999478,1.47E-14,1.62E-10,0.996071006,1.22E-15,0.003928994,1,0,1,1,0,1,1,1,0,8,0.29112655,0.648145949,0.464235322,0.472301667,0.238606406,1,0.999999482,1.47E-14,1.60E-10,0.996071498,1.11E-15,0.003928502,5,0,2,3,0,1,1,1,0,1,0,6,3,0,1
53,11,0,0,1,1,2,3,0.071606739,0.915659907,0.002706842,0.010026511,0.915659907,0.071606739,0.010026511,0.002706842,NaN,NaN,NaN,NaN,NaN,NaN,NaN,NaN,NaN,NaN,NaN,NaN,NaN,NaN,NaN,NaN,NaN,NaN,53,11,1,2,3,4,4,5,4,3,5,6,7,8,5,4,4,3,3,5,0.166666667,2,3,5,0.166666667,2,2833,9311,NaN,Scuola secondaria di 1Âº grado (Licenza media),,2,1,1,2,2,4,2,2,1,2,2,5,5,5,6,6,7,5,5,5,6,5,0,0,0.000306152,0.000351,0.000308,0.000275,0.000352,0.000455359,0.000410313,0.000367235,0,0,0.000306,0.000351,0.000308,0.000275,0.000352,0.000455,0.00041,0.000367,0,0.898465058,0.799027736,0.798302045,0.79063163,0.499681915,1,0.999994396,1.95E-12,8.89E-10,0.997438886,5.27E-14,0.002561114,0,0,0,0,0,0,1,1,1,0,0.899296996,0.799380705,0.798929519,0.798925727,0.497488442,1,0.999994434,1.95E-12,8.79E-10,0.997439193,5.43E-14,0.002560807,0,0,0,0,0,0,1,1,1,3,1,1,0,0,1
53,12,9,9,0,1,2,5,0.132349053,0.237749823,0.259879938,0.370021186,0.125257208,0.25591525,0.211277197,0.407550345,NaN,NaN,NaN,NaN,NaN,NaN,NaN,NaN,NaN,NaN,NaN,NaN,NaN,NaN,NaN,NaN,NaN,NaN,53,12,1,2,3,4,1,3,5,4,5,6,7,8,1,3,5,5,1,5,0.897435897,4,1,5,1.047619048,4,2330,12971,14885,"Scuola secondaria di 2Âº grado (diploma di istruzione liceale, diploma di istruzione tecnica, diploma di istruzione professionale)",Scuola primaria (Licenza elementare),2,3,4,3,4,4,1,4,4,3,2,5,5,8,6,6,8,6,8,8,8,7,5,3,0.264142056,0.264142,0.264142,0.264142,0.269542,0.269541779,0.269541779,0.269541779,5,3,0.264142,0.264142,0.264142,0.264142,0.269542,0.269542,0.269542,0.269542,9,0.244482379,0.637962836,0.558576849,0.55918164,0.310007087,0.972727221,0.001096106,0.025837457,0.096683502,1.10E-07,0.076038219,0.923319051,3,2,3,2,1,1,1,1,0,9,0.216273617,0.422770954,0.306407012,0.335655007,0.22583861,0.972771312,0.001100345,0.025836899,0.096431492,1.10E-07,0.081762211,0.917503512,3,3,3,2,0,3,0,1,1,2,1,5,1,0,0
53,13,10,8,1,1,2,1,0.226324898,0.306963602,0.385302083,0.081409417,0.348077386,0.307862087,0.137476935,0.206583592,NaN,NaN,NaN,NaN,NaN,NaN,NaN,NaN,NaN,NaN,NaN,NaN,NaN,NaN,NaN,NaN,NaN,NaN,53,13,1,2,3,4,3,5,4,5,5,6,7,8,2,5,3,4,3,5,0.215686275,2,2,5,0.476190476,3,2491,10345,13361,Scuola secondaria di 1Âº grado (Licenza media),Scuola secondaria di 1Âº grado (Licenza media),1,3,1,2,4,3,3,2,1,2,3,5,7,8,6,6,7,5,6,8,6,5,5,4,0.048476706,0.048477,0.048477,0.048477,0.050972,0.050971557,0.050971557,0.050971557,5,4,0.104602,0.104602,0.104602,0.104602,0.114425,0.114425,0.114425,0.114425,10,0.26439616,0.391466572,0.347532569,0.340638169,0.230066431,0.999999998,0.997782522,1.56E-10,7.98E-06,0.007861241,1.60E-09,0.992138758,5,1,2,2,0,1,0,0,0,8,0.227837233,0.474212999,0.44212899,0.442810461,0.210550677,0.999999998,0.997798336,1.56E-10,7.88E-06,0.007866596,1.61E-09,0.992133402,3,2,2,1,0,1,0,0,0,7,2,7,3,0,0
53,14,7,7,0,1,2,3,0.06267217,0.212746063,0.420894601,0.303687166,0.488539663,0.093808067,0.123636747,0.294015523,NaN,NaN,NaN,NaN,NaN,NaN,NaN,NaN,NaN,NaN,NaN,NaN,NaN,NaN,NaN,NaN,NaN,NaN,53,14,1,2,3,4,3,5,4,5,5,6,7,8,5,5,5,4,3,5,0.215686275,2,4,5,0.052631579,1,2483,12086,13220,"Scuola secondaria di 2Âº grado (diploma di istruzione liceale, diploma di istruzione tecnica, diploma di istruzione professionale)",Scuola secondaria di 1Âº grado (Licenza media),1,3,4,3,4,3,3,4,4,2,3,5,5,5,7,6,7,5,5,5,8,8,3,2,0.019315757,0.020129,0.020129,0.051007,0.020958,0.022410321,0.022410321,0.055774414,3,2,0.017557,0.110585,0.110585,0.110585,0.018293,0.119837,0.119837,0.119837,7,0.581994429,0.766497762,0.747054142,0.747057773,0.431193243,0.998629105,0.005559778,0.001334713,0.713265863,2.14E-08,0.00534871,0.994627366,3,0,2,2,0,1,1,1,0,7,0.377197189,0.678081765,0.590111755,0.543100923,0.408750327,0.998629578,0.005597071,0.001335341,0.712710617,2.14E-08,0.005499767,0.994472813,2,3,2,1,1,3,1,1,1,7,3,7,2,0,0
53,15,11,11,0,1,2,2,0.131267011,0.171585882,0.378478703,0.318668403,0.274747386,0.362609391,0.201628263,0.16101496,NaN,NaN,NaN,NaN,NaN,NaN,NaN,NaN,NaN,NaN,NaN,NaN,NaN,NaN,NaN,NaN,NaN,NaN,53,15,1,2,3,4,3,3,4,4,5,6,7,8,4,2,3,1,3,4,0.095238095,1,1,4,0.666666667,3,2499,10261,9224,Scuola secondaria di 1Âº grado (Licenza media),Scuola secondaria di 1Âº grado (Licenza media),2,3,4,3,4,4,2,1,4,3,3,6,7,5,7,6,7,5,8,5,6,6,5,4,0.264142056,0.264142,0.264142,0.264142,0.269542,0.269541779,0.269541779,0.269541779,5,4,0.064213,0.064213,0.207538,0.207538,0.066126,0.066126,0.213353,0.213353,11,0.257557029,0.616465759,0.542774694,0.542784378,0.319459042,0.999173236,0.001822448,0.000575517,0.033459567,3.20E-07,0.002428791,0.997560036,4,1,2,3,1,0,1,1,0,11,0.224381756,0.591932002,0.275516985,0.282312993,0.20414844,0.999176927,0.001829434,0.00057626,0.03332277,3.20E-07,0.002349898,0.997638075,6,1,2,4,1,1,1,1,0,3,0,4,2,0,0
53,18,6,8,0,1,2,2,0.050125705,0.158325809,0.339429474,0.452119012,0.122605771,0.25640466,0.431787562,0.189202006,NaN,NaN,NaN,NaN,NaN,NaN,NaN,NaN,NaN,NaN,NaN,NaN,NaN,NaN,NaN,NaN,NaN,NaN,53,18,1,2,3,4,2,3,4,5,5,6,7,8,3,5,5,1,2,5,0.476190476,3,1,5,1.047619048,4,2577,12733,14644,Scuola secondaria di 1Âº grado (Licenza media),Scuola secondaria di 1Âº grado (Licenza media),1,3,4,3,4,4,3,2,4,4,3,5,7,5,6,6,7,7,6,7,8,7,4,3,0.052765352,0.207538,0.207538,0.207538,0.052802,0.213352685,0.213352685,0.213352685,3,2,0.01947,0.01947,0.019672,0.019672,0.021729,0.021729,0.022187,0.022187,6,0.815367543,0.793226881,0.777315911,0.777316852,0.489771414,0.9295737,0.000223796,0.068182136,0.478426105,6.66E-09,0.170881546,0.828354814,2,1,2,1,1,1,1,1,0,8,0.381389377,0.675418487,0.637786872,0.649110593,0.295773885,0.929642413,0.000225337,0.068177356,0.476739635,6.68E-09,0.169109173,0.830048345,4,1,1,2,0,0,0,1,0,1,0,2,0,0,1
54,7,0,3,0,1,3,6,0.010026511,0.002706842,0.071606739,0.915659907,0.000903428,0.633121317,0.000574131,0.365401124,1,0,0,1,0,0,4,2,0,0,0,0,1,1,0,0,6,1,54,7,1,2,3,4,1,1,5,2,5,6,7,8,5,5,3,4,1,5,1.592592593,4,3,5,0.215686275,2,3001,14748,15260,Laurea specialistica,"Scuola secondaria di 2Âº grado (diploma di istruzione liceale, diploma di istruzione tecnica, diploma di istruzione professionale)",1,3,4,3,4,4,3,4,4,4,4,6,5,8,6,8,8,6,6,8,6,6,1,1,0.002904536,0.003386,0.003071,0.003098,0.003666,0.004387326,0.004079551,0.00411772,0,0,0.000306,0.000351,0.000308,0.000275,0.000352,0.000455,0.00041,0.000367,0,0.899577289,0.79989544,0.799435219,0.799437349,0.484898621,0.001001689,1.03E-07,0.997432241,0.998416528,4.11E-14,0.999381237,0.000546896,0,0,0,0,0,0,1,1,1,3,0.872556387,0.785038432,0.782319315,0.783128381,0.484871022,0.001001743,1.04E-07,0.997491513,0.998414546,4.12E-14,0.999375617,0.000546679,2,1,0,2,1,0,1,1,1,3,1,3,1,0,0
54,10,1,3,1,1,3,1,0.101048593,0.796442413,0.101531796,0.000977198,0.554705435,0.193946141,0.18331026,0.068038164,0,0,1,1,0,0,8,2,0,0,0,0,1,1,0,0,5,1,54,10,1,2,3,4,5,5,5,4,5,6,7,8,5,5,5,1,4,5,0.052631579,1,1,5,1,4,3084,13208,13779,"Scuola secondaria di 2Âº grado (diploma di istruzione liceale, diploma di istruzione tecnica, diploma di istruzione professionale)","Scuola secondaria di 2Âº grado (diploma di istruzione liceale, diploma di istruzione tecnica, diploma di istruzione professionale)",2,1,1,2,2,3,2,2,3,2,2,6,5,5,7,8,7,5,5,5,7,5,1,1,0.000779014,0.013674,0.013119,0.023055,0.000797,0.015524081,0.015114321,0.026118358,1,1,0.000958,0.000969,0.00086,0.00081,0.001126,0.001204,0.001093,0.001026,1,0.893905243,0.797840438,0.791685888,0.775938021,0.514852963,1,0.99999778,8.29E-14,3.83E-10,0.991174449,9.31E-15,0.008825551,1,0,0,1,0,0,1,1,1,3,0.879598046,0.790915601,0.789600781,0.788878699,0.486339243,1,0.999997798,8.29E-14,3.77E-10,0.991176376,9.87E-15,0.008823624,2,1,0,0,0,0,0,0,1,4,0,5,1,0,0
54,12,12,9,1,1,3,3,0.238516481,0.238516481,0.238516481,0.284450558,0.078222954,0.405613948,0.283240126,0.232922972,0,0,1,0,0,1,7,2,0,1,NaN,NaN,NaN,NaN,NaN,NaN,NaN,0,54,12,1,2,3,4,5,4,5,4,5,6,7,8,5,4,5,5,4,5,0.074074074,1,4,5,0.052631579,1,2949,9462,11588,Scuola secondaria di 1Âº grado (Licenza media),Scuola secondaria di 1Âº grado (Licenza media),1,1,4,2,4,4,3,1,4,3,2,6,5,8,6,6,8,6,8,7,6,7,4,3,0.104602065,0.104602,0.104602,0.104602,0.114425,0.114424833,0.114424833,0.114424833,7,4,1,1,1,1,1,1,1,1,12,0.216303819,0.628844819,0.214489944,0.214784996,0.214738028,0.999923663,0.070261316,4.05E-05,0.009257799,2.77E-05,0.000196161,0.999774519,5,2,3,3,1,1,1,1,0,9,0.261708319,0.495644287,0.394081578,0.418995451,0.233635735,0.99992425,0.07050684,4.05E-05,0.009218028,2.77E-05,0.000198785,0.999771742,3,3,2,2,1,1,1,1,0,8,2,9,3,0,0
54,13,1,2,1,1,3,7,0.796442413,0.101048593,0.101531796,0.000977198,0.110330007,0.710982107,0.110330007,0.068357878,0,1,0,1,0,0,7,2,0,0,0,0,1,1,0,0,6,1,54,13,1,2,3,4,5,4,3,1,5,6,7,8,5,5,3,4,1,5,0.897435897,4,3,5,0.215686275,2,2760,13624,16394,"Scuola secondaria di 2Âº grado (diploma di istruzione liceale, diploma di istruzione tecnica, diploma di istruzione professionale)","Scuola secondaria di 2Âº grado (diploma di istruzione liceale, diploma di istruzione tecnica, diploma di istruzione professionale)",1,1,1,2,2,3,1,1,1,3,1,6,5,5,6,6,8,6,6,7,6,6,2,1,0.002016214,0.002034,0.00187,0.001831,0.002227,0.002320115,0.002151938,0.002087662,1,1,0.000958,0.000969,0.00086,0.00081,0.001126,0.001204,0.001093,0.001026,1,0.897485158,0.798542675,0.797586761,0.797451812,0.606182022,1,0.999996323,3.41E-14,1.09E-09,0.913973832,6.19E-14,0.086026168,1,0,0,1,0,0,1,1,1,2,0.854176327,0.786546189,0.784076614,0.784460094,0.406026806,1,0.999996358,3.42E-14,1.08E-09,0.913995786,5.88E-14,0.086004214,2,0,0,1,0,0,1,1,1,1,0,3,0,0,1
54,14,9,11,1,1,3,3,0.257142964,0.18212648,0.245851948,0.314878609,0.14310764,0.275374285,0.329737789,0.251780286,0,1,0,1,0,0,2,2,0,0,0,0,1,0,0,1,1,1,54,14,1,2,3,4,5,5,5,5,5,6,7,8,5,5,5,5,5,5,0,0,5,5,0,0,3138,12533,13089,Scuola primaria (Licenza elementare),Laurea triennale,1,3,1,2,4,4,2,4,1,4,3,6,5,5,7,8,7,7,6,7,6,8,6,4,0.264142056,0.264142,0.264142,0.264142,0.269542,0.269541779,0.269541779,0.269541779,6,4,0.264142,0.264142,0.264142,0.264142,0.269542,0.269542,0.269542,0.269542,9,0.213977316,0.362678046,0.283521475,0.283494515,0.256568528,0.999752461,0.390900924,0.000241938,0.337632397,2.76E-05,0.001048445,0.998919231,3,2,3,1,0,1,0,0,0,11,0.232854112,0.36740827,0.2930847,0.359796774,0.21647344,0.999752427,0.392544361,0.000242155,0.336448163,2.77E-05,0.000977121,0.998990345,5,2,3,2,0,2,0,0,0,9,0,8,0,0,0
54,16,0,3,0,1,3,7,0.915659907,0.002706842,0.010026511,0.071606739,0.000903428,0.365401124,0.633121317,0.000574131,0,0,1,0,0,1,2,2,0,1,0,0,1,1,0,0,3,1,54,16,1,2,3,4,5,1,3,3,5,6,7,8,3,4,5,4,1,5,0.888888889,4,3,5,0.166666667,2,3070,10688,18675,"Scuola secondaria di 2Âº grado (diploma di istruzione liceale, diploma di istruzione tecnica, diploma di istruzione professionale)",Scuola secondaria di 1Âº grado (Licenza media),1,1,1,3,4,4,1,1,1,4,1,6,7,5,6,6,7,7,6,7,7,7,1,1,0.002904536,0.003386,0.003071,0.003098,0.003666,0.004387326,0.004079551,0.00411772,0,0,0.000306,0.000351,0.000308,0.000275,0.000352,0.000455,0.00041,0.000367,0,0.896702235,0.795735299,0.792429422,0.79242954,0.500000788,0.999999873,0.914406431,5.03E-08,0.000316807,0.002485474,4.44E-07,0.997514079,0,0,0,0,0,0,1,1,1,3,0.889136332,0.797182208,0.793006406,0.79307182,0.506878782,0.999999874,0.914949431,5.04E-08,0.000315036,0.00248709,3.75E-07,0.997512532,2,1,0,2,1,0,1,1,1,1,0,3,1,0,1
54,18,0,0,1,1,3,6,0.915659907,0.071606739,0.002706842,0.010026511,0.071606739,0.010026511,0.915659907,0.002706842,0,0,1,0,1,0,2,2,0,1,0,0,1,0,0,1,3,1,54,18,1,2,3,4,5,2,1,3,5,6,7,8,3,2,5,1,1,5,1.060606061,4,1,5,1.060606061,4,3085,14856,16944,"Scuola secondaria di 2Âº grado (diploma di istruzione liceale, diploma di istruzione tecnica, diploma di istruzione professionale)",Scuola secondaria di 1Âº grado (Licenza media),1,1,1,2,2,4,1,1,1,2,1,5,7,5,7,6,7,7,5,7,7,7,0,0,0.000306152,0.000351,0.000308,0.000275,0.000352,0.000455359,0.000410313,0.000367235,0,0,0.000306,0.000351,0.000308,0.000275,0.000352,0.000455,0.00041,0.000367,0,0.898788368,0.798550063,0.79826998,0.798178304,0.504072501,1,0.999990495,4.67E-13,1.97E-09,0.983345455,1.17E-13,0.016654545,0,0,0,0,0,0,1,1,1,0,0.891494905,0.799153601,0.79767892,0.773250751,0.540876282,1,0.999990573,4.68E-13,1.96E-09,0.983348197,1.03E-13,0.016651803,0,0,0,0,0,0,1,1,1,2,1,0,0,1,1
54,19,0,0,0,1,3,8,0.010026511,0.002706842,0.071606739,0.915659907,0.002706842,0.915659907,0.010026511,0.071606739,0,0,1,0,1,0,7,2,0,1,0,0,1,1,0,0,3,1,54,19,1,2,3,4,2,1,3,5,5,6,7,8,3,5,4,3,1,5,1.060606061,4,3,5,0.244444444,2,NaN,NaN,NaN,,,1,3,4,3,4,4,3,4,4,4,4,6,7,8,6,6,8,6,6,8,6,6,0,0,0.000306152,0.000351,0.000308,0.000275,0.000352,0.000455359,0.000410313,0.000367235,0,0,0.000306,0.000351,0.000308,0.000275,0.000352,0.000455,0.00041,0.000367,0,0.899577289,0.79989544,0.799435219,0.799437349,0.484898621,0.001001689,1.03E-07,0.997432241,0.998416528,4.11E-14,0.999381237,0.000546896,0,0,0,0,0,0,1,1,1,0,0.895277011,0.795761303,0.788849523,0.78903088,0.474704247,0.001001743,1.04E-07,0.997491513,0.998414546,4.12E-14,0.999375617,0.000546679,0,0,0,0,0,0,1,1,1,0,0,3,1,1,1
54,20,7,8,0,1,3,3,0.383747371,0.141755988,0.141755988,0.332740654,0.181852326,0.363586236,0.272700295,0.181861143,0,0,1,0,0,1,3,2,0,1,0,0,1,1,0,0,6,1,54,20,1,2,3,4,5,4,4,3,5,6,7,8,5,5,4,5,3,5,0.166666667,2,4,5,0.052631579,1,2758,15040,15887,Laurea specialistica,"Scuola secondaria di 2Âº grado (diploma di istruzione liceale, diploma di istruzione tecnica, diploma di istruzione professionale)",2,1,1,2,4,4,3,1,1,4,4,6,7,5,7,6,8,7,5,8,6,6,5,4,0.008431472,0.072006,0.186683,0.186683,0.008098,0.07436182,0.19265144,0.19265144,4,3,0.048477,0.048477,0.048477,0.048477,0.050972,0.050972,0.050972,0.050972,7,0.242541867,0.498897295,0.438709627,0.440492094,0.28953929,0.999963346,0.83716345,3.62E-05,0.086199303,0.000256953,0.000204473,0.999538559,3,1,2,1,0,1,0,1,0,8,0.230246194,0.479847034,0.291408792,0.30565991,0.203499307,0.999963285,0.8380498,3.63E-05,0.085674167,0.000257161,0.000184246,0.99955858,3,1,2,1,0,0,0,0,0,6,2,5,1,0,1
54,21,8,12,1,1,3,3,0.290841917,0.39800949,0.125320917,0.185827675,0.192582404,0.322967039,0.229670386,0.254780172,0,0,1,0,1,0,1,2,0,1,0,0,1,1,0,0,4,1,54,21,1,2,3,4,2,5,1,3,5,6,7,8,5,5,3,2,1,5,1.060606061,4,2,5,0.6,3,2925,13520,14119,Scuola secondaria di 1Âº grado (Licenza media),Scuola primaria (Licenza elementare),2,3,4,2,2,3,1,1,4,2,2,6,7,5,7,8,8,5,8,7,6,6,7,5,1,1,1,1,1,1,1,1,5,3,0.048477,0.048477,0.048477,0.048477,0.050972,0.050972,0.050972,0.050972,8,0.254117919,0.595566085,0.323970217,0.323098151,0.230583307,0.999999997,0.99737613,7.75E-10,4.80E-06,0.0659167,6.56E-09,0.934083294,5,0,2,3,0,1,1,1,0,12,0.217764045,0.314340838,0.218247087,0.250884714,0.200947728,0.999999997,0.997392211,7.76E-10,4.77E-06,0.065951363,6.75E-09,0.93404863,6,2,2,2,0,0,0,0,0,2,0,6,1,0,1
54,22,0,1,1,1,3,6,0.071606739,0.915659907,0.010026511,0.002706842,0.796442413,0.101531796,0.101048593,0.000977198,0,0,1,1,0,0,7,2,0,1,0,0,1,1,0,0,3,1,54,22,1,2,3,4,4,5,1,1,5,6,7,8,5,3,3,1,1,5,1.545454545,4,1,5,0.888888889,4,2893,14521,16854,Laurea triennale,"Scuola secondaria di 2Âº grado (diploma di istruzione liceale, diploma di istruzione tecnica, diploma di istruzione professionale)",2,1,1,2,2,3,2,2,1,2,2,5,5,5,7,6,7,5,5,5,6,5,1,1,0.000957953,0.000969,0.00086,0.00081,0.001126,0.001204491,0.001092811,0.001025973,0,0,0.000306,0.000351,0.000308,0.000275,0.000352,0.000455,0.00041,0.000367,0,0.89920837,0.799527005,0.797852205,0.779980765,0.5011577,1,0.99999966,3.51E-14,5.39E-11,0.999042559,5.05E-16,0.000957441,0,0,0,0,0,0,1,1,1,1,0.894722716,0.797551215,0.795570944,0.795487593,0.491680557,1,0.999999663,3.51E-14,5.32E-11,0.999042646,5.41E-16,0.000957354,1,0,0,1,0,0,1,1,1,1,0,2,0,1,1
54,23,0,0,1,1,3,6,0.010026511,0.915659907,0.071606739,0.002706842,0.071606739,0.915659907,0.002706842,0.010026511,0,0,1,0,1,0,3,2,0,1,0,0,1,1,0,0,8,0,54,23,1,2,3,4,4,5,4,2,5,6,7,8,5,5,3,4,2,5,0.422222222,3,3,5,0.215686275,2,-26,13960,14502,"Scuola secondaria di 2Âº grado (diploma di istruzione liceale, diploma di istruzione tecnica, diploma di istruzione professionale)","Scuola secondaria di 2Âº grado (diploma di istruzione liceale, diploma di istruzione tecnica, diploma di istruzione professionale)",2,3,1,2,2,3,2,2,3,2,2,6,5,5,6,6,8,6,6,5,6,6,0,0,0.000306152,0.000351,0.000308,0.000275,0.000352,0.000455359,0.000410313,0.000367235,0,0,0.000306,0.000351,0.000308,0.000275,0.000352,0.000455,0.00041,0.000367,0,0.896118658,0.797352194,0.792687284,0.789337034,0.554502546,1,0.999984188,2.39E-13,2.73E-09,0.923592536,2.26E-13,0.076407464,0,0,0,0,0,0,1,1,1,0,0.898982328,0.798860794,0.798608006,0.798633227,0.489002097,1,0.999984313,2.39E-13,2.69E-09,0.923617229,2.40E-13,0.076382771,0,0,0,0,0,0,1,1,1,1,0,1,0,0,1
54,24,0,0,1,1,3,5,0.002706842,0.915659907,0.010026511,0.071606739,0.010026511,0.071606739,0.915659907,0.002706842,1,0,0,0,1,0,2,2,0,0,1,0,0,1,0,0,4,1,54,24,1,2,3,4,2,5,1,3,5,6,7,8,3,1,5,2,1,5,1.060606061,4,1,5,1.060606061,4,2912,15275,15709,"Scuola secondaria di 2Âº grado (diploma di istruzione liceale, diploma di istruzione tecnica, diploma di istruzione professionale)","Scuola secondaria di 2Âº grado (diploma di istruzione liceale, diploma di istruzione tecnica, diploma di istruzione professionale)",2,3,4,2,2,4,2,2,4,2,2,6,7,5,7,6,7,7,6,7,7,7,0,0,0.000306152,0.000351,0.000308,0.000275,0.000352,0.000455359,0.000410313,0.000367235,0,0,0.000306,0.000351,0.000308,0.000275,0.000352,0.000455,0.00041,0.000367,0,0.897269907,0.797790935,0.796684988,0.796646592,0.493093448,0.999999684,0.96771917,1.05E-07,7.26E-05,0.063359269,5.18E-07,0.936640209,0,0,0,0,0,0,1,1,1,0,0.898483665,0.79944866,0.795283695,0.794938399,0.500186889,0.999999688,0.967853471,1.05E-07,7.19E-05,0.063393042,5.55E-07,0.936606398,0,0,0,0,0,0,1,1,1,2,1,4,2,0,1
55,1,0,3,1,1,4,6,0.915659907,0.010026511,0.071606739,0.002706842,0.000574131,0.633121317,0.000903428,0.365401124,0,0,1,0,1,0,5,1,0,1,1,0,0,1,0,0,4,1,55,1,1,2,3,4,5,1,1,1,5,6,7,8,5,5,1,4,1,5,2,4,1,5,0.955555556,4,3155,11273,15772,Scuola secondaria di 1Âº grado (Licenza media),Scuola secondaria di 1Âº grado (Licenza media),1,1,1,3,2,3,1,1,1,3,1,6,7,8,6,8,8,6,6,8,6,6,1,1,0.002904536,0.003386,0.003071,0.003098,0.003666,0.004387326,0.004079551,0.00411772,0,0,0.000306,0.000351,0.000308,0.000275,0.000352,0.000455,0.00041,0.000367,0,0.899273202,0.799108707,0.798927354,0.798906785,0.591917401,1,0.99997541,6.61E-14,7.31E-09,0.416412904,8.02E-13,0.583587096,0,0,0,0,0,0,1,1,1,3,0.866279537,0.783527066,0.771500286,0.772473941,0.485615139,1,0.999975649,6.63E-14,7.24E-09,0.416515167,7.62E-13,0.583484833,2,1,0,2,1,0,1,1,1,3,0,5,2,0,1
55,2,3,0,0,1,4,5,0.000574131,0.000903428,0.365401124,0.633121317,0.002706842,0.915659907,0.010026511,0.071606739,0,0,1,1,0,0,5,1,0,1,0,1,0,0,1,0,8,0,55,2,1,2,3,4,2,1,5,3,5,6,7,8,1,5,1,4,1,5,1.060606061,4,1,5,1.545454545,4,3231,11077,13393,"Scuola secondaria di 2Âº grado (diploma di istruzione liceale, diploma di istruzione tecnica, diploma di istruzione professionale)",Scuola secondaria di 1Âº grado (Licenza media),2,3,4,3,4,3,3,4,4,4,4,6,7,8,6,6,8,6,6,8,6,6,0,0,0.000306152,0.000351,0.000308,0.000275,0.000352,0.000455359,0.000410313,0.000367235,1,1,0.002905,0.003386,0.003071,0.003098,0.003666,0.004387,0.00408,0.004118,3,0.897393262,0.799595221,0.799353819,0.799363468,0.496907941,0.042961882,2.00E-06,0.955537826,0.99841463,5.50E-12,0.982899187,0.017030132,2,1,0,2,1,0,1,1,1,0,0.895277011,0.795761303,0.788849523,0.78903088,0.474704247,0.042938376,2.02E-06,0.955618131,0.998412636,5.30E-12,0.983538972,0.016384556,0,0,0,0,0,0,1,1,1,4,2,1,0,0,1
55,3,1,2,0,1,4,5,0.000977198,0.101048593,0.796442413,0.101531796,0.710982107,0.110330007,0.068357878,0.110330007,0,0,1,0,1,0,3,1,0,1,0,0,1,0,0,1,3,1,55,3,1,2,3,4,1,4,5,3,5,6,7,8,5,3,3,4,1,5,0.897435897,4,3,5,0.244444444,2,3382,15322,15962,"Scuola secondaria di 2Âº grado (diploma di istruzione liceale, diploma di istruzione tecnica, diploma di istruzione professionale)","Scuola secondaria di 2Âº grado (diploma di istruzione liceale, diploma di istruzione tecnica, diploma di istruzione professionale)",2,3,4,3,2,3,3,4,3,3,3,5,5,5,7,8,8,5,5,5,6,5,2,1,0.002016214,0.002034,0.00187,0.001831,0.002227,0.002320115,0.002151938,0.002087662,1,1,0.000958,0.000969,0.00086,0.00081,0.001126,0.001204,0.001093,0.001026,1,0.886162434,0.796471805,0.786451162,0.786451128,0.497823208,0.999999447,0.385801974,4.96E-07,0.133754733,2.48E-07,2.97E-06,0.999996772,1,0,0,1,0,0,1,1,1,2,0.866565488,0.791702335,0.784465137,0.780771113,0.441498091,0.999999448,0.387593138,4.96E-07,0.132772644,2.48E-07,3.14E-06,0.999996592,2,0,0,1,0,0,1,1,1,1,0,3,0,0,1
55,4,0,0,0,1,4,4,0.002706842,0.010026511,0.071606739,0.915659907,0.002706842,0.071606739,0.915659907,0.010026511,0,0,1,0,1,0,6,1,0,1,0,1,0,0,1,0,4,1,55,4,1,2,3,4,1,2,4,5,5,6,7,8,1,4,5,3,1,5,1.111111111,4,1,5,0.897435897,4,3157,14901,17068,"Scuola secondaria di 2Âº grado (diploma di istruzione liceale, diploma di istruzione tecnica, diploma di istruzione professionale)","Scuola secondaria di 2Âº grado (diploma di istruzione liceale, diploma di istruzione tecnica, diploma di istruzione professionale)",2,3,4,3,4,4,3,4,4,4,4,6,7,8,7,6,7,7,6,7,7,7,0,0,0.000306152,0.000351,0.000308,0.000275,0.000352,0.000455359,0.000410313,0.000367235,0,0,0.000306,0.000351,0.000308,0.000275,0.000352,0.000455,0.00041,0.000367,0,0.899657266,0.799910991,0.799788756,0.799791181,0.489622761,0.000805806,1.21E-07,0.997627817,0.998416509,5.35E-14,0.999484418,0.000443708,0,0,0,0,0,0,1,1,1,0,0.899032073,0.799495974,0.798733223,0.79879813,0.487653354,0.000805842,1.22E-07,0.997687119,0.998414528,5.35E-14,0.999478799,0.00044349,0,0,0,0,0,0,1,1,1,0,0,0,0,1,1
55,5,1,0,0,1,4,0,0.086983114,0.132330037,0.05739948,0.723287369,0.002706842,0.071606739,0.915659907,0.010026511,0,0,1,0,1,0,3,1,0,1,1,0,0,0,1,0,8,0,55,5,1,2,3,4,1,5,5,5,5,6,7,8,5,1,5,1,1,5,1,4,1,5,1.777777778,4,3329,11776,11158,Scuola secondaria di 1Âº grado (Licenza media),Scuola secondaria di 1Âº grado (Licenza media),1,3,4,2,4,4,2,4,4,4,4,6,7,8,7,6,7,7,6,7,7,7,0,0,0.000306152,0.000351,0.000308,0.000275,0.000352,0.000455359,0.000410313,0.000367235,1,1,0.000694,0.00159,0.001395,0.001327,0.000752,0.001853,0.001654,0.001555,1,0.893106432,0.798693504,0.79571441,0.795746792,0.401007656,0.003852219,4.35E-06,0.994584009,0.996018869,3.42E-11,0.99787637,0.002051871,1,0,0,0,0,0,0,0,1,0,0.899032073,0.799495974,0.798733223,0.79879813,0.487653354,0.003851908,4.37E-06,0.994643513,0.996015359,3.43E-11,0.997868083,0.002054331,0,0,0,0,0,0,1,1,1,3,0,6,2,0,0
55,6,0,5,1,1,4,7,0.010026511,0.915659907,0.002706842,0.071606739,0.201706528,0.270916774,0.527005439,0.000371259,0,0,1,0,1,0,4,1,0,1,0,0,1,0,0,1,3,1,55,6,1,2,3,4,2,5,1,4,5,6,7,8,3,4,5,3,1,5,1.111111111,4,3,5,0.244444444,2,3252,18196,19281,Scuola secondaria di 1Âº grado (Licenza media),Scuola secondaria di 1Âº grado (Licenza media),2,1,4,2,2,4,2,2,4,2,2,5,7,5,7,6,7,7,5,7,7,6,2,1,0.009315631,0.010101,0.009699,0.011409,0.011178,0.012376918,0.012055149,0.014129339,0,0,0.000306,0.000351,0.000308,0.000275,0.000352,0.000455,0.00041,0.000367,0,0.897846929,0.798294477,0.797802644,0.797637956,0.49557102,0.99999989,0.995339651,3.64E-08,1.05E-05,0.385935607,1.21E-07,0.614064271,0,0,0,0,0,0,1,1,1,5,0.766925724,0.788526921,0.772959484,0.566773033,0.537599665,0.999999892,0.995359214,3.64E-08,1.04E-05,0.386039707,1.30E-07,0.613960162,0,2,3,0,1,3,1,1,1,0,0,3,1,1,1
55,7,0,0,0,1,4,5,0.002706842,0.010026511,0.071606739,0.915659907,0.010026511,0.071606739,0.915659907,0.002706842,1,0,0,1,0,0,5,1,0,0,0,0,1,0,0,1,5,1,55,7,1,2,3,4,1,1,5,5,5,6,7,8,1,4,5,3,1,5,1.777777778,4,1,5,0.897435897,4,3551,14584,14288,Scuola primaria (Licenza elementare),Scuola secondaria di 1Âº grado (Licenza media),2,3,4,3,4,4,3,4,4,4,4,6,7,5,7,6,7,7,6,7,7,7,0,0,0.000306152,0.000351,0.000308,0.000275,0.000352,0.000455359,0.000410313,0.000367235,0,0,0.000306,0.000351,0.000308,0.000275,0.000352,0.000455,0.00041,0.000367,0,0.899657266,0.799910991,0.799788756,0.799791181,0.489622761,0.000805806,1.21E-07,0.997627817,0.998416509,5.35E-14,0.999484418,0.000443708,0,0,0,0,0,0,1,1,1,0,0.898483665,0.79944866,0.795283695,0.794938399,0.500186889,0.000805842,1.22E-07,0.997687119,0.998414528,5.35E-14,0.999478799,0.00044349,0,0,0,0,0,0,1,1,1,2,0,2,1,0,1
55,8,0,1,1,1,4,7,0.071606739,0.915659907,0.010026511,0.002706842,0.05739948,0.086983114,0.132330037,0.723287369,0,0,1,1,0,0,4,1,0,1,1,0,0,1,0,0,6,1,55,8,1,2,3,4,4,5,3,1,5,6,7,8,3,3,4,5,1,5,0.897435897,4,3,5,0.244444444,2,3360,13157,15629,"Scuola secondaria di 2Âº grado (diploma di istruzione liceale, diploma di istruzione tecnica, diploma di istruzione professionale)","Scuola secondaria di 2Âº grado (diploma di istruzione liceale, diploma di istruzione tecnica, diploma di istruzione professionale)",2,1,1,2,2,3,2,2,1,2,2,5,7,8,6,8,8,7,8,8,8,8,1,1,0.000693828,0.00159,0.001395,0.001327,0.000752,0.001852859,0.001653838,0.001554939,0,0,0.000306,0.000351,0.000308,0.000275,0.000352,0.000455,0.00041,0.000367,0,0.89920837,0.799527005,0.797852205,0.779980765,0.5011577,1,0.99999966,3.51E-14,5.39E-11,0.999042559,5.05E-16,0.000957441,0,0,0,0,0,0,1,1,1,1,0.88990437,0.790274156,0.786807617,0.791408063,0.396429438,1,0.999999663,3.51E-14,5.32E-11,0.999042646,5.41E-16,0.000957354,1,0,0,0,0,0,0,0,1,0,0,1,0,1,1
55,9,0,0,1,1,4,6,0.071606739,0.915659907,0.002706842,0.010026511,0.915659907,0.002706842,0.071606739,0.010026511,0,0,1,0,1,0,3,1,0,1,NaN,NaN,NaN,NaN,NaN,NaN,NaN,0,55,9,1,2,3,4,4,5,1,2,5,6,7,8,5,1,4,3,1,5,1.111111111,4,1,5,0.897435897,4,3435,16772,16728,Laurea triennale,"Scuola secondaria di 2Âº grado (diploma di istruzione liceale, diploma di istruzione tecnica, diploma di istruzione professionale)",2,1,1,2,2,4,2,2,1,2,2,5,5,5,7,8,7,5,5,5,7,5,0,0,0.000306152,0.000351,0.000308,0.000275,0.000352,0.000455359,0.000410313,0.000367235,0,0,0.000306,0.000351,0.000308,0.000275,0.000352,0.000455,0.00041,0.000367,0,0.898465058,0.799027736,0.798302045,0.79063163,0.499681915,1,0.999994396,1.95E-12,8.89E-10,0.997438886,5.27E-14,0.002561114,0,0,0,0,0,0,1,1,1,0,0.897810787,0.798122539,0.7975203,0.79678175,0.495201965,1,0.999994434,1.95E-12,8.79E-10,0.997439193,5.43E-14,0.002560807,0,0,0,0,0,0,1,1,1,0,0,0,0,1,1
55,10,3,4,1,1,4,2,0.000903195,0.36556655,0.632956231,0.000574023,0.499378285,0.499378285,0.000497891,0.000745539,0,0,1,0,0,1,6,1,0,1,0,1,0,0,1,0,2,1,55,10,1,2,3,4,3,5,5,1,5,6,7,8,5,2,4,3,1,5,1.047619048,4,2,5,0.476190476,3,3426,11293,9937,Scuola secondaria di 1Âº grado (Licenza media),Scuola secondaria di 1Âº grado (Licenza media),2,3,1,3,2,3,3,2,3,2,3,5,5,5,6,6,8,6,6,5,6,5,2,2,0.002904536,0.003386,0.003071,0.003098,0.003666,0.004387326,0.004079551,0.00411772,1,1,0.002905,0.003386,0.003071,0.003098,0.003666,0.004387,0.00408,0.004118,3,0.846396161,0.779353829,0.766651387,0.766376056,0.498017959,1,0.99935787,3.74E-12,2.51E-06,0.003648406,4.10E-11,0.996351594,1,0,1,1,0,1,1,1,0,4,0.867151085,0.791304598,0.776134693,0.776144391,0.500306956,1,0.999363247,3.74E-12,2.47E-06,0.003651223,4.16E-11,0.996348777,2,0,2,2,0,3,1,1,1,1,0,7,3,0,0
55,11,0,0,0,1,4,6,0.915659907,0.071606739,0.010026511,0.002706842,0.010026511,0.002706842,0.915659907,0.071606739,1,0,0,1,0,0,3,1,0,0,1,0,0,0,1,0,3,1,55,11,1,2,3,4,5,3,3,1,5,6,7,8,3,1,5,3,1,5,0.888888889,4,1,5,0.888888889,4,NaN,NaN,NaN,,,1,1,1,2,2,3,1,1,1,2,1,5,7,8,7,8,7,7,8,7,7,7,0,0,0.000306152,0.000351,0.000308,0.000275,0.000352,0.000455359,0.000410313,0.000367235,0,0,0.000306,0.000351,0.000308,0.000275,0.000352,0.000455,0.00041,0.000367,0,0.899555009,0.799529066,0.799230456,0.799061092,0.549426574,1,0.999999424,8.38E-15,1.20E-10,0.993718325,1.14E-15,0.006281675,0,0,0,0,0,0,1,1,1,0,0.898765554,0.798885186,0.798743706,0.798997535,0.480549041,1,0.999999429,8.41E-15,1.19E-10,0.993719185,1.03E-15,0.006280815,0,0,0,0,0,0,1,1,1,1,0,1,0,0,1
55,12,1,0,1,1,4,1,0.796442413,0.101531796,0.101048593,0.000977198,0.915659907,0.071606739,0.002706842,0.010026511,0,0,1,1,0,0,5,1,0,1,NaN,NaN,NaN,NaN,NaN,NaN,NaN,0,55,12,1,2,3,4,5,1,5,1,5,6,7,8,5,5,5,5,1,5,1.777777778,4,5,5,0,0,3438,15766,20251,Scuola secondaria di 1Âº grado (Licenza media),Scuola secondaria di 1Âº grado (Licenza media),1,1,1,3,2,3,1,1,1,2,1,5,5,5,6,6,8,5,5,5,6,5,0,0,0.000306152,0.000351,0.000308,0.000275,0.000352,0.000455359,0.000410313,0.000367235,1,1,0.000958,0.000969,0.00086,0.00081,0.001126,0.001204,0.001093,0.001026,1,0.897471607,0.798528266,0.798258881,0.798126662,0.606072635,1,0.999996147,1.63E-14,8.00E-10,0.913973832,2.97E-14,0.086026168,1,0,0,1,0,0,1,1,1,0,0.899376629,0.799427965,0.797364969,0.797356977,0.504583747,1,0.999996184,1.63E-14,7.93E-10,0.913995786,2.70E-14,0.086004214,0,0,0,0,0,0,1,1,1,3,0,6,0,0,0
56,10,1,0,1,1,4,2,0.796442413,0.101531796,0.000977198,0.101048593,0.915659907,0.071606739,0.002706842,0.010026511,1,0,0,0,0,1,5,3,1,0,0,0,1,1,0,0,3,1,56,10,1,2,3,4,5,5,5,5,5,6,7,8,5,3,1,2,5,5,0,0,1,5,1.060606061,4,3343,14352,15675,"Scuola secondaria di 2Âº grado (diploma di istruzione liceale, diploma di istruzione tecnica, diploma di istruzione professionale)",Scuola secondaria di 1Âº grado (Licenza media),1,1,1,2,4,4,1,1,1,2,1,5,5,5,6,6,8,5,5,5,6,5,0,0,0.000306152,0.000351,0.000308,0.000275,0.000352,0.000455359,0.000410313,0.000367235,1,1,0.000958,0.000969,0.00086,0.00081,0.001126,0.001204,0.001093,0.001026,1,0.890917302,0.794065444,0.791648518,0.791580625,0.499995041,0.999999993,0.99878127,1.11E-10,2.53E-07,0.596781062,5.23E-10,0.403218938,1,0,0,1,0,0,1,1,1,0,0.899376629,0.799427965,0.797364969,0.797356977,0.504583747,0.999999993,0.99878939,1.11E-10,2.52E-07,0.596862579,4.50E-10,0.403137421,0,0,0,0,0,0,1,1,1,7,0,0,0,1,1
56,11,0,1,1,1,4,3,0.071606739,0.915659907,0.010026511,0.002706842,0.086983114,0.723287369,0.05739948,0.132330037,0,0,1,1,0,0,5,3,1,1,NaN,NaN,NaN,NaN,NaN,NaN,NaN,0,56,11,1,2,3,4,2,5,1,1,5,6,7,8,1,5,1,2,1,5,1.592592593,4,1,5,1.592592593,4,3333,11792,12149,Scuola secondaria di 1Âº grado (Licenza media),Scuola secondaria di 1Âº grado (Licenza media),2,1,1,2,2,3,2,2,1,2,2,6,7,5,6,6,8,6,6,8,6,6,1,1,0.000693828,0.00159,0.001395,0.001327,0.000752,0.001852859,0.001653838,0.001554939,0,0,0.000306,0.000351,0.000308,0.000275,0.000352,0.000455,0.00041,0.000367,0,0.89920837,0.799527005,0.797852205,0.779980765,0.5011577,1,0.99999966,3.51E-14,5.39E-11,0.999042559,5.05E-16,0.000957441,0,0,0,0,0,0,1,1,1,1,0.871260974,0.788521513,0.783626256,0.78405937,0.379000617,1,0.999999663,3.51E-14,5.32E-11,0.999042646,5.41E-16,0.000957354,1,0,0,0,0,0,0,0,1,1,0,1,0,0,1
56,12,3,6,0,1,4,6,0.000573961,0.365661362,0.000903062,0.632861616,0.0003507,0.180228022,0.512721694,0.306699585,0,0,1,0,1,0,6,3,1,1,0,0,1,1,0,0,8,0,56,12,1,2,3,4,1,4,3,5,5,6,7,8,2,4,5,5,1,5,0.897435897,4,2,5,0.5,3,3392,10805,10732,"Scuola secondaria di 2Âº grado (diploma di istruzione liceale, diploma di istruzione tecnica, diploma di istruzione professionale)",Scuola secondaria di 1Âº grado (Licenza media),2,3,4,2,4,4,2,4,4,2,4,6,7,8,7,8,7,6,8,8,7,7,2,2,0.009315631,0.010101,0.009699,0.011409,0.011178,0.012376918,0.012055149,0.014129339,1,1,0.002905,0.003386,0.003071,0.003098,0.003666,0.004387,0.00408,0.004118,3,0.893215898,0.798485496,0.796136584,0.796174174,0.495924194,0.420687514,0.000982027,0.578165664,0.933196119,2.46E-07,0.769169072,0.23077537,1,0,1,1,0,1,1,1,0,6,0.84608339,0.783494305,0.777774817,0.781147303,0.472644267,0.420715262,0.000985395,0.578176319,0.933153605,2.43E-07,0.772353784,0.227585921,2,0,2,2,0,1,1,1,0,0,0,1,0,1,1
56,13,8,9,1,1,4,3,0.292804335,0.404239328,0.237960619,0.064995718,0.07752131,0.285147518,0.342344678,0.294986493,1,0,0,0,0,1,5,3,1,0,0,1,0,1,0,0,4,1,56,13,1,2,3,4,5,5,4,4,5,6,7,8,4,5,5,4,4,5,0.074074074,1,4,5,0.074074074,1,3458,13566,14199,Scuola secondaria di 1Âº grado (Licenza media),Scuola secondaria di 1Âº grado (Licenza media),2,1,1,3,2,4,2,1,1,3,2,6,7,5,7,6,8,7,8,8,7,6,5,4,0.104602065,0.104602,0.104602,0.104602,0.114425,0.114424833,0.114424833,0.114424833,4,3,0.01947,0.01947,0.019672,0.019672,0.021729,0.021729,0.022187,0.022187,8,0.412326697,0.700736936,0.682029417,0.670636233,0.369970149,1,0.99971768,1.11E-11,7.78E-08,0.522933204,6.35E-11,0.477066796,3,1,2,1,0,1,0,0,0,9,0.243479959,0.549909962,0.366995839,0.387295461,0.221123009,1,0.999719813,1.11E-11,7.70E-08,0.523036771,6.30E-11,0.476963229,4,1,3,1,0,2,0,0,0,3,0,4,0,0,0
56,14,0,2,1,1,4,7,0.071606739,0.915659907,0.010026511,0.002706842,0.110330007,0.710982107,0.110330007,0.068357878,0,0,1,0,0,1,4,3,1,1,0,0,1,1,0,0,3,1,56,14,1,2,3,4,4,5,4,4,5,6,7,8,4,5,4,3,4,5,0.058823529,1,3,5,0.166666667,2,3483,12516,15374,Scuola secondaria di 1Âº grado (Licenza media),Scuola secondaria di 1Âº grado (Licenza media),2,1,1,2,2,3,2,2,1,2,2,6,5,5,6,6,8,6,6,7,6,6,2,1,0.002016214,0.002034,0.00187,0.001831,0.002227,0.002320115,0.002151938,0.002087662,0,0,0.000306,0.000351,0.000308,0.000275,0.000352,0.000455,0.00041,0.000367,0,0.89920837,0.799527005,0.797852205,0.779980765,0.5011577,1,0.99999966,3.51E-14,5.39E-11,0.999042559,5.05E-16,0.000957441,0,0,0,0,0,0,1,1,1,2,0.854176327,0.786546189,0.784076614,0.784460094,0.406026806,1,0.999999663,3.51E-14,5.32E-11,0.999042646,5.41E-16,0.000957354,2,0,0,1,0,0,1,1,1,3,0,3,0,0,1
56,15,1,4,0,1,4,4,0.101531796,0.000977198,0.101048593,0.796442413,0.000328208,0.314424823,0.206834133,0.478412835,1,0,0,0,1,0,5,3,1,0,0,1,0,0,0,1,4,1,56,15,1,2,3,4,4,3,4,5,5,6,7,8,3,4,4,5,3,5,0.166666667,2,3,5,0.166666667,2,3302,15664,17296,"Scuola secondaria di 2Âº grado (diploma di istruzione liceale, diploma di istruzione tecnica, diploma di istruzione professionale)","Scuola secondaria di 2Âº grado (diploma di istruzione liceale, diploma di istruzione tecnica, diploma di istruzione professionale)",1,3,4,3,4,4,1,4,4,4,4,6,7,8,7,6,8,7,6,8,8,8,2,2,0.001106908,0.007361,0.006785,0.007864,0.001221,0.009058014,0.008536963,0.009850282,1,1,0.000958,0.000969,0.00086,0.00081,0.001126,0.001204,0.001093,0.001026,1,0.897039883,0.799331246,0.797461723,0.797474034,0.404245324,0.003479667,8.78E-07,0.994952073,0.994109248,1.29E-12,0.998082971,0.001845256,1,0,0,1,0,0,1,1,1,4,0.764307871,0.748976075,0.720506312,0.734138769,0.502299743,0.003479614,8.82E-07,0.995011407,0.994105081,1.29E-12,0.998077503,0.001844894,1,1,1,0,0,0,0,1,0,2,0,1,0,1,1
56,16,1,1,0,1,4,2,0.086983114,0.132330037,0.05739948,0.723287369,0.101048593,0.796442413,0.101531796,0.000977198,0,0,1,0,1,0,8,3,1,0,0,0,1,0,0,1,2,1,56,16,1,2,3,4,3,1,2,5,5,6,7,8,2,5,3,4,1,5,1.060606061,4,2,5,0.476190476,3,3462,12637,12637,Scuola secondaria di 1Âº grado (Licenza media),Scuola secondaria di 1Âº grado (Licenza media),1,3,4,2,4,4,2,4,4,4,4,6,5,5,6,6,7,6,6,7,6,6,1,1,0.000957953,0.000969,0.00086,0.00081,0.001126,0.001204491,0.001092811,0.001025973,1,1,0.000694,0.00159,0.001395,0.001327,0.000752,0.001853,0.001654,0.001555,1,0.893106432,0.798693504,0.79571441,0.795746792,0.401007656,0.003852219,4.35E-06,0.994584009,0.996018869,3.42E-11,0.99787637,0.002051871,1,0,0,0,0,0,0,0,1,1,0.889786253,0.794502581,0.79393657,0.794071983,0.45141309,0.003851908,4.37E-06,0.994643513,0.996015359,3.43E-11,0.997868083,0.002054331,1,0,0,1,0,0,1,1,1,6,3,5,2,0,1
56,18,1,8,0,1,4,2,0.05739948,0.086983114,0.132330037,0.723287369,0.381747703,0.236019078,0.000308713,0.381924506,0,0,1,1,0,0,5,3,1,1,0,0,1,0,1,0,4,1,56,18,1,2,3,4,1,4,1,5,5,6,7,8,5,5,5,5,1,5,1.545454545,4,5,5,0,0,3463,17656,17561,Scuola secondaria di 1Âº grado (Licenza media),"Scuola secondaria di 2Âº grado (diploma di istruzione liceale, diploma di istruzione tecnica, diploma di istruzione professionale)",1,3,4,2,4,4,3,4,4,4,4,5,5,5,6,6,8,6,5,8,8,8,4,4,0.050472327,0.050472,0.050472,0.050472,0.061277,0.06127748,0.06127748,0.06127748,1,1,0.000694,0.00159,0.001395,0.001327,0.000752,0.001853,0.001654,0.001555,1,0.896150129,0.799407613,0.797840247,0.797852316,0.404964541,0.001942515,6.90E-07,0.99649289,0.998415942,1.17E-12,0.998885147,0.001043022,1,0,0,0,0,0,0,0,1,8,0.258814637,0.639221244,0.359478214,0.39827511,0.267557339,0.00194249,6.93E-07,0.996552185,0.998413957,1.17E-12,0.998879007,0.001043329,3,2,1,3,1,0,1,1,0,5,2,7,0,0,1
56,19,7,11,1,1,4,3,0.151872287,0.408388348,0.439394436,0.000344929,0.245623492,0.373837765,0.150715035,0.229823708,1,0,0,0,1,0,8,3,1,0,0,0,1,0,1,0,1,1,56,19,1,2,3,4,3,5,1,1,5,6,7,8,4,1,3,4,1,5,1.466666667,4,1,4,0.666666667,3,3534,16517,16983,"Scuola secondaria di 2Âº grado (diploma di istruzione liceale, diploma di istruzione tecnica, diploma di istruzione professionale)",Scuola secondaria di 1Âº grado (Licenza media),2,1,1,2,2,3,3,2,3,2,3,6,5,5,7,6,7,6,5,8,8,6,5,4,0.264142056,0.264142,0.264142,0.264142,0.269542,0.269541779,0.269541779,0.269541779,3,3,0.009316,0.010101,0.009699,0.011409,0.011178,0.012377,0.012055,0.014129,7,0.506240706,0.723055738,0.561846365,0.537603507,0.481800595,1,0.999986515,6.69E-13,5.28E-08,0.33624032,5.11E-12,0.66375968,3,2,1,2,1,1,1,1,0,11,0.225065917,0.468934333,0.343881011,0.35914629,0.207834861,1,0.999986623,6.69E-13,5.20E-08,0.336352662,5.17E-12,0.663647338,6,1,2,3,0,1,0,1,0,4,1,7,3,0,0
56,20,0,0,1,1,4,5,0.915659907,0.071606739,0.010026511,0.002706842,0.915659907,0.071606739,0.010026511,0.002706842,0,0,1,0,0,1,8,3,1,0,0,1,0,1,0,0,4,1,56,20,1,2,3,4,5,4,3,1,5,6,7,8,4,3,5,1,1,5,0.897435897,4,1,5,0.897435897,4,3262,16296,16507,Scuola secondaria di 1Âº grado (Licenza media),Scuola primaria (Licenza elementare),1,1,1,2,2,3,1,1,1,2,1,5,5,5,6,6,7,5,5,5,6,5,0,0,0.000306152,0.000351,0.000308,0.000275,0.000352,0.000455359,0.000410313,0.000367235,0,0,0.000306,0.000351,0.000308,0.000275,0.000352,0.000455,0.00041,0.000367,0,0.899555009,0.799529066,0.799230456,0.799061092,0.549426574,1,0.999999424,8.38E-15,1.20E-10,0.993718325,1.14E-15,0.006281675,0,0,0,0,0,0,1,1,1,0,0.899296996,0.799380705,0.798929519,0.798925727,0.497488442,1,0.999999429,8.41E-15,1.19E-10,0.993719185,1.03E-15,0.006280815,0,0,0,0,0,0,1,1,1,0,0,4,2,1,1
56,21,0,3,1,1,4,4,0.071606739,0.915659907,0.010026511,0.002706842,0.579982908,0.232632748,0.186983808,0.000400536,0,1,0,1,0,0,5,3,1,0,0,1,0,1,0,0,3,1,56,21,1,2,3,4,5,5,4,1,5,6,7,8,5,4,4,3,1,5,0.955555556,4,3,5,0.166666667,2,3252,11355,11339,"Scuola secondaria di 2Âº grado (diploma di istruzione liceale, diploma di istruzione tecnica, diploma di istruzione professionale)",Scuola secondaria di 1Âº grado (Licenza media),2,1,1,2,2,3,2,2,1,2,2,6,5,5,7,6,7,5,5,5,7,5,1,1,0.001106908,0.007361,0.006785,0.007864,0.001221,0.009058014,0.008536963,0.009850282,0,0,0.000306,0.000351,0.000308,0.000275,0.000352,0.000455,0.00041,0.000367,0,0.89920837,0.799527005,0.797852205,0.779980765,0.5011577,1,0.99999966,3.51E-14,5.39E-11,0.999042559,5.05E-16,0.000957441,0,0,0,0,0,0,1,1,1,3,0.878171983,0.790169371,0.785219011,0.784881423,0.557307007,1,0.999999663,3.51E-14,5.32E-11,0.999042646,5.41E-16,0.000957354,2,1,0,1,0,0,0,1,1,1,0,1,0,0,1
56,22,0,0,0,1,4,5,0.071606739,0.002706842,0.915659907,0.010026511,0.915659907,0.071606739,0.010026511,0.002706842,0,0,1,1,0,0,5,3,1,1,1,0,0,1,0,0,4,1,56,22,1,2,3,4,4,2,5,4,5,6,7,8,5,5,3,4,2,5,0.422222222,3,3,5,0.215686275,2,3137,13740,15255,Laurea specialistica,"Scuola secondaria di 2Âº grado (diploma di istruzione liceale, diploma di istruzione tecnica, diploma di istruzione professionale)",1,3,1,3,4,3,3,1,3,3,3,5,5,5,6,6,7,5,5,5,6,5,0,0,0.000306152,0.000351,0.000308,0.000275,0.000352,0.000455359,0.000410313,0.000367235,0,0,0.000306,0.000351,0.000308,0.000275,0.000352,0.000455,0.00041,0.000367,0,0.898344791,0.798102344,0.797913641,0.797913591,0.50818623,0.999999983,0.576682197,2.10E-09,0.002868654,2.40E-06,2.08E-08,0.999997579,0,0,0,0,0,0,1,1,1,0,0.899296996,0.799380705,0.798929519,0.798925727,0.497488442,0.999999983,0.578590911,2.10E-09,0.002838427,2.40E-06,2.00E-08,0.999997577,0,0,0,0,0,0,1,1,1,1,0,3,1,0,1
56,23,0,0,1,1,4,7,0.915659907,0.071606739,0.010026511,0.002706842,0.915659907,0.010026511,0.071606739,0.002706842,0,0,1,1,0,0,5,3,1,1,0,1,0,0,0,1,3,1,56,23,1,2,3,4,5,4,3,2,5,6,7,8,5,4,4,4,2,5,0.476190476,3,4,5,0.058823529,1,3203,17132,17849,Scuola secondaria di 1Âº grado (Licenza media),Scuola secondaria di 1Âº grado (Licenza media),1,1,1,2,2,3,1,1,1,2,1,5,5,5,7,6,7,5,5,5,7,5,0,0,0.000306152,0.000351,0.000308,0.000275,0.000352,0.000455359,0.000410313,0.000367235,0,0,0.000306,0.000351,0.000308,0.000275,0.000352,0.000455,0.00041,0.000367,0,0.899555009,0.799529066,0.799230456,0.799061092,0.549426574,1,0.999999424,8.38E-15,1.20E-10,0.993718325,1.14E-15,0.006281675,0,0,0,0,0,0,1,1,1,0,0.897630619,0.797953895,0.796047082,0.795696735,0.522902771,1,0.999999429,8.41E-15,1.19E-10,0.993719185,1.03E-15,0.006280815,0,0,0,0,0,0,1,1,1,0,0,3,0,1,1
56,24,0,10,0,1,4,5,0.010026511,0.002706842,0.071606739,0.915659907,0.13744072,0.348079095,0.16640109,0.348079095,0,0,1,0,1,0,5,3,1,1,0,0,1,0,0,1,3,1,56,24,1,2,3,4,1,3,5,5,5,6,7,8,5,5,5,5,1,5,1.047619048,4,5,5,0,0,3307,17196,18481,"Scuola secondaria di 2Âº grado (diploma di istruzione liceale, diploma di istruzione tecnica, diploma di istruzione professionale)",Laurea specialistica,1,3,4,3,4,4,3,4,4,4,4,6,7,8,6,6,8,5,8,7,8,6,5,4,0.064212664,0.064213,0.207538,0.207538,0.066126,0.066125904,0.213352685,0.213352685,0,0,0.000306,0.000351,0.000308,0.000275,0.000352,0.000455,0.00041,0.000367,0,0.899577289,0.79989544,0.799435219,0.799437349,0.484898621,0.001001689,1.03E-07,0.997432241,0.998416528,4.11E-14,0.999381237,0.000546896,0,0,0,0,0,0,1,1,1,10,0.217372189,0.576343012,0.243344019,0.261595461,0.220630127,0.001001743,1.04E-07,0.997491513,0.998414546,4.12E-14,0.999375617,0.000546679,5,0,3,4,0,1,1,1,0,3,1,7,0,0,0
56,25,10,10,0,1,4,5,0.166720786,0.333309114,0.333300572,0.166669528,0.245530814,0.192573826,0.322038725,0.239856635,0,1,0,1,0,0,5,3,1,0,NaN,NaN,NaN,NaN,NaN,NaN,NaN,0,56,25,1,2,3,4,5,5,3,4,5,6,7,8,4,4,5,4,3,5,0.215686275,2,4,5,0.058823529,1,3270,12377,14886,"Scuola secondaria di 2Âº grado (diploma di istruzione liceale, diploma di istruzione tecnica, diploma di istruzione professionale)",Scuola secondaria di 1Âº grado (Licenza media),2,3,1,3,4,4,2,1,3,3,2,5,5,8,6,8,7,5,6,8,7,7,6,4,0.264142056,0.264142,0.264142,0.264142,0.269542,0.269541779,0.269541779,0.269541779,5,4,0.052765,0.207538,0.207538,0.207538,0.052802,0.213353,0.213353,0.213353,10,0.25475182,0.337194037,0.311144907,0.310976983,0.211762611,0.999999555,0.372040248,1.80E-08,0.000188119,0.000318201,1.37E-07,0.99968166,4,2,2,2,0,1,0,0,0,10,0.215827831,0.269752711,0.236467104,0.291856386,0.20085773,0.999999562,0.373457253,1.80E-08,0.000186787,0.000318471,1.33E-07,0.999681396,4,2,2,1,0,0,0,0,0,6,2,3,0,0,1
56,26,8,1,1,1,4,7,0.236088073,0.381742678,0.000308707,0.381860543,0.086983114,0.05739948,0.723287369,0.132330037,1,0,0,1,0,0,8,3,1,0,1,0,0,0,0,1,4,1,56,26,1,2,3,4,5,5,1,4,5,6,7,8,4,4,5,5,1,5,0.955555556,4,4,5,0.074074074,1,3403,13602,14301,"Scuola secondaria di 2Âº grado (diploma di istruzione liceale, diploma di istruzione tecnica, diploma di istruzione professionale)","Scuola secondaria di 2Âº grado (diploma di istruzione liceale, diploma di istruzione tecnica, diploma di istruzione professionale)",2,1,4,2,2,4,1,2,1,4,4,6,7,5,7,8,7,7,8,7,7,7,1,1,0.000693828,0.00159,0.001395,0.001327,0.000752,0.001852859,0.001653838,0.001554939,4,4,0.050472,0.050472,0.050472,0.050472,0.061277,0.061277,0.061277,0.061277,8,0.310323012,0.641737254,0.595174937,0.594616702,0.269373955,0.999991497,0.975565196,8.35E-06,0.00476488,0.006096595,3.80E-05,0.993865401,3,1,2,3,1,1,1,1,0,1,0.891247521,0.79737469,0.793093585,0.793640035,0.428959285,0.999991499,0.975699247,8.35E-06,0.00472358,0.006100435,3.85E-05,0.99386102,1,0,0,0,0,0,0,0,1,4,1,2,0,0,0
57,4,0,0,1,1,4,5,0.071606739,0.915659907,0.002706842,0.010026511,0.915659907,0.071606739,0.010026511,0.002706842,0,1,0,0,0,1,4,2,1,0,0,0,1,1,0,0,6,1,57,4,1,2,3,4,4,5,3,2,5,6,7,8,5,4,3,2,2,5,0.476190476,3,2,5,0.476190476,3,3315,13917,16440,"Scuola secondaria di 2Âº grado (diploma di istruzione liceale, diploma di istruzione tecnica, diploma di istruzione professionale)","Scuola secondaria di 2Âº grado (diploma di istruzione liceale, diploma di istruzione tecnica, diploma di istruzione professionale)",2,1,1,2,2,4,2,2,1,2,2,5,5,5,6,6,7,5,5,5,6,5,0,0,0.000306152,0.000351,0.000308,0.000275,0.000352,0.000455359,0.000410313,0.000367235,0,0,0.000306,0.000351,0.000308,0.000275,0.000352,0.000455,0.00041,0.000367,0,0.898465058,0.799027736,0.798302045,0.79063163,0.499681915,1,0.999994396,1.95E-12,8.89E-10,0.997438886,5.27E-14,0.002561114,0,0,0,0,0,0,1,1,1,0,0.899296996,0.799380705,0.798929519,0.798925727,0.497488442,1,0.999994434,1.95E-12,8.79E-10,0.997439193,5.43E-14,0.002560807,0,0,0,0,0,0,1,1,1,2,1,0,0,1,1
57,5,2,0,1,1,4,2,0.110330007,0.710982107,0.110330007,0.068357878,0.010026511,0.915659907,0.071606739,0.002706842,0,0,1,1,0,0,8,2,1,0,0,1,0,1,0,0,4,1,57,5,1,2,3,4,2,5,3,4,5,6,7,8,4,5,4,1,2,5,0.476190476,3,1,5,0.857142857,4,3554,15976,16300,"Scuola secondaria di 2Âº grado (diploma di istruzione liceale, diploma di istruzione tecnica, diploma di istruzione professionale)","Scuola secondaria di 2Âº grado (diploma di istruzione liceale, diploma di istruzione tecnica, diploma di istruzione professionale)",2,3,4,2,2,3,2,2,1,2,2,6,7,5,6,6,7,6,6,7,6,6,0,0,0.000306152,0.000351,0.000308,0.000275,0.000352,0.000455359,0.000410313,0.000367235,2,1,0.002016,0.002034,0.00187,0.001831,0.002227,0.00232,0.002152,0.002088,2,0.858449918,0.791734047,0.780173706,0.765885607,0.465216772,0.999999999,0.99981975,1.39E-11,2.86E-08,0.818564313,2.65E-11,0.181435687,2,0,0,1,0,0,1,1,1,0,0.897355818,0.798026291,0.797209173,0.797269583,0.508980094,0.999999999,0.9998208,1.39E-11,2.83E-08,0.818620702,2.90E-11,0.181379298,0,0,0,0,0,0,1,1,1,4,1,1,0,0,1
57,6,0,0,0,1,4,6,0.071606739,0.010026511,0.002706842,0.915659907,0.002706842,0.010026511,0.915659907,0.071606739,0,0,1,0,0,1,3,2,1,1,0,0,1,1,0,0,4,1,57,6,1,2,3,4,5,3,2,5,5,6,7,8,3,2,5,3,2,5,0.6,3,2,5,0.487179487,3,3487,11957,13219,Scuola secondaria di 1Âº grado (Licenza media),"Scuola secondaria di 2Âº grado (diploma di istruzione liceale, diploma di istruzione tecnica, diploma di istruzione professionale)",1,1,4,2,4,4,1,4,4,4,4,6,7,8,7,8,7,7,8,7,7,7,0,0,0.000306152,0.000351,0.000308,0.000275,0.000352,0.000455359,0.000410313,0.000367235,0,0,0.000306,0.000351,0.000308,0.000275,0.000352,0.000455,0.00041,0.000367,0,0.898710787,0.799105215,0.791770666,0.791787816,0.471980926,0.019156145,4.18E-05,0.979300266,0.994068545,9.47E-10,0.990131515,0.009797282,0,0,0,0,0,0,1,1,1,0,0.899259628,0.799366178,0.799054432,0.799247696,0.484790148,0.019154382,4.20E-05,0.979360375,0.994064209,9.49E-10,0.990111482,0.009811534,0,0,0,0,0,0,1,1,1,1,0,3,1,0,1
57,7,0,0,0,1,4,2,0.071606739,0.002706842,0.010026511,0.915659907,0.010026511,0.915659907,0.071606739,0.002706842,0,0,1,1,0,0,5,2,1,1,0,1,0,1,0,0,2,1,57,7,1,2,3,4,3,2,3,5,5,6,7,8,4,5,5,4,2,5,0.487179487,3,4,5,0.074074074,1,2807,16109,18706,"Scuola secondaria di 2Âº grado (diploma di istruzione liceale, diploma di istruzione tecnica, diploma di istruzione professionale)",Scuola secondaria di 1Âº grado (Licenza media),1,1,4,3,4,4,1,4,4,4,4,6,7,5,6,6,7,6,6,7,6,6,0,0,0.000306152,0.000351,0.000308,0.000275,0.000352,0.000455359,0.000410313,0.000367235,0,0,0.000306,0.000351,0.000308,0.000275,0.000352,0.000455,0.00041,0.000367,0,0.898888497,0.799350397,0.797684547,0.797696998,0.460720507,0.009961383,6.25E-06,0.988480558,0.994103904,3.35E-11,0.994769874,0.00515859,0,0,0,0,0,0,1,1,1,0,0.897355818,0.798026291,0.797209173,0.797269583,0.508980094,0.009961122,6.28E-06,0.988539714,0.994099714,3.35E-11,0.994760075,0.005162581,0,0,0,0,0,0,1,1,1,1,0,2,0,0,1
57,8,0,0,0,1,4,6,0.010026511,0.002706842,0.071606739,0.915659907,0.071606739,0.002706842,0.915659907,0.010026511,0,0,1,1,0,0,3,2,1,1,0,1,0,1,0,0,2,1,57,8,1,2,3,4,1,2,3,5,5,6,7,8,4,2,5,3,1,5,1.060606061,4,2,5,0.476190476,3,NaN,NaN,NaN,,,1,3,4,3,4,4,3,4,4,4,4,5,7,5,7,8,7,7,5,7,7,7,0,0,0.000306152,0.000351,0.000308,0.000275,0.000352,0.000455359,0.000410313,0.000367235,0,0,0.000306,0.000351,0.000308,0.000275,0.000352,0.000455,0.00041,0.000367,0,0.899577289,0.79989544,0.799435219,0.799437349,0.484898621,0.001001689,1.03E-07,0.997432241,0.998416528,4.11E-14,0.999381237,0.000546896,0,0,0,0,0,0,1,1,1,0,0.895455717,0.798959481,0.798495248,0.791134676,0.490583768,0.001001743,1.04E-07,0.997491513,0.998414546,4.12E-14,0.999375617,0.000546679,0,0,0,0,0,0,1,1,1,2,1,0,0,1,1
57,9,0,0,1,1,4,8,0.010026511,0.915659907,0.071606739,0.002706842,0.915659907,0.071606739,0.010026511,0.002706842,0,1,0,1,0,0,3,2,1,0,1,0,0,1,0,0,3,1,57,9,1,2,3,4,1,5,1,1,5,6,7,8,5,5,1,1,1,5,2,4,1,5,1.777777778,4,3281,12047,13312,Scuola secondaria di 1Âº grado (Licenza media),Scuola secondaria di 1Âº grado (Licenza media),2,3,1,2,2,3,2,2,3,2,2,5,5,5,6,6,7,5,5,5,6,5,0,0,0.000306152,0.000351,0.000308,0.000275,0.000352,0.000455359,0.000410313,0.000367235,0,0,0.000306,0.000351,0.000308,0.000275,0.000352,0.000455,0.00041,0.000367,0,0.896118658,0.797352194,0.792687284,0.789337034,0.554502546,1,0.999984188,2.39E-13,2.73E-09,0.923592536,2.26E-13,0.076407464,0,0,0,0,0,0,1,1,1,0,0.899296996,0.799380705,0.798929519,0.798925727,0.497488442,1,0.999984313,2.39E-13,2.69E-09,0.923617229,2.40E-13,0.076382771,0,0,0,0,0,0,1,1,1,3,0,2,0,0,1
57,10,8,9,0,1,4,1,0.39800949,0.290841917,0.125320917,0.185827675,0.078501688,0.270177742,0.353297794,0.298022776,0,1,0,0,0,1,7,2,1,0,0,0,1,1,0,0,3,1,57,10,1,2,3,4,4,5,5,5,5,6,7,8,4,5,4,1,4,5,0.052631579,1,1,5,0.857142857,4,3295,15384,17170,"Scuola secondaria di 2Âº grado (diploma di istruzione liceale, diploma di istruzione tecnica, diploma di istruzione professionale)",Scuola secondaria di 1Âº grado (Licenza media),2,1,1,3,4,3,1,1,1,4,2,6,7,5,7,6,8,7,8,8,6,7,5,4,0.104602065,0.104602,0.104602,0.104602,0.114425,0.114424833,0.114424833,0.114424833,5,3,0.048477,0.048477,0.048477,0.048477,0.050972,0.050972,0.050972,0.050972,8,0.241710718,0.435783134,0.381382659,0.37990106,0.224486151,0.999999996,0.99567011,1.56E-09,9.97E-06,0.016856358,1.62E-08,0.983143625,3,2,3,1,0,3,0,0,1,9,0.246414834,0.55084166,0.370106255,0.40353767,0.221906763,0.999999996,0.995702248,1.56E-09,9.89E-06,0.016866276,1.55E-08,0.983133709,4,1,2,1,0,1,0,0,0,11,3,7,2,0,0
57,11,0,3,1,1,4,3,0.010026511,0.071606739,0.002706842,0.915659907,0.554705435,0.18331026,0.193946141,0.068038164,0,1,0,0,1,0,5,2,1,0,1,0,0,0,0,1,5,1,57,11,1,2,3,4,3,4,2,5,5,6,7,8,4,3,4,4,2,5,0.476190476,3,3,4,0.066666667,1,3505,19414,23070,"Scuola secondaria di 2Âº grado (diploma di istruzione liceale, diploma di istruzione tecnica, diploma di istruzione professionale)",Scuola secondaria di 1Âº grado (Licenza media),2,1,4,2,4,4,2,4,4,4,4,5,7,5,6,6,8,5,5,5,6,5,1,1,0.000779014,0.013674,0.013119,0.023055,0.000797,0.015524081,0.015114321,0.026118358,0,0,0.000306,0.000351,0.000308,0.000275,0.000352,0.000455,0.00041,0.000367,0,0.898945751,0.799546248,0.79870335,0.798719681,0.487580712,0.008882612,3.65E-05,0.989561513,0.995986828,1.16E-09,0.995271699,0.004656729,0,0,0,0,0,0,1,1,1,3,0.894654973,0.797567276,0.795421196,0.795400891,0.500021665,0.008881712,3.67E-05,0.989621305,0.9959832,1.16E-09,0.99525624,0.004666376,2,1,0,0,0,0,0,0,1,0,0,7,2,1,1
57,12,9,1,0,1,4,5,0.268452773,0.294620947,0.190269096,0.246657185,0.086983114,0.05739948,0.132330037,0.723287369,0,1,0,0,0,1,6,2,1,0,0,0,1,1,0,0,4,1,57,12,1,2,3,4,5,5,1,4,5,6,7,8,4,3,4,5,1,5,0.955555556,4,3,5,0.166666667,2,3341,12728,16987,Scuola secondaria di 1Âº grado (Licenza media),Scuola secondaria di 1Âº grado (Licenza media),2,1,4,2,2,3,1,2,1,3,4,6,5,8,7,8,8,7,8,8,8,8,1,1,0.000693828,0.00159,0.001395,0.001327,0.000752,0.001852859,0.001653838,0.001554939,6,4,0.264142,0.264142,0.264142,0.264142,0.269542,0.269542,0.269542,0.269542,9,0.243847671,0.58738906,0.381601984,0.276490632,0.28752534,0.999999997,0.999304931,2.61E-09,1.32E-05,0.042176851,2.08E-08,0.957823128,3,2,3,2,1,1,0,0,0,1,0.892165998,0.792481147,0.789540522,0.792944571,0.393854165,0.999999997,0.999309299,2.61E-09,1.31E-05,0.042200071,2.33E-08,0.957799905,1,0,0,0,0,0,0,0,1,3,0,3,1,0,1
57,13,3,3,1,1,4,5,0.633121317,0.365401124,0.000903428,0.000574131,0.000573961,0.632861616,0.000903062,0.365661362,0,1,0,0,0,1,6,2,1,0,NaN,NaN,NaN,NaN,NaN,NaN,NaN,0,57,13,1,2,3,4,5,4,1,2,5,6,7,8,4,5,4,5,1,5,1.111111111,4,4,5,0.074074074,1,NaN,NaN,NaN,,,2,1,1,2,2,3,1,1,1,2,1,6,7,8,6,6,8,6,6,8,8,6,1,1,0.002904536,0.003386,0.003071,0.003098,0.003666,0.004387326,0.004079551,0.00411772,1,1,0.002905,0.003386,0.003071,0.003098,0.003666,0.004387,0.00408,0.004118,3,0.894992183,0.7978494,0.792060853,0.788118394,0.545938727,1,0.999999511,1.04E-14,1.02E-10,0.996071006,8.75E-16,0.003928994,2,1,0,2,1,0,1,1,1,3,0.867535118,0.784266539,0.757204008,0.758182147,0.485212186,1,0.999999515,1.05E-14,1.01E-10,0.996071498,7.97E-16,0.003928502,1,0,1,1,0,1,1,1,0,2,1,2,0,0,1
57,14,0,0,1,1,4,6,0.010026511,0.071606739,0.002706842,0.915659907,0.010026511,0.002706842,0.915659907,0.071606739,0,0,1,0,0,1,3,2,1,1,0,0,1,1,0,0,2,1,57,14,1,2,3,4,2,4,3,5,5,6,7,8,3,3,5,4,2,5,0.476190476,3,3,5,0.244444444,2,NaN,NaN,NaN,,,2,1,4,2,4,4,2,4,4,4,4,5,7,8,7,8,7,7,8,7,7,7,0,0,0.000306152,0.000351,0.000308,0.000275,0.000352,0.000455359,0.000410313,0.000367235,0,0,0.000306,0.000351,0.000308,0.000275,0.000352,0.000455,0.00041,0.000367,0,0.898945751,0.799546248,0.79870335,0.798719681,0.487580712,0.008882612,3.65E-05,0.989561513,0.995986828,1.16E-09,0.995271699,0.004656729,0,0,0,0,0,0,1,1,1,0,0.898765554,0.798885186,0.798743706,0.798997535,0.480549041,0.008881712,3.67E-05,0.989621305,0.9959832,1.16E-09,0.99525624,0.004666376,0,0,0,0,0,0,1,1,1,2,1,1,0,0,1
57,15,11,5,1,1,4,4,0.281411933,0.23629678,0.237636682,0.244654605,0.347155361,0.169381669,0.483113246,0.000349724,0,0,1,0,1,0,1,2,1,1,NaN,NaN,NaN,NaN,NaN,NaN,NaN,0,57,15,1,2,3,4,5,2,1,5,5,6,7,8,5,3,1,2,1,5,1.307692308,4,1,5,1.060606061,4,3280,15470,15841,"Scuola secondaria di 2Âº grado (diploma di istruzione liceale, diploma di istruzione tecnica, diploma di istruzione professionale)",Scuola secondaria di 1Âº grado (Licenza media),1,1,4,2,2,4,2,4,3,3,1,5,7,5,7,6,7,7,5,7,6,5,2,2,0.009315631,0.010101,0.009699,0.011409,0.011178,0.012376918,0.012055149,0.014129339,7,5,1,1,1,1,1,1,1,1,11,0.225776839,0.438347857,0.224537506,0.224228096,0.2139831,0.999999512,0.913554076,3.55E-07,0.00166797,0.001102579,2.05E-06,0.998895363,6,1,3,3,0,1,0,1,0,5,0.763931816,0.780720824,0.761977182,0.67237604,0.571621623,0.999999514,0.913973021,3.55E-07,0.001656113,0.001103401,2.01E-06,0.998894575,1,1,2,1,1,1,1,1,0,4,0,6,3,0,0
57,16,3,0,1,1,4,6,0.36556655,0.632956231,0.000903195,0.000574023,0.915659907,0.071606739,0.002706842,0.010026511,0,0,1,0,1,0,5,2,1,1,0,1,0,0,1,0,2,1,57,16,1,2,3,4,5,5,3,1,5,6,7,8,5,4,2,3,1,5,1.047619048,4,2,5,0.476190476,3,3554,13657,13700,"Scuola secondaria di 2Âº grado (diploma di istruzione liceale, diploma di istruzione tecnica, diploma di istruzione professionale)",Laurea triennale,2,1,1,2,2,3,2,1,1,2,2,5,5,5,6,6,8,5,5,5,6,5,0,0,0.000306152,0.000351,0.000308,0.000275,0.000352,0.000455359,0.000410313,0.000367235,1,1,0.002905,0.003386,0.003071,0.003098,0.003666,0.004387,0.00408,0.004118,3,0.894145991,0.797989832,0.791526447,0.774271397,0.502100529,1,0.999999599,2.53E-14,7.71E-11,0.998466504,6.88E-16,0.001533496,1,0,1,1,0,1,1,1,0,0,0.899376629,0.799427965,0.797364969,0.797356977,0.504583747,1,0.999999602,2.54E-14,7.64E-11,0.998466661,6.80E-16,0.001533339,0,0,0,0,0,0,1,1,1,1,0,0,0,1,1
57,17,0,6,0,1,4,5,0.010026511,0.002706842,0.071606739,0.915659907,0.512864043,0.306614127,0.1801711,0.000350731,1,0,0,0,0,1,7,2,1,0,0,1,0,1,0,0,3,1,57,17,1,2,3,4,3,2,4,5,5,6,7,8,5,2,3,3,2,5,0.476190476,3,2,5,0.487179487,3,3452,12834,14029,Scuola secondaria di 1Âº grado (Licenza media),Scuola secondaria di 1Âº grado (Licenza media),1,3,4,3,4,4,3,4,4,4,4,6,7,5,6,6,7,5,5,5,6,5,2,2,0.009315631,0.010101,0.009699,0.011409,0.011178,0.012376918,0.012055149,0.014129339,0,0,0.000306,0.000351,0.000308,0.000275,0.000352,0.000455,0.00041,0.000367,0,0.899577289,0.79989544,0.799435219,0.799437349,0.484898621,0.001001689,1.03E-07,0.997432241,0.998416528,4.11E-14,0.999381237,0.000546896,0,0,0,0,0,0,1,1,1,6,0.844171482,0.786611969,0.782270782,0.782217098,0.473540776,0.001001743,1.04E-07,0.997491513,0.998414546,4.12E-14,0.999375617,0.000546679,4,2,0,3,1,0,1,1,1,0,0,5,2,1,1
58,7,0,7,1,1,4,6,0.010026511,0.071606739,0.002706842,0.915659907,0.000322676,0.244016565,0.451942633,0.303718126,0,0,1,0,1,0,4,6,1,1,NaN,NaN,NaN,NaN,NaN,NaN,NaN,0,58,7,1,2,3,4,5,4,3,5,5,6,7,8,4,5,5,5,3,5,0.215686275,2,4,5,0.052631579,1,3505,18814,20294,Scuola secondaria di 1Âº grado (Licenza media),Scuola secondaria di 1Âº grado (Licenza media),2,1,4,2,4,4,2,4,4,4,4,6,7,8,6,6,7,7,8,7,7,8,3,3,0.050472327,0.050472,0.050472,0.050472,0.061277,0.06127748,0.06127748,0.06127748,0,0,0.000306,0.000351,0.000308,0.000275,0.000352,0.000455,0.00041,0.000367,0,0.898945751,0.799546248,0.79870335,0.798719681,0.487580712,0.008882612,3.65E-05,0.989561513,0.995986828,1.16E-09,0.995271699,0.004656729,0,0,0,0,0,0,1,1,1,7,0.598127569,0.734729466,0.708358145,0.724470028,0.412174374,0.008881712,3.67E-05,0.989621305,0.9959832,1.16E-09,0.99525624,0.004666376,3,2,2,3,1,3,1,1,1,3,1,3,0,0,0
58,9,0,0,0,1,4,4,0.915659907,0.002706842,0.010026511,0.071606739,0.915659907,0.010026511,0.071606739,0.002706842,0,0,1,0,0,1,3,6,1,1,0,1,0,0,1,0,3,1,58,9,1,2,3,4,5,2,3,4,5,6,7,8,5,3,4,2,2,5,0.476190476,3,2,5,0.476190476,3,NaN,NaN,NaN,,,1,1,1,3,4,4,1,1,1,4,1,5,5,5,7,6,7,5,5,5,7,5,0,0,0.000306152,0.000351,0.000308,0.000275,0.000352,0.000455359,0.000410313,0.000367235,0,0,0.000306,0.000351,0.000308,0.000275,0.000352,0.000455,0.00041,0.000367,0,0.896702235,0.795735299,0.792429422,0.79242954,0.500000788,0.999999873,0.914406431,5.03E-08,0.000316807,0.002485474,4.44E-07,0.997514079,0,0,0,0,0,0,1,1,1,0,0.897630619,0.797953895,0.796047082,0.795696735,0.522902771,0.999999874,0.914949431,5.04E-08,0.000315036,0.00248709,3.75E-07,0.997512532,0,0,0,0,0,0,1,1,1,0,0,0,0,1,1
58,11,0,0,1,1,4,6,0.071606739,0.915659907,0.002706842,0.010026511,0.915659907,0.071606739,0.010026511,0.002706842,0,0,1,0,0,1,8,6,1,0,0,0,1,1,0,0,3,1,58,11,1,2,3,4,3,5,1,1,5,6,7,8,5,4,1,2,1,5,1.466666667,4,1,5,1.111111111,4,3267,21618,18138,"Scuola secondaria di 2Âº grado (diploma di istruzione liceale, diploma di istruzione tecnica, diploma di istruzione professionale)",Scuola secondaria di 1Âº grado (Licenza media),2,1,1,2,2,4,2,2,1,2,2,5,5,5,6,6,7,5,5,5,6,5,0,0,0.000306152,0.000351,0.000308,0.000275,0.000352,0.000455359,0.000410313,0.000367235,0,0,0.000306,0.000351,0.000308,0.000275,0.000352,0.000455,0.00041,0.000367,0,0.898465058,0.799027736,0.798302045,0.79063163,0.499681915,1,0.999994396,1.95E-12,8.89E-10,0.997438886,5.27E-14,0.002561114,0,0,0,0,0,0,1,1,1,0,0.899296996,0.799380705,0.798929519,0.798925727,0.497488442,1,0.999994434,1.95E-12,8.79E-10,0.997439193,5.43E-14,0.002560807,0,0,0,0,0,0,1,1,1,1,0,2,1,0,1
58,13,0,0,0,1,4,7,0.915659907,0.002706842,0.071606739,0.010026511,0.915659907,0.071606739,0.010026511,0.002706842,0,0,1,0,0,1,3,6,1,1,0,0,1,1,0,0,1,1,58,13,1,2,3,4,5,2,4,4,5,6,7,8,5,4,4,3,2,5,0.422222222,3,3,5,0.166666667,2,3270,14005,15697,"Scuola secondaria di 2Âº grado (diploma di istruzione liceale, diploma di istruzione tecnica, diploma di istruzione professionale)","Scuola secondaria di 2Âº grado (diploma di istruzione liceale, diploma di istruzione tecnica, diploma di istruzione professionale)",1,1,1,3,4,3,1,1,1,3,1,5,5,5,6,6,7,5,5,5,6,5,0,0,0.000306152,0.000351,0.000308,0.000275,0.000352,0.000455359,0.000410313,0.000367235,0,0,0.000306,0.000351,0.000308,0.000275,0.000352,0.000455,0.00041,0.000367,0,0.895779069,0.795505632,0.794469113,0.794450278,0.512571545,1,0.996853001,1.57E-11,9.36E-07,0.017571953,2.48E-10,0.982428047,0,0,0,0,0,0,1,1,1,0,0.899296996,0.799380705,0.798929519,0.798925727,0.497488442,1,0.996878943,1.58E-11,9.27E-07,0.017582177,2.32E-10,0.982417822,0,0,0,0,0,0,1,1,1,1,0,1,0,0,1
58,16,0,4,0,1,4,7,0.002706842,0.010026511,0.915659907,0.071606739,0.499378285,0.499378285,0.000745539,0.000497891,0,0,1,1,0,0,5,6,1,1,0,0,1,0,0,1,5,1,58,16,1,2,3,4,1,4,5,3,5,6,7,8,5,5,1,3,1,5,0.897435897,4,1,5,1.047619048,4,NaN,NaN,NaN,,,2,3,4,3,4,3,3,4,3,3,3,6,5,5,6,6,7,5,5,5,6,6,2,2,0.002904536,0.003386,0.003071,0.003098,0.003666,0.004387326,0.004079551,0.00411772,0,0,0.000306,0.000351,0.000308,0.000275,0.000352,0.000455,0.00041,0.000367,0,0.898812731,0.799137247,0.798473225,0.798473267,0.499551811,0.999868576,0.004868986,0.000117831,0.216711024,6.20E-09,0.000545166,0.999452392,0,0,0,0,0,0,1,1,1,4,0.85606761,0.788160597,0.78649206,0.786651521,0.493690684,0.999868751,0.00489858,0.000117922,0.215742596,6.21E-09,0.000567576,0.99942959,2,0,2,2,0,3,1,1,1,2,1,4,1,0,1
58,17,0,0,1,1,4,2,0.071606739,0.915659907,0.010026511,0.002706842,0.071606739,0.915659907,0.002706842,0.010026511,0,0,1,0,0,1,3,6,1,1,0,1,0,0,1,0,3,1,58,17,1,2,3,4,5,5,3,1,5,6,7,8,5,5,1,1,1,5,1.047619048,4,1,5,1.777777778,4,3542,14269,16088,Scuola secondaria di 1Âº grado (Licenza media),"Scuola secondaria di 2Âº grado (diploma di istruzione liceale, diploma di istruzione tecnica, diploma di istruzione professionale)",2,1,1,2,2,3,2,2,1,2,2,6,5,5,6,6,8,6,6,5,6,6,0,0,0.000306152,0.000351,0.000308,0.000275,0.000352,0.000455359,0.000410313,0.000367235,0,0,0.000306,0.000351,0.000308,0.000275,0.000352,0.000455,0.00041,0.000367,0,0.89920837,0.799527005,0.797852205,0.779980765,0.5011577,1,0.99999966,3.51E-14,5.39E-11,0.999042559,5.05E-16,0.000957441,0,0,0,0,0,0,1,1,1,0,0.898982328,0.798860794,0.798608006,0.798633227,0.489002097,1,0.999999663,3.51E-14,5.32E-11,0.999042646,5.41E-16,0.000957354,0,0,0,0,0,0,1,1,1,1,0,2,0,0,0
58,18,2,0,0,1,4,4,0.110330007,0.110330007,0.068357878,0.710982107,0.010026511,0.071606739,0.915659907,0.002706842,0,0,1,0,0,1,3,6,1,1,0,0,1,0,0,1,1,1,58,18,1,2,3,4,1,2,4,5,5,6,7,8,3,4,5,1,1,5,1.111111111,4,1,5,0.897435897,4,NaN,NaN,NaN,,,1,1,4,3,4,4,2,4,4,4,4,6,7,5,7,6,7,7,6,7,7,7,0,0,0.000306152,0.000351,0.000308,0.000275,0.000352,0.000455359,0.000410313,0.000367235,2,1,0.002016,0.002034,0.00187,0.001831,0.002227,0.00232,0.002152,0.002088,2,0.870350339,0.796509884,0.78865377,0.788746442,0.378409051,0.005707901,4.64E-06,0.99273124,0.996018587,3.13E-11,0.996914988,0.003013322,2,0,0,1,0,0,1,1,1,0,0.898483665,0.79944866,0.795283695,0.794938399,0.500186889,0.005707759,4.66E-06,0.992790464,0.996015074,3.14E-11,0.996904706,0.003017782,0,0,0,0,0,0,1,1,1,4,1,0,0,1,1
58,19,0,0,0,1,4,3,0.071606739,0.002706842,0.010026511,0.915659907,0.071606739,0.002706842,0.915659907,0.010026511,0,0,1,0,0,1,3,6,1,1,0,1,0,0,1,0,2,1,58,19,1,2,3,4,5,4,5,4,5,6,7,8,5,5,5,5,4,5,0.074074074,1,5,5,0,0,2895,10668,10881,Scuola secondaria di 1Âº grado (Licenza media),Scuola secondaria di 1Âº grado (Licenza media),1,1,4,3,4,4,1,4,4,4,4,5,7,5,7,8,7,7,5,7,7,7,0,0,0.000306152,0.000351,0.000308,0.000275,0.000352,0.000455359,0.000410313,0.000367235,0,0,0.000306,0.000351,0.000308,0.000275,0.000352,0.000455,0.00041,0.000367,0,0.898888497,0.799350397,0.797684547,0.797696998,0.460720507,0.009961383,6.25E-06,0.988480558,0.994103904,3.35E-11,0.994769874,0.00515859,0,0,0,0,0,0,1,1,1,0,0.895455717,0.798959481,0.798495248,0.791134676,0.490583768,0.009961122,6.28E-06,0.988539714,0.994099714,3.35E-11,0.994760075,0.005162581,0,0,0,0,0,0,1,1,1,6,2,6,0,0,0
58,20,3,0,0,1,4,4,0.00090283,0.632696695,0.000573852,0.365826623,0.010026511,0.002706842,0.915659907,0.071606739,1,0,0,0,1,0,5,6,1,0,0,0,1,1,0,0,3,1,58,20,1,2,3,4,4,5,3,4,5,6,7,8,4,2,5,5,3,5,0.166666667,2,2,5,0.5,3,NaN,NaN,NaN,,,2,1,4,2,2,4,2,2,4,2,4,5,7,8,7,8,7,7,8,7,7,7,0,0,0.000306152,0.000351,0.000308,0.000275,0.000352,0.000455359,0.000410313,0.000367235,1,1,0.002905,0.003386,0.003071,0.003098,0.003666,0.004387,0.00408,0.004118,3,0.885055376,0.794478585,0.792603091,0.792264197,0.49641294,0.999991278,0.977488116,8.47E-06,0.005016468,0.015509507,3.48E-05,0.984455721,0,1,2,0,1,3,1,1,1,0,0.898765554,0.798885186,0.798743706,0.798997535,0.480549041,0.999991286,0.977601706,8.47E-06,0.004973978,0.015518803,3.66E-05,0.984444555,0,0,0,0,0,0,1,1,1,1,0,1,0,0,1
58,21,0,7,0,1,4,2,0.010026511,0.071606739,0.002706842,0.915659907,0.314035784,0.440871399,0.091056996,0.154035821,0,1,0,0,1,0,7,6,1,0,NaN,NaN,NaN,NaN,NaN,NaN,NaN,0,58,21,1,2,3,4,2,3,3,5,5,6,7,8,5,3,3,2,2,5,0.487179487,3,2,5,0.487179487,3,3351,12485,14153,Scuola secondaria di 1Âº grado (Licenza media),Scuola secondaria di 1Âº grado (Licenza media),2,1,4,2,4,4,2,4,4,4,4,6,7,5,6,8,8,6,6,5,6,5,3,3,0.021014721,0.06231,0.110585,0.110585,0.022436,0.067072428,0.119836818,0.119836818,0,0,0.000306,0.000351,0.000308,0.000275,0.000352,0.000455,0.00041,0.000367,0,0.898945751,0.799546248,0.79870335,0.798719681,0.487580712,0.008882612,3.65E-05,0.989561513,0.995986828,1.16E-09,0.995271699,0.004656729,0,0,0,0,0,0,1,1,1,7,0.590443695,0.737307484,0.726759308,0.726896427,0.303707966,0.008881712,3.67E-05,0.989621305,0.9959832,1.16E-09,0.99525624,0.004666376,3,2,2,1,0,3,0,0,1,3,1,5,2,0,1
58,23,0,1,0,1,4,7,0.002706842,0.010026511,0.071606739,0.915659907,0.101048593,0.796442413,0.000977198,0.101531796,0,1,0,1,0,0,4,6,1,0,0,1,0,0,0,1,7,1,58,23,1,2,3,4,2,3,4,5,5,6,7,8,4,5,3,3,2,5,0.476190476,3,3,5,0.244444444,2,3548,13612,13397,"Scuola secondaria di 2Âº grado (diploma di istruzione liceale, diploma di istruzione tecnica, diploma di istruzione professionale)",Scuola secondaria di 1Âº grado (Licenza media),2,3,4,3,4,4,3,4,4,4,4,6,5,5,6,6,8,6,6,8,6,6,1,1,0.000957953,0.000969,0.00086,0.00081,0.001126,0.001204491,0.001092811,0.001025973,0,0,0.000306,0.000351,0.000308,0.000275,0.000352,0.000455,0.00041,0.000367,0,0.899657266,0.799910991,0.799788756,0.799791181,0.489622761,0.000805806,1.21E-07,0.997627817,0.998416509,5.35E-14,0.999484418,0.000443708,0,0,0,0,0,0,1,1,1,1,0.891960819,0.795389123,0.794366344,0.79452068,0.420096885,0.000805842,1.22E-07,0.997687119,0.998414528,5.35E-14,0.999478799,0.00044349,1,0,0,1,0,0,1,1,1,0,0,2,0,1,1
58,24,5,0,0,1,4,7,0.273675352,0.120566116,0.045742816,0.560015715,0.010026511,0.915659907,0.071606739,0.002706842,0,0,1,1,0,0,5,6,1,1,NaN,NaN,NaN,NaN,NaN,NaN,NaN,0,58,24,1,2,3,4,5,1,4,5,5,6,7,8,4,5,3,1,1,5,0.955555556,4,1,5,0.897435897,4,3485,15726,16805,"Scuola secondaria di 2Âº grado (diploma di istruzione liceale, diploma di istruzione tecnica, diploma di istruzione professionale)",Scuola primaria (Licenza elementare),1,1,1,3,4,4,2,4,4,4,4,6,7,5,6,6,7,6,6,7,6,6,0,0,0.000306152,0.000351,0.000308,0.000275,0.000352,0.000455359,0.000410313,0.000367235,3,2,0.01947,0.01947,0.019672,0.019672,0.021729,0.021729,0.022187,0.022187,5,0.699006716,0.779473694,0.762610034,0.762962119,0.400451752,0.441379049,0.000345321,0.557744017,0.995679257,5.95E-08,0.769918697,0.230025877,4,1,0,3,1,0,1,1,1,0,0.897355818,0.798026291,0.797209173,0.797269583,0.508980094,0.441285622,0.000347603,0.557870497,0.995673492,6.06E-08,0.766234512,0.233705851,0,0,0,0,0,0,1,1,1,3,0,2,1,0,1
58,25,0,1,1,1,4,3,0.071606739,0.915659907,0.010026511,0.002706842,0.101531796,0.796442413,0.101048593,0.000977198,0,0,1,0,0,1,5,6,1,1,0,1,0,0,1,0,0,0,58,25,1,2,3,4,3,5,4,2,5,6,7,8,4,5,3,4,2,5,0.476190476,3,3,5,0.166666667,2,3303,10674,14030,Scuola secondaria di 1Âº grado (Licenza media),Scuola secondaria di 1Âº grado (Licenza media),2,1,1,2,2,3,2,2,1,2,2,6,7,5,6,6,7,6,6,5,6,6,1,1,0.000957953,0.000969,0.00086,0.00081,0.001126,0.001204491,0.001092811,0.001025973,0,0,0.000306,0.000351,0.000308,0.000275,0.000352,0.000455,0.00041,0.000367,0,0.89920837,0.799527005,0.797852205,0.779980765,0.5011577,1,0.99999966,3.51E-14,5.39E-11,0.999042559,5.05E-16,0.000957441,0,0,0,0,0,0,1,1,1,1,0.890788547,0.795037183,0.793422627,0.793537198,0.444881308,1,0.999999663,3.51E-14,5.32E-11,0.999042646,5.41E-16,0.000957354,1,0,0,1,0,0,1,1,1,2,1,4,1,0,1
59,5,0,7,1,1,5,3,0.071606739,0.915659907,0.002706842,0.010026511,0.141201638,0.224461297,0.487496034,0.146841031,0,0,1,0,0,1,6,4,1,1,NaN,NaN,NaN,NaN,NaN,NaN,NaN,0,59,5,1,2,3,4,5,5,3,2,5,6,7,8,4,5,5,3,2,5,0.6,3,3,5,0.215686275,2,NaN,NaN,NaN,,,2,1,1,2,2,4,2,2,1,2,2,6,5,8,6,6,7,7,8,7,7,7,3,3,0.021014721,0.06231,0.110585,0.110585,0.022436,0.067072428,0.119836818,0.119836818,0,0,0.000306,0.000351,0.000308,0.000275,0.000352,0.000455,0.00041,0.000367,0,0.898465058,0.799027736,0.798302045,0.79063163,0.499681915,1,0.999994396,1.95E-12,8.89E-10,0.997438886,5.27E-14,0.002561114,0,0,0,0,0,0,1,1,1,7,0.702216412,0.766435432,0.763010297,0.769848812,0.394411396,1,0.999994434,1.95E-12,8.79E-10,0.997439193,5.43E-14,0.002560807,5,2,0,3,1,0,0,0,1,3,1,4,1,0,0
59,6,0,3,1,1,5,5,0.071606739,0.915659907,0.010026511,0.002706842,0.365826623,0.632696695,0.000573852,0.00090283,0,1,0,0,0,1,3,4,1,0,0,0,1,0,0,1,6,1,59,6,1,2,3,4,5,5,2,3,5,6,7,8,4,5,2,3,2,5,0.6,3,2,5,0.476190476,3,NaN,NaN,NaN,,,2,1,1,2,2,3,2,2,1,2,2,6,5,5,6,6,8,6,6,5,6,5,1,1,0.002904536,0.003386,0.003071,0.003098,0.003666,0.004387326,0.004079551,0.00411772,0,0,0.000306,0.000351,0.000308,0.000275,0.000352,0.000455,0.00041,0.000367,0,0.89920837,0.799527005,0.797852205,0.779980765,0.5011577,1,0.99999966,3.51E-14,5.39E-11,0.999042559,5.05E-16,0.000957441,0,0,0,0,0,0,1,1,1,3,0.892504785,0.796018442,0.794674416,0.794679271,0.497996024,1,0.999999663,3.51E-14,5.32E-11,0.999042646,5.41E-16,0.000957354,0,1,2,0,1,3,1,1,1,3,1,0,0,1,1
59,7,0,0,0,1,5,4,0.010026511,0.071606739,0.002706842,0.915659907,0.002706842,0.071606739,0.915659907,0.010026511,0,0,1,0,1,0,5,4,1,1,0,0,1,1,0,0,4,1,59,7,1,2,3,4,1,5,3,5,5,6,7,8,1,3,5,4,1,5,1.047619048,4,1,5,0.897435897,4,3744,14462,14542,"Scuola secondaria di 2Âº grado (diploma di istruzione liceale, diploma di istruzione tecnica, diploma di istruzione professionale)","Scuola secondaria di 2Âº grado (diploma di istruzione liceale, diploma di istruzione tecnica, diploma di istruzione professionale)",2,1,4,2,4,4,2,4,4,4,4,6,7,8,7,6,7,7,6,7,7,7,0,0,0.000306152,0.000351,0.000308,0.000275,0.000352,0.000455359,0.000410313,0.000367235,0,0,0.000306,0.000351,0.000308,0.000275,0.000352,0.000455,0.00041,0.000367,0,0.898945751,0.799546248,0.79870335,0.798719681,0.487580712,0.008882612,3.65E-05,0.989561513,0.995986828,1.16E-09,0.995271699,0.004656729,0,0,0,0,0,0,1,1,1,0,0.899032073,0.799495974,0.798733223,0.79879813,0.487653354,0.008881712,3.67E-05,0.989621305,0.9959832,1.16E-09,0.99525624,0.004666376,0,0,0,0,0,0,1,1,1,3,1,2,1,0,1
59,8,0,0,0,1,5,6,0.010026511,0.002706842,0.071606739,0.915659907,0.915659907,0.071606739,0.010026511,0.002706842,1,0,0,0,0,1,5,4,1,0,1,0,0,1,0,0,2,1,59,8,1,2,3,4,4,4,4,4,5,6,7,8,5,4,4,4,4,4,0,0,4,5,0.058823529,1,3715,10349,10349,Scuola primaria (Licenza elementare),Scuola primaria (Licenza elementare),1,3,4,3,4,4,3,4,4,4,4,5,5,5,6,6,7,5,5,5,6,5,0,0,0.000306152,0.000351,0.000308,0.000275,0.000352,0.000455359,0.000410313,0.000367235,0,0,0.000306,0.000351,0.000308,0.000275,0.000352,0.000455,0.00041,0.000367,0,0.899577289,0.79989544,0.799435219,0.799437349,0.484898621,0.001001689,1.03E-07,0.997432241,0.998416528,4.11E-14,0.999381237,0.000546896,0,0,0,0,0,0,1,1,1,0,0.899296996,0.799380705,0.798929519,0.798925727,0.497488442,0.001001743,1.04E-07,0.997491513,0.998414546,4.12E-14,0.999375617,0.000546679,0,0,0,0,0,0,1,1,1,6,0,3,0,0,1
59,9,8,9,1,1,5,2,0.381747703,0.236019078,0.381924506,0.000308713,0.060152662,0.216704015,0.356214844,0.366928479,0,1,0,1,0,0,4,4,1,0,NaN,NaN,NaN,NaN,NaN,NaN,NaN,0,59,9,1,2,3,4,4,3,4,2,5,6,7,8,2,4,2,4,2,4,0.282051282,2,2,4,0.444444444,2,3721,12487,13,Scuola secondaria di 1Âº grado (Licenza media),Scuola secondaria di 1Âº grado (Licenza media),1,1,1,2,2,3,1,2,3,3,3,5,7,8,7,6,7,6,8,8,8,7,5,4,0.104602065,0.104602,0.104602,0.104602,0.114425,0.114424833,0.114424833,0.114424833,4,4,0.050472,0.050472,0.050472,0.050472,0.061277,0.061277,0.061277,0.061277,8,0.355370182,0.664633917,0.566213962,0.551917063,0.437218989,1,0.999954698,6.28E-13,6.65E-08,0.164746179,6.15E-12,0.835253821,3,2,1,3,1,0,1,1,0,9,0.237608622,0.474677834,0.430164444,0.475502481,0.230037925,1,0.999955094,6.29E-13,6.53E-08,0.1648187,6.49E-12,0.8351813,6,0,3,3,0,3,0,0,1,2,0,6,1,1,0
59,10,0,0,0,1,5,3,0.002706842,0.010026511,0.071606739,0.915659907,0.002706842,0.071606739,0.915659907,0.010026511,0,0,1,0,1,0,5,4,1,1,0,0,1,0,1,0,5,1,59,10,1,2,3,4,3,3,4,5,5,6,7,8,3,4,5,3,3,5,0.244444444,2,3,5,0.244444444,2,NaN,NaN,NaN,,,2,3,4,3,4,4,3,4,4,4,4,6,7,8,7,6,7,7,6,7,7,7,0,0,0.000306152,0.000351,0.000308,0.000275,0.000352,0.000455359,0.000410313,0.000367235,0,0,0.000306,0.000351,0.000308,0.000275,0.000352,0.000455,0.00041,0.000367,0,0.899657266,0.799910991,0.799788756,0.799791181,0.489622761,0.000805806,1.21E-07,0.997627817,0.998416509,5.35E-14,0.999484418,0.000443708,0,0,0,0,0,0,1,1,1,0,0.899032073,0.799495974,0.798733223,0.79879813,0.487653354,0.000805842,1.22E-07,0.997687119,0.998414528,5.35E-14,0.999478799,0.00044349,0,0,0,0,0,0,1,1,1,1,0,1,0,0,1
59,11,1,3,0,1,5,7,0.000977198,0.101048593,0.101531796,0.796442413,0.232632748,0.186983808,0.579982908,0.000400536,0,0,1,0,1,0,5,4,1,1,0,0,1,1,0,0,2,1,59,11,1,2,3,4,1,4,3,5,5,6,7,8,5,4,5,3,1,5,0.897435897,4,3,5,0.215686275,2,4147,13153,12173,Scuola secondaria di 1Âº grado (Licenza media),Scuola secondaria di 1Âº grado (Licenza media),2,3,4,2,4,4,3,4,4,4,4,6,5,5,7,6,7,7,6,7,7,7,1,1,0.001106908,0.007361,0.006785,0.007864,0.001221,0.009058014,0.008536963,0.009850282,1,1,0.000958,0.000969,0.00086,0.00081,0.001126,0.001204,0.001093,0.001026,1,0.897522513,0.799610431,0.79877787,0.798788482,0.432269269,0.001562939,8.12E-07,0.996871871,0.99841582,1.52E-12,0.99908185,0.000846305,1,0,0,1,0,0,1,1,1,3,0.889280691,0.797216891,0.792852761,0.792914634,0.520336077,0.001562903,8.16E-07,0.996931199,0.998413835,1.52E-12,0.999075847,0.000846473,2,1,0,1,0,0,0,1,1,1,0,3,1,0,1
59,12,0,0,0,1,5,7,0.002706842,0.010026511,0.071606739,0.915659907,0.002706842,0.071606739,0.915659907,0.010026511,0,1,0,0,0,1,4,4,1,0,0,0,1,1,0,0,7,1,59,12,1,2,3,4,2,1,3,5,5,6,7,8,1,4,5,3,1,5,1.060606061,4,1,5,0.897435897,4,NaN,NaN,NaN,,,2,3,4,3,4,4,3,4,4,4,4,6,7,8,7,6,7,7,6,7,7,7,0,0,0.000306152,0.000351,0.000308,0.000275,0.000352,0.000455359,0.000410313,0.000367235,0,0,0.000306,0.000351,0.000308,0.000275,0.000352,0.000455,0.00041,0.000367,0,0.899657266,0.799910991,0.799788756,0.799791181,0.489622761,0.000805806,1.21E-07,0.997627817,0.998416509,5.35E-14,0.999484418,0.000443708,0,0,0,0,0,0,1,1,1,0,0.899032073,0.799495974,0.798733223,0.79879813,0.487653354,0.000805842,1.22E-07,0.997687119,0.998414528,5.35E-14,0.999478799,0.00044349,0,0,0,0,0,0,1,1,1,2,1,0,0,1,1
59,13,0,0,1,1,5,5,0.071606739,0.915659907,0.002706842,0.010026511,0.010026511,0.071606739,0.915659907,0.002706842,0,0,1,0,1,0,4,4,1,1,NaN,NaN,NaN,NaN,NaN,NaN,NaN,0,59,13,1,2,3,4,1,5,1,2,5,6,7,8,4,4,4,3,1,5,1.592592593,4,3,4,0.066666667,1,NaN,NaN,NaN,,,2,1,1,2,2,4,2,2,1,2,2,6,7,5,7,6,7,7,6,7,7,7,0,0,0.000306152,0.000351,0.000308,0.000275,0.000352,0.000455359,0.000410313,0.000367235,0,0,0.000306,0.000351,0.000308,0.000275,0.000352,0.000455,0.00041,0.000367,0,0.898465058,0.799027736,0.798302045,0.79063163,0.499681915,1,0.999994396,1.95E-12,8.89E-10,0.997438886,5.27E-14,0.002561114,0,0,0,0,0,0,1,1,1,0,0.898483665,0.79944866,0.795283695,0.794938399,0.500186889,1,0.999994434,1.95E-12,8.79E-10,0.997439193,5.43E-14,0.002560807,0,0,0,0,0,0,1,1,1,3,1,3,0,0,1
59,14,0,0,0,1,5,8,0.002706842,0.010026511,0.071606739,0.915659907,0.002706842,0.071606739,0.915659907,0.010026511,0,1,0,0,1,0,3,4,1,0,0,0,1,1,0,0,7,1,59,14,1,2,3,4,1,1,1,5,5,6,7,8,1,1,5,1,1,5,2,4,1,5,2,4,3547,13048,14896,Scuola secondaria di 1Âº grado (Licenza media),Scuola secondaria di 1Âº grado (Licenza media),2,3,4,3,4,4,3,4,4,4,4,6,7,8,7,6,7,7,6,7,7,7,0,0,0.000306152,0.000351,0.000308,0.000275,0.000352,0.000455359,0.000410313,0.000367235,0,0,0.000306,0.000351,0.000308,0.000275,0.000352,0.000455,0.00041,0.000367,0,0.899657266,0.799910991,0.799788756,0.799791181,0.489622761,0.000805806,1.21E-07,0.997627817,0.998416509,5.35E-14,0.999484418,0.000443708,0,0,0,0,0,0,1,1,1,0,0.899032073,0.799495974,0.798733223,0.79879813,0.487653354,0.000805842,1.22E-07,0.997687119,0.998414528,5.35E-14,0.999478799,0.00044349,0,0,0,0,0,0,1,1,1,3,0,3,0,0,1
59,15,1,0,0,1,5,8,0.101048593,0.000977198,0.101531796,0.796442413,0.002706842,0.071606739,0.915659907,0.010026511,0,0,1,0,1,0,6,4,1,1,0,0,1,0,0,1,1,1,59,15,1,2,3,4,4,2,3,5,5,6,7,8,2,4,5,3,2,5,0.476190476,3,2,5,0.476190476,3,3778,14914,NaN,Scuola secondaria di 1Âº grado (Licenza media),Scuola secondaria di 1Âº grado (Licenza media),1,1,4,3,4,4,3,4,4,4,4,6,7,8,7,6,7,7,6,7,7,7,0,0,0.000306152,0.000351,0.000308,0.000275,0.000352,0.000455359,0.000410313,0.000367235,1,1,0.000958,0.000969,0.00086,0.00081,0.001126,0.001204,0.001093,0.001026,1,0.897329824,0.799491871,0.798115904,0.798127017,0.408850438,0.002880919,7.35E-07,0.995555957,0.998415897,1.07E-12,0.998395724,0.00153248,1,0,0,1,0,0,1,1,1,0,0.899032073,0.799495974,0.798733223,0.79879813,0.487653354,0.002881044,7.38E-07,0.995615047,0.998413912,1.07E-12,0.99838901,0.001533363,0,0,0,0,0,0,1,1,1,1,0,0,0,1,1
59,16,12,11,0,1,5,5,0.291868154,0.285879056,0.192582404,0.229670386,0.203054959,0.399157742,0.161864874,0.235922425,1,0,0,0,0,1,5,4,1,0,0,1,0,1,0,0,8,0,59,16,1,2,3,4,5,5,5,5,5,6,7,8,5,5,5,5,5,5,0,0,5,5,0,0,NaN,NaN,NaN,,,2,3,1,2,4,4,1,1,4,3,2,5,5,5,6,8,8,6,6,8,7,6,5,4,0.264142056,0.264142,0.264142,0.264142,0.269542,0.269541779,0.269541779,0.269541779,7,5,1,1,1,1,1,1,1,1,12,0.224131368,0.292405109,0.223079859,0.223579932,0.210444,0.999999237,0.676697287,3.03E-07,0.000846887,0.001102579,2.03E-06,0.998895375,6,1,3,2,0,1,0,0,0,11,0.224249148,0.52357729,0.334872957,0.348958589,0.20864254,0.999999245,0.677989434,3.03E-07,0.000840718,0.001103401,2.02E-06,0.998894562,6,2,1,4,1,0,1,1,0,8,0,7,0,0,0
60,7,8,1,0,1,5,6,0.381870601,0.00030872,0.235950078,0.381870601,0.101048593,0.796442413,0.000977198,0.101531796,0,1,0,0,1,0,3,8,0,0,0,1,0,1,0,0,4,1,60,7,1,2,3,4,5,4,5,5,5,6,7,8,5,5,5,5,4,5,0.052631579,1,5,5,0,0,3739,16164,17962,"Scuola secondaria di 2Âº grado (diploma di istruzione liceale, diploma di istruzione tecnica, diploma di istruzione professionale)",Scuola secondaria di 1Âº grado (Licenza media),1,3,4,3,4,3,1,1,1,4,4,6,5,5,6,6,8,6,6,8,6,6,1,1,0.000957953,0.000969,0.00086,0.00081,0.001126,0.001204491,0.001092811,0.001025973,4,4,0.050472,0.050472,0.050472,0.050472,0.061277,0.061277,0.061277,0.061277,8,0.313068162,0.639979727,0.600498321,0.601413556,0.240066645,0.999881975,0.069230723,0.0001156,0.211319942,1.16E-06,0.000665361,0.999333432,5,1,2,4,1,3,1,1,1,1,0.891960819,0.795389123,0.794366344,0.79452068,0.420096885,0.999881768,0.069604211,0.00011585,0.211133891,1.16E-06,0.000636211,0.99936258,1,0,0,1,0,0,1,1,1,4,0,7,0,0,0
60,14,0,0,1,1,5,5,0.071606739,0.915659907,0.002706842,0.010026511,0.915659907,0.071606739,0.002706842,0.010026511,0,0,1,1,0,0,4,8,0,1,0,1,0,0,1,0,5,1,60,14,1,2,3,4,4,5,3,4,5,6,7,8,5,4,2,3,3,5,0.166666667,2,2,5,0.476190476,3,3593,10755,11426,Scuola secondaria di 1Âº grado (Licenza media),Scuola secondaria di 1Âº grado (Licenza media),2,1,1,2,2,4,2,2,1,2,2,5,5,5,6,6,8,5,5,5,6,5,0,0,0.000306152,0.000351,0.000308,0.000275,0.000352,0.000455359,0.000410313,0.000367235,0,0,0.000306,0.000351,0.000308,0.000275,0.000352,0.000455,0.00041,0.000367,0,0.898465058,0.799027736,0.798302045,0.79063163,0.499681915,1,0.999994396,1.95E-12,8.89E-10,0.997438886,5.27E-14,0.002561114,0,0,0,0,0,0,1,1,1,0,0.899376629,0.799427965,0.797364969,0.797356977,0.504583747,1,0.999994434,1.95E-12,8.79E-10,0.997439193,5.43E-14,0.002560807,0,0,0,0,0,0,1,1,1,1,0,0,0,1,1
60,18,0,8,0,1,5,2,0.002706842,0.010026511,0.071606739,0.915659907,0.418520546,0.244456652,0.159950929,0.177071874,1,0,0,1,0,0,1,8,0,0,1,0,0,0,0,1,5,1,60,18,1,2,3,4,4,4,4,4,5,6,7,8,5,5,5,5,4,4,0,0,5,5,0,0,NaN,NaN,NaN,,,2,3,4,3,4,4,3,4,4,4,4,5,5,8,6,8,7,5,5,5,7,6,4,3,0.052765352,0.207538,0.207538,0.207538,0.052802,0.213352685,0.213352685,0.213352685,0,0,0.000306,0.000351,0.000308,0.000275,0.000352,0.000455,0.00041,0.000367,0,0.899657266,0.799910991,0.799788756,0.799791181,0.489622761,0.000805806,1.21E-07,0.997627817,0.998416509,5.35E-14,0.999484418,0.000443708,0,0,0,0,0,0,1,1,1,8,0.304966928,0.623950277,0.607427717,0.610120405,0.227884672,0.000805842,1.22E-07,0.997687119,0.998414528,5.35E-14,0.999478799,0.00044349,3,2,3,1,0,3,0,0,1,6,0,6,0,0,0
60,19,9,8,1,1,5,6,0.279576782,0.38662579,0.102667669,0.231129759,0.249383437,0.270861221,0.075157148,0.404598194,1,0,0,0,1,0,4,8,0,0,0,1,0,0,1,0,4,1,60,19,1,2,3,4,5,5,4,4,5,6,7,8,5,4,4,1,4,5,0.074074074,1,1,5,0.857142857,4,3655,17940,17890,Scuola primaria (Licenza elementare),Scuola secondaria di 1Âº grado (Licenza media),1,1,1,3,2,4,2,2,1,2,4,6,5,8,7,8,8,5,8,5,8,6,4,3,0.104602065,0.104602,0.104602,0.104602,0.114425,0.114424833,0.114424833,0.114424833,4,3,0.104602,0.104602,0.104602,0.104602,0.114425,0.114425,0.114425,0.114425,9,0.30202428,0.602803898,0.58315703,0.518215784,0.30186793,0.999999999,0.999827513,7.10E-10,3.41E-06,0.290338076,4.05E-09,0.70966192,4,2,3,2,1,3,0,0,1,8,0.249668612,0.514459106,0.451687223,0.45751302,0.247343717,0.999999999,0.999828796,7.10E-10,3.37E-06,0.290429753,4.11E-09,0.709570243,2,2,3,1,1,2,0,0,0,2,0,9,4,0,0
60,24,1,0,0,1,5,7,0.000977198,0.101048593,0.101531796,0.796442413,0.002706842,0.915659907,0.071606739,0.010026511,0,1,0,0,1,0,4,8,0,0,0,1,0,0,0,1,4,1,60,24,1,2,3,4,2,4,3,4,5,6,7,8,1,5,4,2,2,4,0.282051282,2,1,5,1.111111111,4,3956,10347,13363,Scuola secondaria di 1Âº grado (Licenza media),Scuola secondaria di 1Âº grado (Licenza media),2,3,4,2,4,4,3,4,4,4,4,6,7,8,6,6,7,6,6,7,6,6,0,0,0.000306152,0.000351,0.000308,0.000275,0.000352,0.000455359,0.000410313,0.000367235,1,1,0.000958,0.000969,0.00086,0.00081,0.001126,0.001204,0.001093,0.001026,1,0.897522513,0.799610431,0.79877787,0.798788482,0.432269269,0.001562939,8.12E-07,0.996871871,0.99841582,1.52E-12,0.99908185,0.000846305,1,0,0,1,0,0,1,1,1,0,0.890405861,0.796930365,0.79582644,0.795943657,0.50203661,0.001562903,8.16E-07,0.996931199,0.998413835,1.52E-12,0.999075847,0.000846473,0,0,0,0,0,0,1,1,1,2,0,0,0,1,1
60,34,0,0,1,1,5,7,0.010026511,0.071606739,0.002706842,0.915659907,0.002706842,0.010026511,0.071606739,0.915659907,1,0,0,0,0,1,3,8,0,0,0,1,0,1,0,0,4,1,60,34,1,2,3,4,3,5,3,5,5,6,7,8,3,4,4,5,3,5,0.333333333,2,3,5,0.166666667,2,3670,14679,16250,Scuola secondaria di 1Âº grado (Licenza media),Scuola secondaria di 1Âº grado (Licenza media),2,1,4,2,4,4,2,4,4,4,4,6,7,8,7,8,8,7,8,8,8,8,0,0,0.000306152,0.000351,0.000308,0.000275,0.000352,0.000455359,0.000410313,0.000367235,0,0,0.000306,0.000351,0.000308,0.000275,0.000352,0.000455,0.00041,0.000367,0,0.898945751,0.799546248,0.79870335,0.798719681,0.487580712,0.008882612,3.65E-05,0.989561513,0.995986828,1.16E-09,0.995271699,0.004656729,0,0,0,0,0,0,1,1,1,0,0.899050835,0.798112755,0.795772565,0.796665679,0.499713462,0.008881712,3.67E-05,0.989621305,0.9959832,1.16E-09,0.99525624,0.004666376,0,0,0,0,0,0,1,1,1,2,0,1,0,0,1
60,36,0,0,0,1,5,2,0.010026511,0.002706842,0.071606739,0.915659907,0.010026511,0.915659907,0.071606739,0.002706842,1,0,0,0,0,1,2,8,0,0,1,0,0,0,0,1,3,1,60,36,1,2,3,4,1,1,3,4,5,6,7,8,5,5,5,4,1,4,1,3,4,5,0.052631579,1,NaN,NaN,NaN,,,1,3,4,3,4,4,3,4,4,4,4,6,7,5,6,6,7,6,6,7,6,6,0,0,0.000306152,0.000351,0.000308,0.000275,0.000352,0.000455359,0.000410313,0.000367235,0,0,0.000306,0.000351,0.000308,0.000275,0.000352,0.000455,0.00041,0.000367,0,0.899577289,0.79989544,0.799435219,0.799437349,0.484898621,0.001001689,1.03E-07,0.997432241,0.998416528,4.11E-14,0.999381237,0.000546896,0,0,0,0,0,0,1,1,1,0,0.897355818,0.798026291,0.797209173,0.797269583,0.508980094,0.001001743,1.04E-07,0.997491513,0.998414546,4.12E-14,0.999375617,0.000546679,0,0,0,0,0,0,1,1,1,1,0,3,0,0,1
60,37,0,0,1,1,5,5,0.071606739,0.915659907,0.010026511,0.002706842,0.071606739,0.915659907,0.010026511,0.002706842,0,1,0,0,1,0,6,8,0,0,0,1,0,0,1,0,3,1,60,37,1,2,3,4,4,5,3,2,5,6,7,8,4,5,4,3,2,5,0.476190476,3,3,5,0.166666667,2,NaN,NaN,NaN,,,2,1,1,2,2,3,2,2,1,2,2,6,5,5,6,6,7,6,6,5,6,6,0,0,0.000306152,0.000351,0.000308,0.000275,0.000352,0.000455359,0.000410313,0.000367235,0,0,0.000306,0.000351,0.000308,0.000275,0.000352,0.000455,0.00041,0.000367,0,0.89920837,0.799527005,0.797852205,0.779980765,0.5011577,1,0.99999966,3.51E-14,5.39E-11,0.999042559,5.05E-16,0.000957441,0,0,0,0,0,0,1,1,1,0,0.898268869,0.798118492,0.797944825,0.797978569,0.485760921,1,0.999999663,3.51E-14,5.32E-11,0.999042646,5.41E-16,0.000957354,0,0,0,0,0,0,1,1,1,0,0,1,0,1,1
60,39,0,4,1,1,5,6,0.915659907,0.071606739,0.010026511,0.002706842,0.000745539,0.000497891,0.499378285,0.499378285,0,1,0,0,0,1,3,8,0,0,0,0,1,0,0,1,4,1,60,39,1,2,3,4,5,4,3,2,5,6,7,8,4,4,5,5,2,5,0.476190476,3,4,5,0.074074074,1,3625,16260,15931,"Scuola secondaria di 2Âº grado (diploma di istruzione liceale, diploma di istruzione tecnica, diploma di istruzione professionale)","Scuola secondaria di 2Âº grado (diploma di istruzione liceale, diploma di istruzione tecnica, diploma di istruzione professionale)",1,1,1,2,2,3,1,1,1,2,1,5,7,8,7,8,7,7,8,8,8,7,2,2,0.002904536,0.003386,0.003071,0.003098,0.003666,0.004387326,0.004079551,0.00411772,0,0,0.000306,0.000351,0.000308,0.000275,0.000352,0.000455,0.00041,0.000367,0,0.899555009,0.799529066,0.799230456,0.799061092,0.549426574,1,0.999999424,8.38E-15,1.20E-10,0.993718325,1.14E-15,0.006281675,0,0,0,0,0,0,1,1,1,4,0.862625248,0.788007779,0.786295544,0.788658496,0.493833382,1,0.999999429,8.41E-15,1.19E-10,0.993719185,1.03E-15,0.006280815,2,0,2,2,0,3,1,1,1,0,0,3,0,1,1
60,40,0,0,0,1,5,7,0.071606739,0.010026511,0.002706842,0.915659907,0.071606739,0.915659907,0.002706842,0.010026511,0,0,1,1,0,0,7,8,0,1,1,0,0,1,0,0,5,1,60,40,1,2,3,4,3,1,1,5,5,6,7,8,4,5,3,3,1,5,1.466666667,4,3,5,0.244444444,2,3552,14156,14765,Scuola secondaria di 1Âº grado (Licenza media),Scuola secondaria di 1Âº grado (Licenza media),1,1,4,2,4,4,1,4,4,4,4,6,5,5,6,6,8,6,6,5,6,6,0,0,0.000306152,0.000351,0.000308,0.000275,0.000352,0.000455359,0.000410313,0.000367235,0,0,0.000306,0.000351,0.000308,0.000275,0.000352,0.000455,0.00041,0.000367,0,0.898710787,0.799105215,0.791770666,0.791787816,0.471980926,0.019156145,4.18E-05,0.979300266,0.994068545,9.47E-10,0.990131515,0.009797282,0,0,0,0,0,0,1,1,1,0,0.898982328,0.798860794,0.798608006,0.798633227,0.489002097,0.019154382,4.20E-05,0.979360375,0.994064209,9.49E-10,0.990111482,0.009811534,0,0,0,0,0,0,1,1,1,1,0,1,0,0,1
60,47,0,0,1,1,5,5,0.010026511,0.915659907,0.002706842,0.071606739,0.071606739,0.915659907,0.002706842,0.010026511,0,1,0,1,0,0,3,8,0,0,NaN,NaN,NaN,NaN,NaN,NaN,NaN,0,60,47,1,2,3,4,5,5,2,4,5,6,7,8,5,5,5,3,2,5,0.5,3,3,5,0.222222222,2,3809,14894,15453,Scuola secondaria di 1Âº grado (Licenza media),Scuola secondaria di 1Âº grado (Licenza media),2,1,4,2,2,4,2,2,4,2,2,6,5,5,6,6,8,6,6,5,6,6,0,0,0.000306152,0.000351,0.000308,0.000275,0.000352,0.000455359,0.000410313,0.000367235,0,0,0.000306,0.000351,0.000308,0.000275,0.000352,0.000455,0.00041,0.000367,0,0.897846929,0.798294477,0.797802644,0.797637956,0.49557102,0.99999989,0.995339651,3.64E-08,1.05E-05,0.385935607,1.21E-07,0.614064271,0,0,0,0,0,0,1,1,1,0,0.898982328,0.798860794,0.798608006,0.798633227,0.489002097,0.999999892,0.995359214,3.64E-08,1.04E-05,0.386039707,1.30E-07,0.613960162,0,0,0,0,0,0,1,1,1,3,1,5,1,0,0
60,49,9,12,1,1,5,3,0.38882793,0.242305315,0.077514352,0.291352403,0.322967039,0.192582404,0.192582404,0.291868154,0,1,0,1,0,0,2,8,0,0,NaN,NaN,NaN,NaN,NaN,NaN,NaN,0,60,49,1,2,3,4,5,4,5,5,5,6,7,8,5,5,5,5,4,5,0.052631579,1,5,5,0,0,3831,12823,14514,Scuola secondaria di 1Âº grado (Licenza media),Scuola secondaria di 1Âº grado (Licenza media),1,1,4,2,4,3,2,1,4,2,1,6,7,8,6,6,8,5,5,5,7,8,7,5,1,1,1,1,1,1,1,1,5,4,0.104602,0.104602,0.104602,0.104602,0.114425,0.114425,0.114425,0.114425,9,0.248991089,0.564602554,0.421905422,0.420989009,0.220416887,0.999999775,0.946845568,6.50E-08,0.000232714,0.010151304,5.40E-07,0.989848152,4,1,2,2,0,1,0,0,0,12,0.211373552,0.483713059,0.211849011,0.25817601,0.201224483,0.999999777,0.947095271,6.52E-08,0.000231691,0.010157498,5.02E-07,0.989841996,8,1,3,4,1,3,1,1,1,8,1,9,0,0,0
60,55,0,4,1,1,5,5,0.915659907,0.071606739,0.002706842,0.010026511,0.314424823,0.206834133,0.478412835,0.000328208,0,0,1,1,0,0,5,8,0,1,0,0,1,0,0,1,6,1,60,55,1,2,3,4,5,4,1,4,5,6,7,8,4,4,5,4,1,5,0.857142857,4,4,5,0.058823529,1,2347,11376,13293,"Scuola secondaria di 2Âº grado (diploma di istruzione liceale, diploma di istruzione tecnica, diploma di istruzione professionale)","Scuola secondaria di 2Âº grado (diploma di istruzione liceale, diploma di istruzione tecnica, diploma di istruzione professionale)",1,1,1,2,2,4,1,1,1,2,1,6,5,5,7,6,7,7,6,5,7,7,2,2,0.001106908,0.007361,0.006785,0.007864,0.001221,0.009058014,0.008536963,0.009850282,0,0,0.000306,0.000351,0.000308,0.000275,0.000352,0.000455,0.00041,0.000367,0,0.898788368,0.798550063,0.79826998,0.798178304,0.504072501,1,0.999990495,4.67E-13,1.97E-09,0.983345455,1.17E-13,0.016654545,0,0,0,0,0,0,1,1,1,4,0.815632484,0.784074201,0.764044153,0.765445339,0.50628667,1,0.999990573,4.68E-13,1.96E-09,0.983348197,1.03E-13,0.016651803,1,1,1,0,0,0,0,1,0,1,0,3,0,0,1
60,56,0,2,0,1,5,3,0.915659907,0.010026511,0.002706842,0.071606739,0.110330007,0.110330007,0.710982107,0.068357878,0,0,1,0,1,0,2,8,0,1,0,1,0,0,0,1,4,1,60,56,1,2,3,4,5,5,5,5,5,6,7,8,5,5,5,5,5,5,0,0,5,5,0,0,3711,12617,14778,Scuola secondaria di 1Âº grado (Licenza media),Scuola secondaria di 1Âº grado (Licenza media),1,1,1,2,4,4,1,1,1,4,1,5,7,5,7,8,7,7,6,7,7,7,2,1,0.002016214,0.002034,0.00187,0.001831,0.002227,0.002320115,0.002151938,0.002087662,0,0,0.000306,0.000351,0.000308,0.000275,0.000352,0.000455,0.00041,0.000367,0,0.896598115,0.795617449,0.793570648,0.793569409,0.50283051,0.999999935,0.986197029,2.59E-08,5.11E-05,0.035772898,2.25E-07,0.964226876,0,0,0,0,0,0,1,1,1,2,0.850585794,0.794417542,0.791871275,0.786268462,0.401745269,0.999999935,0.986287885,2.60E-08,5.08E-05,0.035790498,1.90E-07,0.964209311,2,0,0,1,0,0,1,1,1,6,0,8,0,0,0
60,57,0,4,1,1,5,7,0.002706842,0.071606739,0.010026511,0.915659907,0.499502525,0.000497891,0.499254044,0.000745539,0,0,1,0,1,0,3,8,0,1,0,1,0,0,0,1,3,1,60,57,1,2,3,4,1,4,1,5,5,6,7,8,4,3,3,2,1,5,1.545454545,4,2,4,0.222222222,2,3829,15487,16431,Scuola secondaria di 1Âº grado (Licenza media),Scuola secondaria di 1Âº grado (Licenza media),2,3,4,2,4,4,2,4,4,4,4,5,7,5,7,8,7,5,5,7,7,5,2,2,0.002904536,0.003386,0.003071,0.003098,0.003666,0.004387326,0.004079551,0.00411772,0,0,0.000306,0.000351,0.000308,0.000275,0.000352,0.000455,0.00041,0.000367,0,0.899193323,0.799722883,0.799169438,0.799178538,0.487675641,0.003100637,5.13E-06,0.995334411,0.996018099,4.45E-11,0.998263016,0.001665198,0,0,0,0,0,0,1,1,1,4,0.823293874,0.785059545,0.781846065,0.766328028,0.494550061,0.003100356,5.15E-06,0.995393929,0.996014586,4.46E-11,0.998255347,0.001667037,1,1,1,1,1,1,1,1,0,1,0,4,1,0,1
60,58,4,0,1,1,5,1,0.499192247,0.499564322,0.000745539,0.000497891,0.071606739,0.915659907,0.002706842,0.010026511,0,1,0,0,1,0,5,8,0,0,0,0,1,1,0,0,8,0,60,58,1,2,3,4,4,4,4,2,5,6,7,8,4,4,4,4,2,4,0.285714286,2,4,4,0,0,3654,12989,13862,Scuola primaria (Licenza elementare),Scuola secondaria di 1Âº grado (Licenza media),1,1,1,2,2,3,2,1,1,2,2,6,5,5,6,6,8,6,6,5,6,6,0,0,0.000306152,0.000351,0.000308,0.000275,0.000352,0.000455359,0.000410313,0.000367235,2,2,0.002905,0.003386,0.003071,0.003098,0.003666,0.004387,0.00408,0.004118,4,0.873766458,0.794542825,0.790259332,0.779664584,0.518279805,1,0.999999528,2.04E-14,9.08E-11,0.997544712,8.94E-16,0.002455288,1,1,1,1,1,1,1,1,0,0,0.898982328,0.798860794,0.798608006,0.798633227,0.489002097,1,0.999999532,2.04E-14,8.99E-11,0.997544991,8.83E-16,0.002455009,0,0,0,0,0,0,1,1,1,4,0,6,0,0,0
61,6,0,3,0,1,5,7,0.010026511,0.002706842,0.071606739,0.915659907,0.000574131,0.365401124,0.633121317,0.000903428,0,0,1,0,1,0,3,3,0,1,0,0,1,0,0,1,3,1,61,6,1,2,3,4,1,1,3,5,5,6,7,8,1,5,5,3,1,5,1.466666667,4,1,5,1.047619048,4,NaN,NaN,NaN,,,1,3,4,3,4,4,3,4,4,4,4,6,7,8,6,6,7,7,6,7,7,7,1,1,0.002904536,0.003386,0.003071,0.003098,0.003666,0.004387326,0.004079551,0.00411772,0,0,0.000306,0.000351,0.000308,0.000275,0.000352,0.000455,0.00041,0.000367,0,0.899577289,0.79989544,0.799435219,0.799437349,0.484898621,0.001001689,1.03E-07,0.997432241,0.998416528,4.11E-14,0.999381237,0.000546896,0,0,0,0,0,0,1,1,1,3,0.892103941,0.797409623,0.796165657,0.796676723,0.495573091,0.001001743,1.04E-07,0.997491513,0.998414546,4.12E-14,0.999375617,0.000546679,2,1,0,2,1,0,1,1,1,1,0,1,0,0,1
61,7,0,5,0,1,5,4,0.002706842,0.010026511,0.071606739,0.915659907,0.000400649,0.32357304,0.545955752,0.130070559,0,0,1,1,0,0,3,3,0,1,0,0,1,0,0,1,3,1,61,7,1,2,3,4,5,5,5,5,5,6,7,8,4,3,4,5,5,5,0,0,3,5,0.166666667,2,NaN,NaN,NaN,,,2,3,4,3,4,4,3,4,4,4,4,6,7,8,7,8,7,7,6,7,7,6,2,2,0.009315631,0.010101,0.009699,0.011409,0.011178,0.012376918,0.012055149,0.014129339,0,0,0.000306,0.000351,0.000308,0.000275,0.000352,0.000455,0.00041,0.000367,0,0.899657266,0.799910991,0.799788756,0.799791181,0.489622761,0.000805806,1.21E-07,0.997627817,0.998416509,5.35E-14,0.999484418,0.000443708,0,0,0,0,0,0,1,1,1,5,0.844915225,0.790311871,0.786646752,0.787297341,0.471759729,0.000805842,1.22E-07,0.997687119,0.998414528,5.35E-14,0.999478799,0.00044349,1,2,2,1,1,3,1,1,1,6,0,7,3,0,0
61,8,0,4,0,1,5,4,0.002706842,0.010026511,0.071606739,0.915659907,0.000745539,0.499378285,0.499378285,0.000497891,1,0,0,0,1,0,3,3,0,0,0,0,1,0,0,1,5,1,61,8,1,2,3,4,3,3,2,4,5,6,7,8,4,5,5,1,2,4,0.222222222,2,1,5,0.955555556,4,3670,13300,13923,Laurea triennale,"Scuola secondaria di 2Âº grado (diploma di istruzione liceale, diploma di istruzione tecnica, diploma di istruzione professionale)",2,3,4,3,4,4,3,4,4,4,4,6,7,5,7,6,7,6,6,7,6,7,2,2,0.002904536,0.003386,0.003071,0.003098,0.003666,0.004387326,0.004079551,0.00411772,0,0,0.000306,0.000351,0.000308,0.000275,0.000352,0.000455,0.00041,0.000367,0,0.899657266,0.799910991,0.799788756,0.799791181,0.489622761,0.000805806,1.21E-07,0.997627817,0.998416509,5.35E-14,0.999484418,0.000443708,0,0,0,0,0,0,1,1,1,4,0.842411449,0.789090394,0.749975966,0.751222108,0.50608055,0.000805842,1.22E-07,0.997687119,0.998414528,5.35E-14,0.999478799,0.00044349,2,0,2,2,0,3,1,1,1,5,2,2,0,1,1
61,9,0,0,0,1,5,4,0.010026511,0.002706842,0.071606739,0.915659907,0.002706842,0.010026511,0.915659907,0.071606739,0,0,1,0,0,1,4,3,0,1,0,0,1,0,0,1,2,1,61,9,1,2,3,4,4,2,3,5,5,6,7,8,3,3,5,4,2,5,0.476190476,3,3,5,0.244444444,2,3857,19424,20110,Laurea specialistica,"Scuola secondaria di 2Âº grado (diploma di istruzione liceale, diploma di istruzione tecnica, diploma di istruzione professionale)",1,3,4,3,4,4,3,4,4,4,4,6,7,8,7,8,7,7,8,7,7,7,0,0,0.000306152,0.000351,0.000308,0.000275,0.000352,0.000455359,0.000410313,0.000367235,0,0,0.000306,0.000351,0.000308,0.000275,0.000352,0.000455,0.00041,0.000367,0,0.899577289,0.79989544,0.799435219,0.799437349,0.484898621,0.001001689,1.03E-07,0.997432241,0.998416528,4.11E-14,0.999381237,0.000546896,0,0,0,0,0,0,1,1,1,0,0.899259628,0.799366178,0.799054432,0.799247696,0.484790148,0.001001743,1.04E-07,0.997491513,0.998414546,4.12E-14,0.999375617,0.000546679,0,0,0,0,0,0,1,1,1,2,1,1,0,0,1
61,10,0,1,1,1,5,7,0.002706842,0.915659907,0.010026511,0.071606739,0.796442413,0.101531796,0.101048593,0.000977198,0,0,1,0,1,0,2,3,0,1,1,0,0,1,0,0,4,1,61,10,1,2,3,4,3,5,3,4,5,6,7,8,5,5,5,3,3,5,0.244444444,2,3,5,0.222222222,2,3114,13638,15302,Scuola secondaria di 1Âº grado (Licenza media),Scuola secondaria di 1Âº grado (Licenza media),2,3,4,2,2,4,2,2,4,2,2,5,5,5,7,6,7,5,5,5,6,5,1,1,0.000957953,0.000969,0.00086,0.00081,0.001126,0.001204491,0.001092811,0.001025973,0,0,0.000306,0.000351,0.000308,0.000275,0.000352,0.000455,0.00041,0.000367,0,0.897269907,0.797790935,0.796684988,0.796646592,0.493093448,0.999999684,0.96771917,1.05E-07,7.26E-05,0.063359269,5.18E-07,0.936640209,0,0,0,0,0,0,1,1,1,1,0.894722716,0.797551215,0.795570944,0.795487593,0.491680557,0.999999688,0.967853471,1.05E-07,7.19E-05,0.063393042,5.55E-07,0.936606398,1,0,0,1,0,0,1,1,1,1,0,4,0,0,1
61,11,0,3,0,1,5,7,0.915659907,0.010026511,0.002706842,0.071606739,0.000574023,0.632956231,0.000903195,0.36556655,0,0,1,1,0,0,5,3,0,1,0,1,0,0,0,1,4,1,61,11,1,2,3,4,5,2,3,4,5,6,7,8,2,5,3,4,2,5,0.476190476,3,2,5,0.476190476,3,3837,13741,15256,Laurea specialistica,"Scuola secondaria di 2Âº grado (diploma di istruzione liceale, diploma di istruzione tecnica, diploma di istruzione professionale)",1,1,1,2,4,4,1,1,1,4,1,6,7,8,6,6,8,6,8,8,6,6,1,1,0.002904536,0.003386,0.003071,0.003098,0.003666,0.004387326,0.004079551,0.00411772,0,0,0.000306,0.000351,0.000308,0.000275,0.000352,0.000455,0.00041,0.000367,0,0.896598115,0.795617449,0.793570648,0.793569409,0.50283051,0.999999935,0.986197029,2.59E-08,5.11E-05,0.035772898,2.25E-07,0.964226876,0,0,0,0,0,0,1,1,1,3,0.867572543,0.784291944,0.757485308,0.758456064,0.487323845,0.999999935,0.986287885,2.60E-08,5.08E-05,0.035790498,1.90E-07,0.964209311,1,0,1,1,0,1,1,1,0,2,1,0,0,1,1
61,12,0,0,0,1,5,5,0.010026511,0.002706842,0.071606739,0.915659907,0.002706842,0.010026511,0.071606739,0.915659907,0,0,1,1,0,0,3,3,0,1,0,1,0,1,0,0,6,1,61,12,1,2,3,4,3,2,5,5,5,6,7,8,2,3,4,5,2,5,0.6,3,2,5,0.476190476,3,3661,14855,15285,"Scuola secondaria di 2Âº grado (diploma di istruzione liceale, diploma di istruzione tecnica, diploma di istruzione professionale)","Scuola secondaria di 2Âº grado (diploma di istruzione liceale, diploma di istruzione tecnica, diploma di istruzione professionale)",1,3,4,3,4,4,3,4,4,4,4,6,7,8,7,8,8,7,8,8,8,8,0,0,0.000306152,0.000351,0.000308,0.000275,0.000352,0.000455359,0.000410313,0.000367235,0,0,0.000306,0.000351,0.000308,0.000275,0.000352,0.000455,0.00041,0.000367,0,0.899577289,0.79989544,0.799435219,0.799437349,0.484898621,0.001001689,1.03E-07,0.997432241,0.998416528,4.11E-14,0.999381237,0.000546896,0,0,0,0,0,0,1,1,1,0,0.899050835,0.798112755,0.795772565,0.796665679,0.499713462,0.001001743,1.04E-07,0.997491513,0.998414546,4.12E-14,0.999375617,0.000546679,0,0,0,0,0,0,1,1,1,1,0,0,0,1,1
61,13,0,3,0,1,5,2,0.010026511,0.002706842,0.071606739,0.915659907,0.193946141,0.18331026,0.554705435,0.068038164,0,1,0,0,1,0,3,3,0,0,NaN,NaN,NaN,NaN,NaN,NaN,NaN,0,61,13,1,2,3,4,1,2,4,5,5,6,7,8,4,5,5,4,1,5,1.111111111,4,4,5,0.074074074,1,NaN,NaN,NaN,,,1,3,4,3,4,4,3,4,4,4,4,6,5,8,7,6,7,7,6,7,7,7,1,1,0.000779014,0.013674,0.013119,0.023055,0.000797,0.015524081,0.015114321,0.026118358,0,0,0.000306,0.000351,0.000308,0.000275,0.000352,0.000455,0.00041,0.000367,0,0.899577289,0.79989544,0.799435219,0.799437349,0.484898621,0.001001689,1.03E-07,0.997432241,0.998416528,4.11E-14,0.999381237,0.000546896,0,0,0,0,0,0,1,1,1,3,0.89258464,0.797575219,0.796775137,0.797287819,0.483120203,0.001001743,1.04E-07,0.997491513,0.998414546,4.12E-14,0.999375617,0.000546679,2,1,0,0,0,0,0,0,1,2,1,2,0,0,1
61,14,0,1,1,1,5,4,0.915659907,0.071606739,0.002706842,0.010026511,0.000977198,0.101048593,0.796442413,0.101531796,0,1,0,1,0,0,6,3,0,0,0,0,1,1,0,0,4,1,61,14,1,2,3,4,5,4,3,4,5,6,7,8,2,4,5,5,3,5,0.166666667,2,2,5,0.5,3,3085,13209,13780,"Scuola secondaria di 2Âº grado (diploma di istruzione liceale, diploma di istruzione tecnica, diploma di istruzione professionale)","Scuola secondaria di 2Âº grado (diploma di istruzione liceale, diploma di istruzione tecnica, diploma di istruzione professionale)",1,1,1,2,2,4,1,1,1,2,1,6,7,8,7,6,7,7,8,7,7,7,1,1,0.000957953,0.000969,0.00086,0.00081,0.001126,0.001204491,0.001092811,0.001025973,0,0,0.000306,0.000351,0.000308,0.000275,0.000352,0.000455,0.00041,0.000367,0,0.898788368,0.798550063,0.79826998,0.798178304,0.504072501,1,0.999990495,4.67E-13,1.97E-09,0.983345455,1.17E-13,0.016654545,0,0,0,0,0,0,1,1,1,1,0.896269817,0.798548775,0.796683504,0.797073719,0.455976276,1,0.999990573,4.68E-13,1.96E-09,0.983348197,1.03E-13,0.016651803,1,0,0,1,0,0,1,1,1,1,0,2,0,0,1
61,15,1,4,0,1,5,6,0.05739948,0.086983114,0.132330037,0.723287369,0.000497891,0.499564322,0.499192247,0.000745539,0,0,1,0,0,1,4,3,0,1,0,0,1,0,0,1,4,1,61,15,1,2,3,4,2,3,1,5,5,6,7,8,1,5,4,3,1,5,1.060606061,4,1,5,0.897435897,4,3844,17636,16178,"Scuola secondaria di 2Âº grado (diploma di istruzione liceale, diploma di istruzione tecnica, diploma di istruzione professionale)",Scuola secondaria di 1Âº grado (Licenza media),1,3,4,2,4,4,3,4,4,4,4,6,7,8,7,6,7,7,6,7,6,6,2,2,0.002904536,0.003386,0.003071,0.003098,0.003666,0.004387326,0.004079551,0.00411772,1,1,0.000694,0.00159,0.001395,0.001327,0.000752,0.001853,0.001654,0.001555,1,0.896150129,0.799407613,0.797840247,0.797852316,0.404964541,0.001942515,6.90E-07,0.99649289,0.998415942,1.17E-12,0.998885147,0.001043022,1,0,0,0,0,0,0,0,1,4,0.836474894,0.787554239,0.778010331,0.778542815,0.49507534,0.00194249,6.93E-07,0.996552185,0.998413957,1.17E-12,0.998879007,0.001043329,1,1,1,1,1,1,1,1,0,6,3,1,0,0,1
61,16,0,0,1,1,5,6,0.071606739,0.915659907,0.010026511,0.002706842,0.071606739,0.915659907,0.010026511,0.002706842,0,1,0,0,1,0,6,3,0,0,NaN,NaN,NaN,NaN,NaN,NaN,NaN,0,61,16,1,2,3,4,4,5,1,3,5,6,7,8,4,5,4,3,1,5,0.897435897,4,3,5,0.166666667,2,3789,13897,14045,Nessun titolo di studio,Nessun titolo di studio,2,1,1,2,2,3,2,2,1,2,2,6,5,5,6,6,7,6,6,5,6,6,0,0,0.000306152,0.000351,0.000308,0.000275,0.000352,0.000455359,0.000410313,0.000367235,0,0,0.000306,0.000351,0.000308,0.000275,0.000352,0.000455,0.00041,0.000367,0,0.89920837,0.799527005,0.797852205,0.779980765,0.5011577,1,0.99999966,3.51E-14,5.39E-11,0.999042559,5.05E-16,0.000957441,0,0,0,0,0,0,1,1,1,0,0.898268869,0.798118492,0.797944825,0.797978569,0.485760921,1,0.999999663,3.51E-14,5.32E-11,0.999042646,5.41E-16,0.000957354,0,0,0,0,0,0,1,1,1,2,1,1,0,0,1
61,17,4,0,0,1,5,5,0.000497891,0.499378285,0.000745539,0.499378285,0.915659907,0.071606739,0.002706842,0.010026511,1,0,0,0,1,0,6,3,0,0,NaN,NaN,NaN,NaN,NaN,NaN,NaN,0,61,17,1,2,3,4,2,5,3,4,5,6,7,8,5,4,3,3,2,5,0.476190476,3,3,5,0.244444444,2,3885,13064,13604,"Scuola secondaria di 2Âº grado (diploma di istruzione liceale, diploma di istruzione tecnica, diploma di istruzione professionale)","Scuola secondaria di 2Âº grado (diploma di istruzione liceale, diploma di istruzione tecnica, diploma di istruzione professionale)",2,3,4,2,4,4,2,2,4,2,4,5,5,5,6,6,8,5,5,5,6,5,0,0,0.000306152,0.000351,0.000308,0.000275,0.000352,0.000455359,0.000410313,0.000367235,2,2,0.002905,0.003386,0.003071,0.003098,0.003666,0.004387,0.00408,0.004118,4,0.854228438,0.792939886,0.785730134,0.78582277,0.49380449,0.994062758,0.045322159,0.005766477,0.212737004,4.17E-05,0.017886711,0.98207026,2,0,2,2,0,3,1,1,1,0,0.899376629,0.799427965,0.797364969,0.797356977,0.504583747,0.994067179,0.045486559,0.005765103,0.21196834,4.18E-05,0.018521928,0.981434878,0,0,0,0,0,0,1,1,1,1,0,1,0,0,1
61,18,0,0,1,1,5,7,0.915659907,0.071606739,0.002706842,0.010026511,0.010026511,0.071606739,0.915659907,0.002706842,0,0,1,0,1,0,2,3,0,1,0,0,1,1,0,0,3,1,61,18,1,2,3,4,4,3,2,4,5,6,7,8,4,5,5,1,2,4,0.282051282,2,1,5,0.955555556,4,NaN,NaN,NaN,,,1,1,1,2,2,4,1,1,1,2,1,6,7,5,7,6,7,7,6,7,7,7,0,0,0.000306152,0.000351,0.000308,0.000275,0.000352,0.000455359,0.000410313,0.000367235,0,0,0.000306,0.000351,0.000308,0.000275,0.000352,0.000455,0.00041,0.000367,0,0.898788368,0.798550063,0.79826998,0.798178304,0.504072501,1,0.999990495,4.67E-13,1.97E-09,0.983345455,1.17E-13,0.016654545,0,0,0,0,0,0,1,1,1,0,0.898483665,0.79944866,0.795283695,0.794938399,0.500186889,1,0.999990573,4.68E-13,1.96E-09,0.983348197,1.03E-13,0.016651803,0,0,0,0,0,0,1,1,1,3,1,1,0,0,0
61,19,0,5,0,1,5,3,0.002706842,0.010026511,0.071606739,0.915659907,0.045782784,0.283245647,0.548549669,0.1224219,0,0,1,0,1,0,4,3,0,1,0,0,1,0,0,1,2,1,61,19,1,2,3,4,1,1,1,5,5,6,7,8,2,5,1,3,1,5,2,4,1,5,1.060606061,4,NaN,NaN,NaN,,,2,3,4,3,4,4,3,4,4,4,4,6,7,5,7,6,7,6,8,7,7,7,3,2,0.019469538,0.01947,0.019672,0.019672,0.021729,0.021728649,0.022186591,0.022186591,0,0,0.000306,0.000351,0.000308,0.000275,0.000352,0.000455,0.00041,0.000367,0,0.899657266,0.799910991,0.799788756,0.799791181,0.489622761,0.000805806,1.21E-07,0.997627817,0.998416509,5.35E-14,0.999484418,0.000443708,0,0,0,0,0,0,1,1,1,5,0.716611149,0.779420309,0.684657755,0.688432322,0.474780293,0.000805842,1.22E-07,0.997687119,0.998414528,5.35E-14,0.999478799,0.00044349,3,0,1,2,0,0,1,1,0,3,0,8,3,0,1
61,20,0,0,0,1,5,5,0.010026511,0.002706842,0.071606739,0.915659907,0.010026511,0.071606739,0.915659907,0.002706842,0,0,1,0,1,0,4,3,0,1,0,1,0,1,0,0,2,1,61,20,1,2,3,4,3,2,2,4,5,6,7,8,2,3,5,3,2,4,0.333333333,2,2,5,0.487179487,3,NaN,NaN,NaN,,,1,3,4,3,4,4,3,4,4,4,4,6,7,5,7,6,7,7,6,7,7,7,0,0,0.000306152,0.000351,0.000308,0.000275,0.000352,0.000455359,0.000410313,0.000367235,0,0,0.000306,0.000351,0.000308,0.000275,0.000352,0.000455,0.00041,0.000367,0,0.899577289,0.79989544,0.799435219,0.799437349,0.484898621,0.001001689,1.03E-07,0.997432241,0.998416528,4.11E-14,0.999381237,0.000546896,0,0,0,0,0,0,1,1,1,0,0.898483665,0.79944866,0.795283695,0.794938399,0.500186889,0.001001743,1.04E-07,0.997491513,0.998414546,4.12E-14,0.999375617,0.000546679,0,0,0,0,0,0,1,1,1,3,1,3,1,0,1
61,21,2,1,0,1,5,7,0.068357878,0.110330007,0.110330007,0.710982107,0.000977198,0.101048593,0.796442413,0.101531796,0,0,1,0,1,0,5,3,0,1,0,0,1,0,0,1,8,0,61,21,1,2,3,4,2,3,2,5,5,6,7,8,2,3,5,3,2,5,0.666666667,3,2,5,0.487179487,3,3656,10629,10601,Scuola secondaria di 1Âº grado (Licenza media),"Scuola secondaria di 2Âº grado (diploma di istruzione liceale, diploma di istruzione tecnica, diploma di istruzione professionale)",1,3,4,3,4,4,2,4,4,4,4,6,7,8,7,6,7,7,8,7,7,7,1,1,0.000957953,0.000969,0.00086,0.00081,0.001126,0.001204491,0.001092811,0.001025973,2,1,0.002016,0.002034,0.00187,0.001831,0.002227,0.00232,0.002152,0.002088,2,0.885739764,0.798568632,0.795076115,0.795111594,0.412065118,0.001988301,6.51E-07,0.996445001,0.996022556,1.20E-12,0.99885178,0.001076391,2,0,0,1,0,0,1,1,1,1,0.896269817,0.798548775,0.796683504,0.797073719,0.455976276,0.001988274,6.54E-07,0.996504332,0.996019061,1.21E-12,0.998845398,0.001076939,1,0,0,1,0,0,1,1,1,3,0,2,0,1,1
62,3,5,8,0,1,3,6,0.041271578,0.379810107,0.454051652,0.124866663,0.256235532,0.407331234,0.265255009,0.071178225,0,0,1,1,0,0,6,3,1,1,0,0,1,1,0,0,2,1,62,3,1,2,3,4,2,5,2,5,5,6,7,8,2,5,5,2,2,5,0.857142857,3,2,5,0.857142857,3,NaN,NaN,NaN,,,2,3,1,2,4,3,2,2,3,3,3,5,7,5,7,6,8,6,5,7,6,6,4,4,0.021014721,0.06231,0.110585,0.110585,0.022436,0.067072428,0.119836818,0.119836818,3,3,0.00655,0.015764,0.015539,0.022999,0.007361,0.018002,0.017922,0.026258,5,0.509710807,0.696258741,0.650314721,0.643576522,0.424771525,0.999999991,0.969065673,9.37E-10,6.76E-05,0.001364844,8.01E-09,0.998635148,2,1,1,0,0,1,0,0,0,8,0.270059293,0.548515847,0.4995153,0.503589579,0.218779778,0.999999991,0.969266964,9.38E-10,6.66E-05,0.00136594,8.32E-09,0.998634051,4,2,1,1,0,0,0,0,0,7,2,2,0,0,0
62,4,0,5,0,1,3,5,0.002706842,0.071606739,0.010026511,0.915659907,0.11458208,0.04244051,0.311053446,0.531923963,0,0,1,0,1,0,3,3,1,1,NaN,NaN,NaN,NaN,NaN,NaN,NaN,0,62,4,1,2,3,4,4,4,3,4,5,6,7,8,3,4,4,5,3,4,0.066666667,1,3,5,0.166666667,2,NaN,NaN,NaN,,,2,3,4,2,4,4,2,4,4,4,4,6,5,8,7,8,8,7,8,7,8,8,2,2,0.006549687,0.015764,0.015539,0.022999,0.007361,0.018002243,0.017922379,0.026258429,0,0,0.000306,0.000351,0.000308,0.000275,0.000352,0.000455,0.00041,0.000367,0,0.899193323,0.799722883,0.799169438,0.799178538,0.487675641,0.003100637,5.13E-06,0.995334411,0.996018099,4.45E-11,0.998263016,0.001665198,0,0,0,0,0,0,1,1,1,5,0.834385793,0.770528886,0.760174633,0.772745466,0.430937812,0.003100356,5.15E-06,0.995393929,0.996014586,4.46E-11,0.998255347,0.001667037,3,0,1,1,0,1,0,0,0,5,1,1,0,0,1
62,5,6,5,0,1,3,3,0.086905368,0.43601932,0.175420683,0.301654629,0.35172655,0.247045825,0.400919992,0.000307633,0,0,1,0,0,1,6,3,1,1,0,1,0,1,0,0,5,1,62,5,1,2,3,4,5,5,5,5,5,6,7,8,5,5,5,5,5,5,0,0,5,5,0,0,NaN,NaN,NaN,,,2,3,1,2,2,4,3,2,4,4,2,5,7,5,6,6,7,7,5,7,6,5,3,3,0.009315631,0.010101,0.009699,0.011409,0.011178,0.012376918,0.012055149,0.014129339,3,3,0.021015,0.06231,0.110585,0.110585,0.022436,0.067072,0.119837,0.119837,6,0.407248485,0.67075663,0.626593425,0.626741281,0.265105916,0.99999962,0.9863155,3.53E-07,0.001284489,0.002826841,1.97E-06,0.997171168,3,0,2,2,0,1,0,0,0,5,0.530516392,0.733379874,0.715772949,0.657860103,0.466047643,0.999999621,0.986412492,3.53E-07,0.001268406,0.002828878,2.04E-06,0.997169064,1,1,2,0,0,1,0,1,0,6,0,6,0,0,0
62,6,0,3,1,1,3,4,0.071606739,0.915659907,0.002706842,0.010026511,0.000903428,0.365401124,0.000574131,0.633121317,0,0,1,0,1,0,6,3,1,1,0,1,0,0,0,1,1,1,62,6,1,2,3,4,3,5,1,2,5,6,7,8,1,1,1,5,1,5,1.060606061,4,1,5,2,4,3140,15107,16930,Scuola secondaria di 1Âº grado (Licenza media),Scuola secondaria di 1Âº grado (Licenza media),2,1,1,2,2,4,2,2,1,2,2,6,5,8,6,6,8,6,8,8,8,8,1,1,0.002904536,0.003386,0.003071,0.003098,0.003666,0.004387326,0.004079551,0.00411772,0,0,0.000306,0.000351,0.000308,0.000275,0.000352,0.000455,0.00041,0.000367,0,0.898465058,0.799027736,0.798302045,0.79063163,0.499681915,1,0.999994396,1.95E-12,8.89E-10,0.997438886,5.27E-14,0.002561114,0,0,0,0,0,0,1,1,1,3,0.88259712,0.786405466,0.781509005,0.786282009,0.492358983,1,0.999994434,1.95E-12,8.79E-10,0.997439193,5.43E-14,0.002560807,2,1,0,2,1,0,1,1,1,0,0,3,0,1,1
62,7,11,12,1,1,3,5,0.15217029,0.326376928,0.21990829,0.301544492,0.238516481,0.284450558,0.238516481,0.238516481,0,0,1,0,1,0,2,3,1,1,0,1,0,1,0,0,6,1,62,7,1,2,3,4,3,5,3,1,5,6,7,8,1,5,4,3,1,5,0.888888889,4,1,5,0.897435897,4,3012,16197,16173,"Scuola secondaria di 2Âº grado (diploma di istruzione liceale, diploma di istruzione tecnica, diploma di istruzione professionale)",Scuola secondaria di 1Âº grado (Licenza media),1,3,1,2,2,3,2,2,3,4,4,6,7,8,6,6,7,6,5,5,7,8,7,4,1,1,1,1,1,1,1,1,6,3,0.052765,0.207538,0.207538,0.207538,0.052802,0.213353,0.213353,0.213353,11,0.232340025,0.403810588,0.266107287,0.262159855,0.220679239,0.999999989,0.998865632,1.04E-08,0.00031983,0.004717063,7.70E-08,0.99528286,4,3,2,2,0,1,0,1,0,12,0.216803413,0.348305914,0.217188117,0.282167586,0.203328293,0.999999989,0.99887689,1.05E-08,0.00031527,0.004720371,7.89E-08,0.99527955,5,2,3,3,1,1,1,1,0,4,0,2,0,0,1
62,8,5,1,0,1,3,5,0.270843519,0.00037131,0.201680056,0.527105115,0.101531796,0.796442413,0.101048593,0.000977198,0,0,1,0,1,0,5,3,1,1,0,1,0,0,1,0,5,1,62,8,1,2,3,4,2,1,3,5,5,6,7,8,1,5,3,3,1,5,1.060606061,4,1,5,0.888888889,4,NaN,NaN,NaN,,,1,3,4,3,4,4,3,4,1,4,4,6,7,5,6,6,7,6,6,5,6,6,1,1,0.000957953,0.000969,0.00086,0.00081,0.001126,0.001204491,0.001092811,0.001025973,2,1,0.009316,0.010101,0.009699,0.011409,0.011178,0.012377,0.012055,0.014129,5,0.875254564,0.796914405,0.789667133,0.789707663,0.448872665,0.119424195,1.61E-05,0.879072206,0.978613537,9.42E-11,0.949606956,0.050324756,2,0,1,1,0,0,1,1,0,1,0.890788547,0.795037183,0.793422627,0.793537198,0.444881308,0.119392887,1.61E-05,0.879157862,0.97859385,9.61E-11,0.948666814,0.051259425,1,0,0,1,0,0,1,1,1,0,0,4,1,1,1
62,10,3,7,1,1,3,5,0.365661362,0.632861616,0.000903062,0.000573961,0.079911914,0.167972544,0.484245751,0.26786979,1,0,0,1,0,0,3,3,1,0,NaN,NaN,NaN,NaN,NaN,NaN,NaN,0,62,10,1,2,3,4,5,5,5,5,5,6,7,8,5,5,5,5,5,5,0,0,5,5,0,0,2920,15999,16624,Scuola secondaria di 1Âº grado (Licenza media),Scuola secondaria di 1Âº grado (Licenza media),2,1,1,2,2,3,1,2,1,2,2,6,7,5,6,8,8,7,8,7,7,7,3,3,0.021014721,0.06231,0.110585,0.110585,0.022436,0.067072428,0.119836818,0.119836818,1,1,0.002905,0.003386,0.003071,0.003098,0.003666,0.004387,0.00408,0.004118,3,0.894662236,0.798293578,0.791873075,0.774529954,0.50187961,1,0.999999625,2.00E-14,3.99E-11,0.998466504,4.71E-16,0.001533496,1,0,1,1,0,1,1,1,0,7,0.58133572,0.744247511,0.727954348,0.738107096,0.330887677,1,0.999999629,2.00E-14,3.94E-11,0.998466661,5.05E-16,0.001533339,5,2,0,2,0,0,0,0,1,6,0,6,0,0,0
62,11,9,7,0,1,3,5,0.132758708,0.283961507,0.211275505,0.37200428,0.250008272,0.249925089,0.499733697,0.000332941,1,0,1,1,0,0,7,3,1,1,1,0,0,1,0,0,6,1,62,11,1,2,3,4,1,5,2,1,5,6,7,8,1,3,5,2,1,5,1.592592593,4,1,5,1.060606061,4,4408,15460,NaN,"Scuola secondaria di 2Âº grado (diploma di istruzione liceale, diploma di istruzione tecnica, diploma di istruzione professionale)",Scuola secondaria di 1Âº grado (Licenza media),2,3,4,2,4,4,1,4,4,3,2,6,7,5,7,6,7,7,5,5,6,7,3,3,0.050472327,0.050472,0.050472,0.050472,0.061277,0.06127748,0.06127748,0.06127748,5,3,0.264142,0.264142,0.264142,0.264142,0.269542,0.269542,0.269542,0.269542,9,0.231045792,0.620259967,0.462237802,0.462906632,0.302314577,0.985761332,0.007285281,0.01348931,0.096084454,1.71E-06,0.041359242,0.958289513,4,1,3,2,1,1,1,1,0,7,0.616071148,0.76590325,0.616132866,0.612586242,0.479029572,0.985783715,0.007311384,0.013489623,0.095831892,1.70E-06,0.044571383,0.955026694,3,0,2,3,0,1,1,1,0,6,2,3,1,0,1
63,4,6,7,1,1,3,5,0.44228862,0.000350696,0.412403425,0.144957259,0.244163269,0.303661795,0.451852279,0.000322657,0,1,0,0,0,1,6,3,1,0,1,0,0,0,0,1,1,1,63,4,1,2,3,4,5,1,5,4,5,6,7,8,5,5,5,3,1,5,0.955555556,4,3,5,0.222222222,2,NaN,NaN,NaN,,,1,1,1,3,4,4,3,1,3,3,1,6,7,5,7,6,7,7,5,5,7,6,3,3,0.050472327,0.050472,0.050472,0.050472,0.061277,0.06127748,0.06127748,0.06127748,3,3,0.009316,0.010101,0.009699,0.011409,0.011178,0.012377,0.012055,0.014129,6,0.489492165,0.697401542,0.615451986,0.615460432,0.407811637,0.999999845,0.568022409,7.19E-09,0.000534484,7.73E-05,6.66E-08,0.999922604,4,0,2,3,0,3,1,1,1,7,0.552333486,0.758154331,0.582220593,0.558438992,0.398945623,0.999999847,0.569678911,7.21E-09,0.000530678,7.74E-05,5.93E-08,0.999922543,2,1,3,2,1,2,1,1,0,2,0,3,0,1,0
63,5,0,0,1,1,3,4,0.071606739,0.915659907,0.010026511,0.002706842,0.071606739,0.915659907,0.010026511,0.002706842,1,0,0,1,0,0,4,3,1,0,0,0,1,0,0,1,4,1,63,5,1,2,3,4,4,5,1,1,5,6,7,8,4,5,1,2,1,5,1.545454545,4,1,5,1.111111111,4,NaN,NaN,NaN,,,2,1,1,2,2,3,2,2,1,2,2,6,5,5,6,6,7,6,6,5,6,6,0,0,0.000306152,0.000351,0.000308,0.000275,0.000352,0.000455359,0.000410313,0.000367235,0,0,0.000306,0.000351,0.000308,0.000275,0.000352,0.000455,0.00041,0.000367,0,0.89920837,0.799527005,0.797852205,0.779980765,0.5011577,1,0.99999966,3.51E-14,5.39E-11,0.999042559,5.05E-16,0.000957441,0,0,0,0,0,0,1,1,1,0,0.898268869,0.798118492,0.797944825,0.797978569,0.485760921,1,0.999999663,3.51E-14,5.32E-11,0.999042646,5.41E-16,0.000957354,0,0,0,0,0,0,1,1,1,1,0,2,1,0,1
63,8,0,7,1,1,3,6,0.071606739,0.915659907,0.002706842,0.010026511,0.266945866,0.435930967,0.2968174,0.000305767,0,1,0,0,1,0,2,3,1,0,1,0,0,1,0,0,2,1,63,8,1,2,3,4,5,5,3,3,5,6,7,8,4,5,5,3,3,5,0.333333333,2,3,5,0.215686275,2,2765,13000,11728,"Scuola secondaria di 2Âº grado (diploma di istruzione liceale, diploma di istruzione tecnica, diploma di istruzione professionale)","Scuola secondaria di 2Âº grado (diploma di istruzione liceale, diploma di istruzione tecnica, diploma di istruzione professionale)",2,1,1,2,2,4,2,2,1,2,2,5,7,5,7,6,7,6,5,7,6,6,3,3,0.009315631,0.010101,0.009699,0.011409,0.011178,0.012376918,0.012055149,0.014129339,0,0,0.000306,0.000351,0.000308,0.000275,0.000352,0.000455,0.00041,0.000367,0,0.898465058,0.799027736,0.798302045,0.79063163,0.499681915,1,0.999994396,1.95E-12,8.89E-10,0.997438886,5.27E-14,0.002561114,0,0,0,0,0,0,1,1,1,7,0.481574256,0.709887043,0.656100664,0.650272344,0.371157991,1,0.999994434,1.95E-12,8.79E-10,0.997439193,5.43E-14,0.002560807,3,2,1,2,1,0,1,1,0,2,0,1,0,0,0
63,10,10,9,0,1,3,5,0.196537527,0.266871776,0.178723931,0.357866765,0.102777717,0.276627877,0.391541896,0.229052511,0,1,0,0,1,0,4,3,1,0,0,1,0,0,1,0,2,1,63,10,1,2,3,4,4,3,4,5,5,6,7,8,4,5,5,4,3,5,0.166666667,2,4,5,0.074074074,1,2967,12458,12905,Scuola secondaria di 1Âº grado (Licenza media),Scuola primaria (Licenza elementare),1,1,1,3,2,4,3,4,4,4,2,6,5,8,7,6,8,7,8,7,7,6,4,4,0.104602065,0.104602,0.104602,0.104602,0.114425,0.114424833,0.114424833,0.114424833,6,4,0.264142,0.264142,0.264142,0.264142,0.269542,0.269542,0.269542,0.269542,10,0.219117933,0.45298609,0.39459153,0.395376004,0.209857176,0.999952982,0.741392068,4.54E-05,0.21612225,2.77E-05,0.000199913,0.999770735,5,2,3,3,1,3,0,0,1,9,0.321691711,0.63317185,0.609522365,0.623059224,0.224118659,0.999953044,0.743131957,4.54E-05,0.214590593,2.77E-05,0.000202915,0.999767575,5,1,3,2,0,3,0,0,1,3,0,2,0,0,1
63,11,0,1,0,1,3,5,0.010026511,0.071606739,0.002706842,0.915659907,0.000977198,0.101048593,0.796442413,0.101531796,0,0,1,0,0,1,3,3,1,1,0,0,1,0,0,1,1,1,63,11,1,2,3,4,5,5,4,5,5,6,7,8,5,5,5,5,4,5,0.052631579,1,5,5,0,0,2944,14258,14843,Scuola secondaria di 1Âº grado (Licenza media),Scuola secondaria di 1Âº grado (Licenza media),2,1,4,2,4,4,2,4,4,4,4,6,7,8,7,6,7,7,8,7,7,7,1,1,0.000957953,0.000969,0.00086,0.00081,0.001126,0.001204491,0.001092811,0.001025973,0,0,0.000306,0.000351,0.000308,0.000275,0.000352,0.000455,0.00041,0.000367,0,0.898945751,0.799546248,0.79870335,0.798719681,0.487580712,0.008882612,3.65E-05,0.989561513,0.995986828,1.16E-09,0.995271699,0.004656729,0,0,0,0,0,0,1,1,1,1,0.896269817,0.798548775,0.796683504,0.797073719,0.455976276,0.008881712,3.67E-05,0.989621305,0.9959832,1.16E-09,0.99525624,0.004666376,1,0,0,1,0,0,1,1,1,3,0,7,0,0,0
63,12,11,10,1,1,3,4,0.276163947,0.354174399,0.278787342,0.090874311,0.288689749,0.235661444,0.280012997,0.19563581,1,0,0,0,0,1,6,3,1,0,1,0,0,1,0,0,5,1,63,12,1,2,3,4,4,4,5,5,5,6,7,8,5,2,3,4,4,5,0.074074074,1,2,5,0.476190476,3,NaN,NaN,NaN,,,1,3,1,3,4,3,1,2,3,2,2,6,7,5,7,6,7,5,6,5,7,8,6,3,0.264142056,0.264142,0.264142,0.264142,0.269542,0.269541779,0.269541779,0.269541779,5,4,0.104602,0.104602,0.104602,0.104602,0.114425,0.114425,0.114425,0.114425,11,0.265204455,0.401131423,0.382598477,0.380752563,0.224635982,0.999999997,0.982670512,5.05E-11,2.01E-06,0.007861241,4.87E-10,0.992138759,5,3,1,3,1,0,1,1,0,10,0.230422367,0.63345314,0.226099569,0.23646373,0.209233072,0.999999997,0.982796128,5.06E-11,1.98E-06,0.007866596,5.08E-10,0.992133403,3,3,3,2,1,1,1,1,0,8,3,6,2,0,0
63,13,5,3,0,1,3,3,0.000356273,0.138379797,0.473823147,0.387440783,0.00090283,0.365826623,0.632696695,0.000573852,1,0,0,0,1,0,6,3,1,0,1,0,0,0,0,1,4,1,63,13,1,2,3,4,3,4,2,5,5,6,7,8,3,4,5,1,2,5,0.476190476,3,1,5,0.897435897,4,2782,14406,13979,Laurea triennale,"Scuola secondaria di 2Âº grado (diploma di istruzione liceale, diploma di istruzione tecnica, diploma di istruzione professionale)",2,3,4,3,2,4,3,4,4,3,3,6,7,5,7,6,7,7,6,7,7,6,1,1,0.002904536,0.003386,0.003071,0.003098,0.003666,0.004387326,0.004079551,0.00411772,3,3,0.009316,0.010101,0.009699,0.011409,0.011178,0.012377,0.012055,0.014129,5,0.803572724,0.791407793,0.784124758,0.784125783,0.478914541,0.998385395,0.006090257,0.001579215,0.779298922,3.43E-08,0.005573906,0.994401151,2,1,1,1,0,1,0,1,0,3,0.888883768,0.797116864,0.780978096,0.779674944,0.506287675,0.998386747,0.006140916,0.001579067,0.778527516,3.43E-08,0.005855857,0.994114936,0,1,2,0,1,3,1,1,1,6,2,0,0,1,1
63,14,8,12,0,1,3,5,0.20557902,0.057555859,0.358126423,0.378738697,0.259734398,0.227862202,0.191275779,0.321127622,1,0,0,1,0,0,3,3,1,0,1,0,0,0,0,1,7,1,63,14,1,2,3,4,3,1,5,4,5,6,7,8,2,1,4,5,1,5,0.897435897,4,1,5,1.111111111,4,2978,13149,14592,"Scuola secondaria di 2Âº grado (diploma di istruzione liceale, diploma di istruzione tecnica, diploma di istruzione professionale)","Scuola secondaria di 2Âº grado (diploma di istruzione liceale, diploma di istruzione tecnica, diploma di istruzione professionale)",2,1,1,3,4,3,3,4,3,4,4,5,7,5,7,8,7,6,5,8,6,8,7,4,0.264142056,0.264142,0.264142,0.264142,0.269542,0.269541779,0.269541779,0.269541779,4,4,0.017557,0.110585,0.110585,0.110585,0.018293,0.119837,0.119837,0.119837,8,0.438802917,0.745549133,0.738391919,0.739007494,0.310358776,0.999020557,0.022831591,0.000977739,0.957930728,1.99E-07,0.004282144,0.995717349,4,2,1,2,0,1,0,0,0,12,0.212522085,0.266828746,0.21160206,0.328626244,0.200974572,0.999019597,0.023046114,0.000978759,0.957666643,1.99E-07,0.004234603,0.995764869,6,2,2,3,1,1,1,1,0,3,1,4,0,0,0
63,15,0,0,1,1,3,4,0.915659907,0.071606739,0.010026511,0.002706842,0.915659907,0.071606739,0.010026511,0.002706842,0,0,1,0,0,1,3,3,1,1,1,0,0,1,0,0,2,1,63,15,1,2,3,4,5,5,5,5,5,6,7,8,5,5,5,5,5,5,0,0,5,5,0,0,2877,14865,18972,Scuola secondaria di 1Âº grado (Licenza media),Scuola primaria (Licenza elementare),1,1,1,2,2,3,1,1,1,2,1,5,5,5,6,6,7,5,5,5,6,5,0,0,0.000306152,0.000351,0.000308,0.000275,0.000352,0.000455359,0.000410313,0.000367235,0,0,0.000306,0.000351,0.000308,0.000275,0.000352,0.000455,0.00041,0.000367,0,0.899555009,0.799529066,0.799230456,0.799061092,0.549426574,1,0.999999424,8.38E-15,1.20E-10,0.993718325,1.14E-15,0.006281675,0,0,0,0,0,0,1,1,1,0,0.899296996,0.799380705,0.798929519,0.798925727,0.497488442,1,0.999999429,8.41E-15,1.19E-10,0.993719185,1.03E-15,0.006280815,0,0,0,0,0,0,1,1,1,6,0,6,0,0,0
64,2,0,3,1,1,3,6,0.915659907,0.010026511,0.071606739,0.002706842,0.365826623,0.00090283,0.632696695,0.000573852,0,1,0,0,1,0,3,8,0,0,1,0,0,1,0,0,2,1,64,2,1,2,3,4,5,3,3,2,5,6,7,8,5,3,4,2,2,5,0.487179487,3,2,5,0.476190476,3,2872,10314,12796,Scuola secondaria di 1Âº grado (Licenza media),Scuola secondaria di 1Âº grado (Licenza media),1,1,1,3,2,3,1,1,1,3,1,5,7,5,7,6,7,7,5,7,7,5,1,1,0.002904536,0.003386,0.003071,0.003098,0.003666,0.004387326,0.004079551,0.00411772,0,0,0.000306,0.000351,0.000308,0.000275,0.000352,0.000455,0.00041,0.000367,0,0.899273202,0.799108707,0.798927354,0.798906785,0.591917401,1,0.99997541,6.61E-14,7.31E-09,0.416412904,8.02E-13,0.583587096,0,0,0,0,0,0,1,1,1,3,0.868413001,0.796348159,0.791723486,0.702472402,0.550276124,1,0.999975649,6.63E-14,7.24E-09,0.416515167,7.62E-13,0.583484833,0,1,2,0,1,3,1,1,1,1,0,2,1,0,1
64,3,11,12,0,1,3,5,0.258674979,0.219912942,0.195021764,0.326390314,0.247805497,0.27924078,0.27924078,0.193712943,0,0,1,0,1,0,2,8,0,1,NaN,NaN,NaN,NaN,NaN,NaN,NaN,0,64,3,1,2,3,4,5,5,5,5,5,6,7,8,4,4,5,4,5,5,0,0,4,5,0.058823529,1,2809,13304,13983,"Scuola secondaria di 2Âº grado (diploma di istruzione liceale, diploma di istruzione tecnica, diploma di istruzione professionale)",Scuola secondaria di 1Âº grado (Licenza media),2,3,1,2,4,4,2,4,4,3,1,6,7,8,7,6,7,5,5,7,8,6,7,4,1,1,1,1,1,1,1,1,6,3,0.264142,0.264142,0.264142,0.264142,0.269542,0.269542,0.269542,0.269542,11,0.215570387,0.368574325,0.291755634,0.291895397,0.289913157,0.999868669,0.324426221,0.000125681,0.13810376,4.43E-05,0.000637365,0.999314622,4,2,3,1,0,1,0,0,0,12,0.224663274,0.438631555,0.225898356,0.243977059,0.202581422,0.999868629,0.325693993,0.00012589,0.137735633,4.44E-05,0.000622745,0.999328734,6,1,3,3,1,1,1,1,0,7,0,6,0,0,0
64,4,1,0,0,1,3,3,0.101048593,0.000977198,0.796442413,0.101531796,0.002706842,0.071606739,0.915659907,0.010026511,1,0,0,1,0,0,2,8,0,0,0,0,1,1,0,0,2,1,64,4,1,2,3,4,3,1,5,4,5,6,7,8,2,3,5,4,1,5,0.897435897,4,2,5,0.476190476,3,2987,10075,11625,"Scuola secondaria di 2Âº grado (diploma di istruzione liceale, diploma di istruzione tecnica, diploma di istruzione professionale)","Scuola secondaria di 2Âº grado (diploma di istruzione liceale, diploma di istruzione tecnica, diploma di istruzione professionale)",1,3,1,3,4,3,3,4,3,3,3,6,7,8,7,6,7,7,6,7,7,7,0,0,0.000306152,0.000351,0.000308,0.000275,0.000352,0.000455359,0.000410313,0.000367235,1,1,0.000958,0.000969,0.00086,0.00081,0.001126,0.001204,0.001093,0.001026,1,0.894361884,0.796831422,0.796408222,0.796408301,0.508177338,0.999999232,0.236348855,6.89E-07,0.166301341,9.64E-08,4.48E-06,0.999995407,1,0,0,1,0,0,1,1,1,0,0.899032073,0.799495974,0.798733223,0.79879813,0.487653354,0.999999233,0.237918961,6.89E-07,0.165222698,9.65E-08,4.57E-06,0.999995309,0,0,0,0,0,0,1,1,1,1,0,2,1,0,1
64,5,9,5,0,1,3,4,0.229052511,0.276627877,0.102777717,0.391541896,0.05676463,0.192457305,0.451855707,0.298922358,1,0,0,0,1,0,3,8,0,0,1,0,0,1,0,0,7,1,64,5,1,2,3,4,4,3,4,5,5,6,7,8,4,3,3,2,3,5,0.166666667,2,2,4,0.222222222,2,NaN,NaN,NaN,,,1,1,4,2,4,3,2,2,1,4,4,5,7,8,7,6,8,7,6,8,7,7,3,3,0.002506334,0.021473,0.022494,0.022494,0.002578,0.023612653,0.025096525,0.025096525,4,4,0.104602,0.104602,0.104602,0.104602,0.114425,0.114425,0.114425,0.114425,9,0.274428955,0.62124731,0.492823457,0.492169457,0.248615995,0.99994907,0.814319106,5.02E-05,0.049253476,0.000411706,0.00025051,0.999337766,5,1,2,2,0,1,0,0,0,5,0.632085462,0.752554082,0.745140272,0.754399301,0.268248549,0.999949036,0.815184603,5.03E-05,0.048873209,0.000412022,0.000259259,0.999328699,2,1,1,0,0,0,0,0,0,5,2,7,3,0,1
64,6,9,9,0,1,3,3,0.235913526,0.067152314,0.273221276,0.423712884,0.133956952,0.377904325,0.35418177,0.133956952,0,1,0,0,1,0,7,8,0,0,0,1,0,1,0,0,2,1,64,6,1,2,3,4,4,4,4,5,5,6,7,8,4,3,5,4,4,5,0.058823529,1,3,5,0.166666667,2,2724,11232,12886,Scuola secondaria di 1Âº grado (Licenza media),"Scuola secondaria di 2Âº grado (diploma di istruzione liceale, diploma di istruzione tecnica, diploma di istruzione professionale)",2,3,4,3,4,4,1,1,3,4,4,6,7,8,6,6,8,7,6,5,6,7,5,3,0.048476706,0.048477,0.048477,0.048477,0.050972,0.050971557,0.050971557,0.050971557,4,3,0.104602,0.104602,0.104602,0.104602,0.114425,0.114425,0.114425,0.114425,9,0.394444395,0.729022987,0.69547634,0.696137314,0.373480069,0.981003143,0.000796024,0.018530703,0.241920291,7.02E-08,0.060224144,0.939771455,5,0,2,3,0,1,1,1,0,9,0.253689056,0.603536371,0.369638912,0.387687862,0.237009102,0.980988742,0.000799667,0.018553535,0.241454316,7.06E-08,0.055112826,0.944882818,3,2,2,2,1,1,1,1,0,3,0,8,2,0,1
64,7,2,6,0,1,3,1,0.068357878,0.110330007,0.710982107,0.110330007,0.367489525,0.043704199,0.455087215,0.133719061,0,1,0,1,0,0,4,8,0,0,1,0,0,1,0,0,1,1,64,7,1,2,3,4,1,1,5,1,5,6,7,8,4,3,5,4,1,5,2,4,3,5,0.166666667,2,NaN,NaN,NaN,,,2,3,1,3,2,3,3,4,3,3,3,5,5,5,7,6,7,5,8,7,7,7,4,3,0.019469538,0.01947,0.019672,0.019672,0.021729,0.021728649,0.022186591,0.022186591,2,1,0.002016,0.002034,0.00187,0.001831,0.002227,0.00232,0.002152,0.002088,2,0.840560586,0.784813798,0.772802831,0.772800165,0.496258795,0.999999996,0.9790788,3.60E-09,0.004556038,6.16E-06,3.00E-08,0.999993805,2,0,0,1,0,0,1,1,1,6,0.396686757,0.680666309,0.590943822,0.598655733,0.396886576,0.999999996,0.979278483,3.61E-09,0.004492521,6.17E-06,3.12E-08,0.999993797,3,1,1,2,1,0,1,1,0,5,0,4,0,0,1
64,8,0,0,0,1,3,2,0.002706842,0.010026511,0.071606739,0.915659907,0.010026511,0.071606739,0.915659907,0.002706842,0,0,1,0,1,0,4,8,0,1,0,0,1,1,0,0,6,1,64,8,1,2,3,4,5,5,5,5,5,6,7,8,2,4,5,3,5,5,0,0,2,5,0.476190476,3,3075,14086,12877,"Scuola secondaria di 2Âº grado (diploma di istruzione liceale, diploma di istruzione tecnica, diploma di istruzione professionale)","Scuola secondaria di 2Âº grado (diploma di istruzione liceale, diploma di istruzione tecnica, diploma di istruzione professionale)",2,3,4,3,4,4,3,4,4,4,4,6,7,5,7,6,7,7,6,7,7,7,0,0,0.000306152,0.000351,0.000308,0.000275,0.000352,0.000455359,0.000410313,0.000367235,0,0,0.000306,0.000351,0.000308,0.000275,0.000352,0.000455,0.00041,0.000367,0,0.899657266,0.799910991,0.799788756,0.799791181,0.489622761,0.000805806,1.21E-07,0.997627817,0.998416509,5.35E-14,0.999484418,0.000443708,0,0,0,0,0,0,1,1,1,0,0.898483665,0.79944866,0.795283695,0.794938399,0.500186889,0.000805842,1.22E-07,0.997687119,0.998414528,5.35E-14,0.999478799,0.00044349,0,0,0,0,0,0,1,1,1,6,0,2,1,0,1
64,9,8,8,0,1,3,4,0.00030872,0.235950078,0.336826355,0.426914847,0.236088073,0.336732207,0.426871013,0.000308707,0,1,0,0,1,0,1,8,0,0,1,0,0,0,1,0,5,1,64,9,1,2,3,4,5,5,5,5,5,6,7,8,4,4,4,4,5,5,0,0,4,4,0,0,2863,14682,14740,Scuola secondaria di 1Âº grado (Licenza media),Scuola secondaria di 1Âº grado (Licenza media),2,3,4,2,2,3,3,4,3,4,4,6,7,5,6,6,7,7,5,5,6,7,4,4,0.050472327,0.050472,0.050472,0.050472,0.061277,0.06127748,0.06127748,0.06127748,4,4,0.050472,0.050472,0.050472,0.050472,0.061277,0.061277,0.061277,0.061277,8,0.455695228,0.76215316,0.685832573,0.686239485,0.317576489,0.999157771,0.036418551,0.000840764,0.944611256,5.12E-07,0.003387275,0.99661197,4,2,1,3,1,1,1,1,0,8,0.37482264,0.683254769,0.583568259,0.587540566,0.344947277,0.999157364,0.036722013,0.000841223,0.944260737,5.12E-07,0.003476297,0.99652292,3,1,2,3,1,1,1,1,0,8,0,8,0,0,0
64,10,5,0,0,1,3,2,0.270843519,0.00037131,0.201680056,0.527105115,0.002706842,0.010026511,0.915659907,0.071606739,0,1,0,0,1,0,6,8,0,0,0,0,1,0,1,0,2,1,64,10,1,2,3,4,3,1,4,5,5,6,7,8,3,5,5,5,1,5,0.897435897,4,3,5,0.222222222,2,NaN,NaN,NaN,,,1,3,4,3,4,4,3,4,1,4,4,6,7,8,7,8,7,7,8,7,7,7,0,0,0.000306152,0.000351,0.000308,0.000275,0.000352,0.000455359,0.000410313,0.000367235,2,1,0.009316,0.010101,0.009699,0.011409,0.011178,0.012377,0.012055,0.014129,5,0.875254564,0.796914405,0.789667133,0.789707663,0.448872665,0.119424195,1.61E-05,0.879072206,0.978613537,9.42E-11,0.949606956,0.050324756,2,0,1,1,0,0,1,1,0,0,0.899259628,0.799366178,0.799054432,0.799247696,0.484790148,0.119392887,1.61E-05,0.879157862,0.97859385,9.61E-11,0.948666814,0.051259425,0,0,0,0,0,0,1,1,1,0,0,3,0,1,1
64,11,0,0,1,1,3,3,0.915659907,0.010026511,0.071606739,0.002706842,0.010026511,0.071606739,0.915659907,0.002706842,0,1,0,1,0,0,7,8,0,0,0,1,0,1,0,0,2,1,64,11,1,2,3,4,5,4,4,4,5,6,7,8,4,5,5,4,4,5,0.058823529,1,4,5,0.074074074,1,2790,NaN,NaN,,,1,1,1,3,2,3,1,1,1,3,1,6,7,5,7,6,7,7,6,7,7,7,0,0,0.000306152,0.000351,0.000308,0.000275,0.000352,0.000455359,0.000410313,0.000367235,0,0,0.000306,0.000351,0.000308,0.000275,0.000352,0.000455,0.00041,0.000367,0,0.899273202,0.799108707,0.798927354,0.798906785,0.591917401,1,0.99997541,6.61E-14,7.31E-09,0.416412904,8.02E-13,0.583587096,0,0,0,0,0,0,1,1,1,0,0.898483665,0.79944866,0.795283695,0.794938399,0.500186889,1,0.999975649,6.63E-14,7.24E-09,0.416515167,7.62E-13,0.583484833,0,0,0,0,0,0,1,1,1,3,0,2,0,0,1
64,12,9,7,0,1,3,6,0.093252761,0.327831037,0.230572901,0.348343302,0.058841164,0.335084618,0.20680292,0.399271298,1,0,0,1,0,0,2,8,0,0,NaN,NaN,NaN,NaN,NaN,NaN,NaN,0,64,12,1,2,3,4,4,4,4,4,5,6,7,8,4,4,4,4,4,4,0,0,4,4,0,0,NaN,NaN,NaN,,,2,3,1,2,4,4,2,4,4,2,3,6,5,8,7,8,8,7,6,8,8,6,4,3,0.019469538,0.01947,0.019672,0.019672,0.021729,0.021728649,0.022186591,0.022186591,4,3,0.104602,0.104602,0.104602,0.104602,0.114425,0.114425,0.114425,0.114425,9,0.299032836,0.642658979,0.606536285,0.606424852,0.292730699,0.999820626,0.465678203,0.000174227,0.265534558,7.10E-05,0.000696066,0.999229817,3,2,3,1,0,2,0,0,0,7,0.251868652,0.505905437,0.446698131,0.473287566,0.235034502,0.999820716,0.46722286,0.000174288,0.264491534,7.11E-05,0.000674506,0.999251062,2,2,2,1,1,1,0,0,0,6,0,6,0,0,0
65,7,0,0,0,1,5,4,0.915659907,0.002706842,0.010026511,0.071606739,0.915659907,0.071606739,0.010026511,0.002706842,0,0,1,0,0,1,3,1,1,1,0,0,1,0,0,1,3,1,65,7,1,2,3,4,5,5,5,5,5,6,7,8,5,5,5,5,5,5,0,0,5,5,0,0,3762,13953,16419,Laurea triennale,"Scuola secondaria di 2Âº grado (diploma di istruzione liceale, diploma di istruzione tecnica, diploma di istruzione professionale)",1,1,1,3,4,4,1,1,1,4,1,5,5,5,6,6,7,5,5,5,6,5,0,0,0.000306152,0.000351,0.000308,0.000275,0.000352,0.000455359,0.000410313,0.000367235,0,0,0.000306,0.000351,0.000308,0.000275,0.000352,0.000455,0.00041,0.000367,0,0.896702235,0.795735299,0.792429422,0.79242954,0.500000788,0.999999873,0.914406431,5.03E-08,0.000316807,0.002485474,4.44E-07,0.997514079,0,0,0,0,0,0,1,1,1,0,0.899296996,0.799380705,0.798929519,0.798925727,0.497488442,0.999999874,0.914949431,5.04E-08,0.000315036,0.00248709,3.75E-07,0.997512532,0,0,0,0,0,0,1,1,1,6,0,6,0,0,0
65,8,0,3,0,1,5,5,0.071606739,0.010026511,0.002706842,0.915659907,0.365826623,0.632696695,0.000573852,0.00090283,0,1,0,1,0,0,3,1,1,0,0,0,1,0,0,1,4,1,65,8,1,2,3,4,5,3,2,5,5,6,7,8,5,5,4,4,2,5,0.6,3,4,5,0.074074074,1,NaN,NaN,NaN,,,1,1,4,2,4,4,1,4,4,4,4,6,5,5,6,6,8,6,6,5,6,5,1,1,0.002904536,0.003386,0.003071,0.003098,0.003666,0.004387326,0.004079551,0.00411772,0,0,0.000306,0.000351,0.000308,0.000275,0.000352,0.000455,0.00041,0.000367,0,0.898710787,0.799105215,0.791770666,0.791787816,0.471980926,0.019156145,4.18E-05,0.979300266,0.994068545,9.47E-10,0.990131515,0.009797282,0,0,0,0,0,0,1,1,1,3,0.892504785,0.796018442,0.794674416,0.794679271,0.497996024,0.019154382,4.20E-05,0.979360375,0.994064209,9.49E-10,0.990111482,0.009811534,0,1,2,0,1,3,1,1,1,1,0,2,0,0,0
65,9,6,12,1,1,5,7,0.432441104,0.221031427,0.346208846,0.000318623,0.238516481,0.284450558,0.238516481,0.238516481,1,0,0,0,1,0,6,1,1,0,NaN,NaN,NaN,NaN,NaN,NaN,NaN,0,65,9,1,2,3,4,5,5,4,1,5,6,7,8,4,5,3,4,1,5,0.955555556,4,3,5,0.166666667,2,NaN,NaN,NaN,,,1,3,1,2,2,3,3,1,1,2,1,6,5,5,6,6,8,5,6,7,7,8,7,4,1,1,1,1,1,1,1,1,3,2,0.009316,0.010101,0.009699,0.011409,0.011178,0.012377,0.012055,0.014129,6,0.699402431,0.760431314,0.748708907,0.747997598,0.567864883,1,0.999990834,8.41E-14,7.28E-09,0.646963695,6.05E-13,0.353036305,2,1,1,1,0,0,0,1,0,12,0.216254412,0.33919316,0.22035877,0.274060556,0.202670065,1,0.999990918,8.44E-14,7.22E-09,0.647054409,5.51E-13,0.352945591,5,2,3,3,1,1,1,1,0,1,0,3,0,0,1
65,10,0,0,1,1,5,7,0.071606739,0.915659907,0.002706842,0.010026511,0.010026511,0.915659907,0.071606739,0.002706842,1,0,0,1,0,0,6,1,1,0,NaN,NaN,NaN,NaN,NaN,NaN,NaN,0,65,10,1,2,3,4,5,5,3,4,5,6,7,8,4,5,4,3,3,5,0.215686275,2,3,5,0.166666667,2,3924,13540,15306,Scuola secondaria di 1Âº grado (Licenza media),Scuola primaria (Licenza elementare),2,1,1,2,2,4,2,2,1,2,2,6,7,5,6,6,7,6,6,7,6,6,0,0,0.000306152,0.000351,0.000308,0.000275,0.000352,0.000455359,0.000410313,0.000367235,0,0,0.000306,0.000351,0.000308,0.000275,0.000352,0.000455,0.00041,0.000367,0,0.898465058,0.799027736,0.798302045,0.79063163,0.499681915,1,0.999994396,1.95E-12,8.89E-10,0.997438886,5.27E-14,0.002561114,0,0,0,0,0,0,1,1,1,0,0.897355818,0.798026291,0.797209173,0.797269583,0.508980094,1,0.999994434,1.95E-12,8.79E-10,0.997439193,5.43E-14,0.002560807,0,0,0,0,0,0,1,1,1,1,0,1,0,0,1
65,11,0,0,1,1,5,6,0.915659907,0.071606739,0.010026511,0.002706842,0.071606739,0.915659907,0.002706842,0.010026511,0,0,1,1,0,0,3,1,1,1,0,1,0,1,0,0,3,1,65,11,1,2,3,4,4,5,2,1,5,6,7,8,4,5,1,1,1,5,1.111111111,4,1,5,1.545454545,4,3757,14813,18493,Nessun titolo di studio,Nessun titolo di studio,1,1,1,2,2,3,1,1,1,2,1,6,5,5,6,6,8,6,6,5,6,6,0,0,0.000306152,0.000351,0.000308,0.000275,0.000352,0.000455359,0.000410313,0.000367235,0,0,0.000306,0.000351,0.000308,0.000275,0.000352,0.000455,0.00041,0.000367,0,0.899555009,0.799529066,0.799230456,0.799061092,0.549426574,1,0.999999424,8.38E-15,1.20E-10,0.993718325,1.14E-15,0.006281675,0,0,0,0,0,0,1,1,1,0,0.898982328,0.798860794,0.798608006,0.798633227,0.489002097,1,0.999999429,8.41E-15,1.19E-10,0.993719185,1.03E-15,0.006280815,0,0,0,0,0,0,1,1,1,2,1,1,0,0,1
65,12,0,0,0,1,5,8,0.010026511,0.002706842,0.071606739,0.915659907,0.002706842,0.071606739,0.915659907,0.010026511,0,0,1,1,0,0,6,1,1,1,0,0,1,0,0,1,3,1,65,12,1,2,3,4,4,2,3,5,5,6,7,8,3,5,5,4,2,5,0.476190476,3,3,5,0.215686275,2,3596,13408,13897,"Scuola secondaria di 2Âº grado (diploma di istruzione liceale, diploma di istruzione tecnica, diploma di istruzione professionale)","Scuola secondaria di 2Âº grado (diploma di istruzione liceale, diploma di istruzione tecnica, diploma di istruzione professionale)",1,3,4,3,4,4,3,4,4,4,4,6,7,8,7,6,7,7,6,7,7,7,0,0,0.000306152,0.000351,0.000308,0.000275,0.000352,0.000455359,0.000410313,0.000367235,0,0,0.000306,0.000351,0.000308,0.000275,0.000352,0.000455,0.00041,0.000367,0,0.899577289,0.79989544,0.799435219,0.799437349,0.484898621,0.001001689,1.03E-07,0.997432241,0.998416528,4.11E-14,0.999381237,0.000546896,0,0,0,0,0,0,1,1,1,0,0.899032073,0.799495974,0.798733223,0.79879813,0.487653354,0.001001743,1.04E-07,0.997491513,0.998414546,4.12E-14,0.999375617,0.000546679,0,0,0,0,0,0,1,1,1,2,1,1,0,0,1
65,13,0,0,0,1,5,6,0.010026511,0.002706842,0.071606739,0.915659907,0.002706842,0.071606739,0.915659907,0.010026511,0,0,1,1,0,0,4,1,1,1,0,0,1,0,0,1,4,1,65,13,1,2,3,4,3,2,4,5,5,6,7,8,4,5,5,4,2,5,0.476190476,3,4,5,0.074074074,1,3930,NaN,NaN,"Scuola secondaria di 2Âº grado (diploma di istruzione liceale, diploma di istruzione tecnica, diploma di istruzione professionale)","Scuola secondaria di 2Âº grado (diploma di istruzione liceale, diploma di istruzione tecnica, diploma di istruzione professionale)",1,3,4,3,4,4,3,4,4,4,4,6,7,8,7,6,7,7,6,7,7,7,0,0,0.000306152,0.000351,0.000308,0.000275,0.000352,0.000455359,0.000410313,0.000367235,0,0,0.000306,0.000351,0.000308,0.000275,0.000352,0.000455,0.00041,0.000367,0,0.899577289,0.79989544,0.799435219,0.799437349,0.484898621,0.001001689,1.03E-07,0.997432241,0.998416528,4.11E-14,0.999381237,0.000546896,0,0,0,0,0,0,1,1,1,0,0.899032073,0.799495974,0.798733223,0.79879813,0.487653354,0.001001743,1.04E-07,0.997491513,0.998414546,4.12E-14,0.999375617,0.000546679,0,0,0,0,0,0,1,1,1,0,0,2,0,1,1
65,14,3,12,0,1,5,6,0.232710978,0.187015799,0.000400471,0.579872752,0.192582404,0.322967039,0.229670386,0.254780172,0,1,0,0,1,0,5,1,1,0,NaN,NaN,NaN,NaN,NaN,NaN,NaN,0,65,14,1,2,3,4,4,4,5,4,5,6,7,8,4,1,5,5,4,5,0.058823529,1,1,5,0.955555556,4,3696,14858,16946,"Scuola secondaria di 2Âº grado (diploma di istruzione liceale, diploma di istruzione tecnica, diploma di istruzione professionale)",Scuola secondaria di 1Âº grado (Licenza media),2,1,4,2,4,4,2,4,1,4,4,5,7,8,6,8,7,7,6,5,8,6,7,5,1,1,1,1,1,1,1,1,1,1,0.001107,0.007361,0.006785,0.007864,0.001221,0.009058,0.008537,0.00985,3,0.890171378,0.796512331,0.792407211,0.792486516,0.480972509,0.547951362,0.005489897,0.451258892,0.941744515,1.93E-06,0.688143939,0.31180465,1,0,1,1,0,0,1,1,0,12,0.217764045,0.252107977,0.220585288,0.257405134,0.200947728,0.547838921,0.005508936,0.451399377,0.941706873,1.96E-06,0.683429619,0.316515286,6,2,2,2,0,0,0,0,0,9,3,8,2,0,0
65,15,0,0,1,1,5,2,0.071606739,0.915659907,0.010026511,0.002706842,0.010026511,0.915659907,0.002706842,0.071606739,1,0,0,0,0,1,3,1,1,0,NaN,NaN,NaN,NaN,NaN,NaN,NaN,0,65,15,1,2,3,4,5,5,4,4,5,6,7,8,4,5,4,4,4,5,0.074074074,1,4,5,0.058823529,1,3868,12856,14693,Scuola secondaria di 1Âº grado (Licenza media),Scuola secondaria di 1Âº grado (Licenza media),2,1,1,2,2,3,2,2,1,2,2,6,5,8,6,6,8,6,6,8,6,6,0,0,0.000306152,0.000351,0.000308,0.000275,0.000352,0.000455359,0.000410313,0.000367235,0,0,0.000306,0.000351,0.000308,0.000275,0.000352,0.000455,0.00041,0.000367,0,0.89920837,0.799527005,0.797852205,0.779980765,0.5011577,1,0.99999966,3.51E-14,5.39E-11,0.999042559,5.05E-16,0.000957441,0,0,0,0,0,0,1,1,1,0,0.896326696,0.796122316,0.794633182,0.794786872,0.470434742,1,0.999999663,3.51E-14,5.32E-11,0.999042646,5.41E-16,0.000957354,0,0,0,0,0,0,1,1,1,2,0,3,0,0,1
65,16,8,8,0,1,5,4,0.247614423,0.163378279,0.178102053,0.410905245,0.436140022,0.268212732,0.075777306,0.219869941,1,0,0,1,0,0,4,1,1,0,NaN,NaN,NaN,NaN,NaN,NaN,NaN,0,65,16,1,2,3,4,5,4,4,5,5,6,7,8,5,4,4,5,4,5,0.074074074,1,4,5,0.074074074,1,3746,15651,15790,"Scuola secondaria di 2Âº grado (diploma di istruzione liceale, diploma di istruzione tecnica, diploma di istruzione professionale)",Scuola secondaria di 1Âº grado (Licenza media),1,1,4,2,4,4,2,1,3,4,4,5,5,8,7,8,8,5,6,5,6,5,4,3,0.104602065,0.104602,0.104602,0.104602,0.114425,0.114424833,0.114424833,0.114424833,4,3,0.052765,0.207538,0.207538,0.207538,0.052802,0.213353,0.213353,0.213353,8,0.262885875,0.70282599,0.372999438,0.37394345,0.305523026,0.99517365,0.03079363,0.004737867,0.312607286,1.02E-05,0.016391229,0.983597435,4,0,2,3,0,0,1,1,0,8,0.314271931,0.648289341,0.604186506,0.603856261,0.264454164,0.995169076,0.030929146,0.004744071,0.311982181,1.02E-05,0.014904686,0.985083973,5,1,1,3,1,1,1,1,0,2,0,4,1,0,0
65,17,0,0,0,1,5,6,0.010026511,0.071606739,0.002706842,0.915659907,0.002706842,0.071606739,0.915659907,0.010026511,1,0,0,0,1,0,6,1,1,0,0,1,0,0,0,1,4,1,65,17,1,2,3,4,5,4,3,5,5,6,7,8,3,4,5,4,3,5,0.215686275,2,3,5,0.166666667,2,3776,14108,15389,"Scuola secondaria di 2Âº grado (diploma di istruzione liceale, diploma di istruzione tecnica, diploma di istruzione professionale)",Scuola secondaria di 1Âº grado (Licenza media),2,1,4,2,4,4,2,4,4,4,4,6,7,8,7,6,7,7,6,7,7,7,0,0,0.000306152,0.000351,0.000308,0.000275,0.000352,0.000455359,0.000410313,0.000367235,0,0,0.000306,0.000351,0.000308,0.000275,0.000352,0.000455,0.00041,0.000367,0,0.898945751,0.799546248,0.79870335,0.798719681,0.487580712,0.008882612,3.65E-05,0.989561513,0.995986828,1.16E-09,0.995271699,0.004656729,0,0,0,0,0,0,1,1,1,0,0.899032073,0.799495974,0.798733223,0.79879813,0.487653354,0.008881712,3.67E-05,0.989621305,0.9959832,1.16E-09,0.99525624,0.004666376,0,0,0,0,0,0,1,1,1,3,1,1,0,0,1
65,18,7,7,1,1,5,7,0.319055784,0.306292199,0.00030216,0.374349857,0.43119704,0.297907016,0.060765453,0.210130491,1,0,0,0,1,0,7,1,1,0,NaN,NaN,NaN,NaN,NaN,NaN,NaN,0,65,18,1,2,3,4,4,3,3,4,5,6,7,8,5,5,4,3,3,4,0.095238095,1,3,5,0.215686275,2,3719,14988,15191,Laurea specialistica,"Scuola secondaria di 2Âº grado (diploma di istruzione liceale, diploma di istruzione tecnica, diploma di istruzione professionale)",1,1,1,2,4,4,2,4,1,4,2,5,5,8,6,8,7,5,5,5,6,6,3,3,0.017556646,0.110585,0.110585,0.110585,0.018293,0.119836818,0.119836818,0.119836818,4,3,0.050472,0.050472,0.050472,0.050472,0.061277,0.061277,0.061277,0.061277,7,0.281651078,0.609827997,0.507751238,0.507993874,0.253865146,0.999978321,0.956758953,2.07E-05,0.005323828,0.003812725,0.000100631,0.996085793,2,2,2,2,1,1,1,1,0,7,0.617359152,0.747435188,0.742141492,0.743348329,0.323244552,0.999978339,0.957000647,2.07E-05,0.005288892,0.003815188,9.82E-05,0.99608571,3,2,2,1,0,3,0,0,1,4,0,1,0,0,0
65,19,0,4,0,1,5,4,0.002706842,0.010026511,0.071606739,0.915659907,0.000745539,0.499378285,0.499378285,0.000497891,0,0,1,0,1,0,2,1,1,1,0,0,1,0,0,1,2,1,65,19,1,2,3,4,1,1,3,5,5,6,7,8,1,1,5,1,1,5,1.466666667,4,1,5,2,4,3600,11618,11824,Scuola secondaria di 1Âº grado (Licenza media),"Scuola secondaria di 2Âº grado (diploma di istruzione liceale, diploma di istruzione tecnica, diploma di istruzione professionale)",2,3,4,3,4,4,3,4,4,4,4,6,7,5,7,6,7,6,6,7,6,7,2,2,0.002904536,0.003386,0.003071,0.003098,0.003666,0.004387326,0.004079551,0.00411772,0,0,0.000306,0.000351,0.000308,0.000275,0.000352,0.000455,0.00041,0.000367,0,0.899657266,0.799910991,0.799788756,0.799791181,0.489622761,0.000805806,1.21E-07,0.997627817,0.998416509,5.35E-14,0.999484418,0.000443708,0,0,0,0,0,0,1,1,1,4,0.842411449,0.789090394,0.749975966,0.751222108,0.50608055,0.000805842,1.22E-07,0.997687119,0.998414528,5.35E-14,0.999478799,0.00044349,2,0,2,2,0,3,1,1,1,1,0,4,0,0,1
65,20,0,0,0,1,5,2,0.010026511,0.071606739,0.002706842,0.915659907,0.071606739,0.002706842,0.915659907,0.010026511,0,1,0,0,1,0,5,1,1,0,0,1,0,0,1,0,4,1,65,20,1,2,3,4,3,4,4,5,5,6,7,8,4,3,5,4,3,5,0.166666667,2,3,5,0.166666667,2,3727,13673,17061,"Scuola secondaria di 2Âº grado (diploma di istruzione liceale, diploma di istruzione tecnica, diploma di istruzione professionale)",Scuola secondaria di 1Âº grado (Licenza media),2,1,4,2,4,4,2,4,4,4,4,5,7,5,7,8,7,7,5,7,7,7,0,0,0.000306152,0.000351,0.000308,0.000275,0.000352,0.000455359,0.000410313,0.000367235,0,0,0.000306,0.000351,0.000308,0.000275,0.000352,0.000455,0.00041,0.000367,0,0.898945751,0.799546248,0.79870335,0.798719681,0.487580712,0.008882612,3.65E-05,0.989561513,0.995986828,1.16E-09,0.995271699,0.004656729,0,0,0,0,0,0,1,1,1,0,0.895455717,0.798959481,0.798495248,0.791134676,0.490583768,0.008881712,3.67E-05,0.989621305,0.9959832,1.16E-09,0.99525624,0.004666376,0,0,0,0,0,0,1,1,1,3,1,1,0,0,1
